2024-01-01,00:08:00,D001,ON
2024-01-01,00:08:48,D001,OFF
2024-01-01,00:11:00,M002,ON
2024-01-01,00:11:48,M002,OFF
2024-01-01,00:22:00,M003,ON
2024-01-01,00:22:13,M003,OFF
2024-01-01,00:24:00,D001,ON
2024-01-01,00:24:57,D001,OFF
2024-01-01,00:37:00,M003,ON
2024-01-01,00:37:37,M003,OFF
2024-01-01,00:39:00,M002,ON
2024-01-01,00:39:35,M002,OFF
2024-01-01,00:44:00,M003,ON
2024-01-01,00:44:43,M003,OFF
2024-01-01,01:05:00,M001,ON
2024-01-01,01:05:08,M001,OFF
2024-01-01,01:08:00,M003,ON
2024-01-01,01:08:18,M003,OFF
2024-01-01,01:09:00,M003,ON
2024-01-01,01:09:00,D001,ON
2024-01-01,01:09:13,D001,OFF
2024-01-01,01:09:18,M003,OFF
2024-01-01,01:25:00,M003,ON
2024-01-01,01:25:07,M003,OFF
2024-01-01,01:28:00,M001,ON
2024-01-01,01:28:42,M001,OFF
2024-01-01,01:37:00,M001,ON
2024-01-01,01:37:16,M001,OFF
2024-01-01,01:44:00,M002,ON
2024-01-01,01:44:08,M002,OFF
2024-01-01,01:46:00,M003,ON
2024-01-01,01:46:25,M003,OFF
2024-01-01,01:52:00,M003,ON
2024-01-01,01:52:21,M003,OFF
2024-01-01,02:01:00,I002,ON
2024-01-01,02:02:00,M003,ON
2024-01-01,02:02:29,M003,OFF
2024-01-01,02:06:00,M001,ON
2024-01-01,02:06:00,M002,ON
2024-01-01,02:06:15,M002,OFF
2024-01-01,02:06:56,M001,OFF
2024-01-01,02:07:00,M003,ON
2024-01-01,02:07:20,M003,OFF
2024-01-01,02:10:00,D001,ON
2024-01-01,02:10:51,D001,OFF
2024-01-01,02:13:00,M002,ON
2024-01-01,02:13:55,M002,OFF
2024-01-01,02:15:00,D001,ON
2024-01-01,02:15:05,D001,OFF
2024-01-01,02:18:00,M001,ON
2024-01-01,02:18:06,M001,OFF
2024-01-01,02:23:00,M001,ON
2024-01-01,02:23:48,M001,OFF
2024-01-01,02:44:00,M001,ON
2024-01-01,02:44:35,M001,OFF
2024-01-01,03:01:00,M001,ON
2024-01-01,03:01:59,M001,OFF
2024-01-01,03:10:00,D001,ON
2024-01-01,03:10:09,D001,OFF
2024-01-01,03:18:00,M002,ON
2024-01-01,03:18:28,M002,OFF
2024-01-01,03:20:00,I002,OFF
2024-01-01,03:36:00,M003,ON
2024-01-01,03:36:38,M003,OFF
2024-01-01,03:43:00,M002,ON
2024-01-01,03:43:07,M002,OFF
2024-01-01,03:47:00,D001,ON
2024-01-01,03:47:16,D001,OFF
2024-01-01,04:18:00,M003,ON
2024-01-01,04:18:34,M003,OFF
2024-01-01,04:26:00,D001,ON
2024-01-01,04:26:36,D001,OFF
2024-01-01,04:33:00,D001,ON
2024-01-01,04:33:36,D001,OFF
2024-01-01,04:45:00,M001,ON
2024-01-01,04:45:51,M001,OFF
2024-01-01,04:47:00,M002,ON
2024-01-01,04:47:26,M002,OFF
2024-01-01,05:02:00,I002,ON
2024-01-01,05:03:00,D001,ON
2024-01-01,05:03:16,D001,OFF
2024-01-01,05:12:00,M002,ON
2024-01-01,05:12:36,M002,OFF
2024-01-01,05:13:00,D001,ON
2024-01-01,05:13:06,D001,OFF
2024-01-01,05:21:00,M002,ON
2024-01-01,05:21:51,M002,OFF
2024-01-01,05:33:00,D001,ON
2024-01-01,05:33:29,D001,OFF
2024-01-01,05:38:00,M002,ON
2024-01-01,05:38:18,M002,OFF
2024-01-01,05:49:00,M002,ON
2024-01-01,05:49:56,M002,OFF
2024-01-01,05:51:00,M001,ON
2024-01-01,05:51:10,M001,OFF
2024-01-01,06:07:00,D001,ON
2024-01-01,06:07:11,D001,OFF
2024-01-01,06:15:00,M002,ON
2024-01-01,06:15:40,M002,OFF
2024-01-01,06:18:00,D001,ON
2024-01-01,06:18:00,I002,OFF
2024-01-01,06:18:09,D001,OFF
2024-01-01,06:22:00,D001,ON
2024-01-01,06:22:45,D001,OFF
2024-01-01,06:27:00,M003,ON
2024-01-01,06:27:53,M003,OFF
2024-01-01,06:34:00,D001,ON
2024-01-01,06:34:08,D001,OFF
2024-01-01,06:52:00,M003,ON
2024-01-01,06:52:39,M003,OFF
2024-01-01,06:58:00,D001,ON
2024-01-01,06:58:42,D001,OFF
2024-01-01,07:00:00,M001,ON
2024-01-01,07:00:38,M001,OFF
2024-01-01,07:01:00,M003,ON
2024-01-01,07:01:22,M003,OFF
2024-01-01,07:03:00,M001,ON
2024-01-01,07:03:00,D001,ON
2024-01-01,07:03:10,D001,OFF
2024-01-01,07:03:44,M001,OFF
2024-01-01,07:05:00,M002,ON
2024-01-01,07:05:00,M003,ON
2024-01-01,07:05:00,D001,ON
2024-01-01,07:05:20,M002,OFF
2024-01-01,07:05:24,D001,OFF
2024-01-01,07:05:50,M003,OFF
2024-01-01,07:06:00,M001,ON
2024-01-01,07:06:05,M001,OFF
2024-01-01,07:07:00,M001,ON
2024-01-01,07:07:00,M003,ON
2024-01-01,07:07:21,M003,OFF
2024-01-01,07:07:50,M001,OFF
2024-01-01,07:09:00,M002,ON
2024-01-01,07:09:48,M002,OFF
2024-01-01,07:10:00,D001,ON
2024-01-01,07:10:41,D001,OFF
2024-01-01,07:11:00,D001,ON
2024-01-01,07:11:37,D001,OFF
2024-01-01,07:12:00,D001,ON
2024-01-01,07:12:56,D001,OFF
2024-01-01,07:14:00,M002,ON
2024-01-01,07:14:44,M002,OFF
2024-01-01,07:17:00,M002,ON
2024-01-01,07:17:00,M003,ON
2024-01-01,07:17:22,M003,OFF
2024-01-01,07:17:44,M002,OFF
2024-01-01,07:18:00,D001,ON
2024-01-01,07:18:51,D001,OFF
2024-01-01,07:21:00,M001,ON
2024-01-01,07:21:00,D001,ON
2024-01-01,07:21:09,M001,OFF
2024-01-01,07:21:37,D001,OFF
2024-01-01,07:23:00,M001,ON
2024-01-01,07:23:00,M002,ON
2024-01-01,07:23:49,M001,OFF
2024-01-01,07:23:50,M002,OFF
2024-01-01,07:25:00,M001,ON
2024-01-01,07:25:00,M003,ON
2024-01-01,07:25:00,D001,ON
2024-01-01,07:25:35,M001,OFF
2024-01-01,07:25:40,M003,OFF
2024-01-01,07:25:50,D001,OFF
2024-01-01,07:26:00,M003,ON
2024-01-01,07:26:12,M003,OFF
2024-01-01,07:27:00,M003,ON
2024-01-01,07:27:18,M003,OFF
2024-01-01,07:28:00,M002,ON
2024-01-01,07:28:45,M002,OFF
2024-01-01,07:29:00,M002,ON
2024-01-01,07:29:08,M002,OFF
2024-01-01,07:30:00,M001,ON
2024-01-01,07:30:34,M001,OFF
2024-01-01,07:31:00,M002,ON
2024-01-01,07:31:57,M002,OFF
2024-01-01,07:33:00,M002,ON
2024-01-01,07:33:00,D001,ON
2024-01-01,07:33:17,M002,OFF
2024-01-01,07:33:37,D001,OFF
2024-01-01,07:34:00,M003,ON
2024-01-01,07:34:56,M003,OFF
2024-01-01,07:36:00,M001,ON
2024-01-01,07:36:00,D001,ON
2024-01-01,07:36:10,D001,OFF
2024-01-01,07:36:48,M001,OFF
2024-01-01,07:39:00,D001,ON
2024-01-01,07:39:29,D001,OFF
2024-01-01,07:40:00,M003,ON
2024-01-01,07:40:00,D001,ON
2024-01-01,07:40:06,D001,OFF
2024-01-01,07:40:37,M003,OFF
2024-01-01,07:41:00,M001,ON
2024-01-01,07:41:00,M002,ON
2024-01-01,07:41:07,M001,OFF
2024-01-01,07:41:31,M002,OFF
2024-01-01,07:42:00,M003,ON
2024-01-01,07:42:35,M003,OFF
2024-01-01,07:43:00,M002,ON
2024-01-01,07:43:00,D001,ON
2024-01-01,07:43:49,D001,OFF
2024-01-01,07:43:50,M002,OFF
2024-01-01,07:45:00,M001,ON
2024-01-01,07:45:00,D001,ON
2024-01-01,07:45:15,M001,OFF
2024-01-01,07:45:48,D001,OFF
2024-01-01,07:46:00,M001,ON
2024-01-01,07:46:37,M001,OFF
2024-01-01,07:49:00,M001,ON
2024-01-01,07:49:08,M001,OFF
2024-01-01,07:50:00,M002,ON
2024-01-01,07:50:00,M003,ON
2024-01-01,07:50:00,D001,ON
2024-01-01,07:50:11,D001,OFF
2024-01-01,07:50:18,M003,OFF
2024-01-01,07:50:28,M002,OFF
2024-01-01,07:51:00,M001,ON
2024-01-01,07:51:00,M002,ON
2024-01-01,07:51:15,M002,OFF
2024-01-01,07:51:20,M001,OFF
2024-01-01,07:52:00,M001,ON
2024-01-01,07:52:00,M003,ON
2024-01-01,07:52:00,D001,ON
2024-01-01,07:52:10,M001,OFF
2024-01-01,07:52:11,D001,OFF
2024-01-01,07:52:43,M003,OFF
2024-01-01,07:53:00,M003,ON
2024-01-01,07:53:00,D001,ON
2024-01-01,07:53:26,M003,OFF
2024-01-01,07:53:58,D001,OFF
2024-01-01,07:54:00,M003,ON
2024-01-01,07:54:28,M003,OFF
2024-01-01,07:55:00,M001,ON
2024-01-01,07:55:59,M001,OFF
2024-01-01,07:56:00,M003,ON
2024-01-01,07:56:50,M003,OFF
2024-01-01,07:57:00,M002,ON
2024-01-01,07:57:00,M003,ON
2024-01-01,07:57:00,D001,ON
2024-01-01,07:57:11,M003,OFF
2024-01-01,07:57:18,M002,OFF
2024-01-01,07:57:42,D001,OFF
2024-01-01,08:00:00,M001,ON
2024-01-01,08:00:00,M002,ON
2024-01-01,08:00:00,D001,ON
2024-01-01,08:00:13,M001,OFF
2024-01-01,08:00:41,D001,OFF
2024-01-01,08:00:59,M002,OFF
2024-01-01,08:01:00,D001,ON
2024-01-01,08:01:20,D001,OFF
2024-01-01,08:02:00,D001,ON
2024-01-01,08:02:33,D001,OFF
2024-01-01,08:03:00,M003,ON
2024-01-01,08:03:05,M003,OFF
2024-01-01,08:04:00,D001,ON
2024-01-01,08:04:19,D001,OFF
2024-01-01,08:06:00,D001,ON
2024-01-01,08:06:30,D001,OFF
2024-01-01,08:07:00,M001,ON
2024-01-01,08:07:00,M003,ON
2024-01-01,08:07:08,M003,OFF
2024-01-01,08:07:32,M001,OFF
2024-01-01,08:09:00,M002,ON
2024-01-01,08:09:00,D001,ON
2024-01-01,08:09:39,M002,OFF
2024-01-01,08:09:50,D001,OFF
2024-01-01,08:10:00,M003,ON
2024-01-01,08:10:23,M003,OFF
2024-01-01,08:12:00,M002,ON
2024-01-01,08:12:09,M002,OFF
2024-01-01,08:13:00,M002,ON
2024-01-01,08:13:26,M002,OFF
2024-01-01,08:14:00,M001,ON
2024-01-01,08:14:00,M003,ON
2024-01-01,08:14:00,I002,ON
2024-01-01,08:14:13,M003,OFF
2024-01-01,08:14:19,M001,OFF
2024-01-01,08:15:00,M001,ON
2024-01-01,08:15:59,M001,OFF
2024-01-01,08:17:00,M002,ON
2024-01-01,08:17:50,M002,OFF
2024-01-01,08:18:00,M001,ON
2024-01-01,08:18:00,M002,ON
2024-01-01,08:18:32,M002,OFF
2024-01-01,08:18:40,M001,OFF
2024-01-01,08:19:00,D001,ON
2024-01-01,08:19:19,D001,OFF
2024-01-01,08:20:00,M001,ON
2024-01-01,08:20:34,M001,OFF
2024-01-01,08:21:00,D001,ON
2024-01-01,08:21:58,D001,OFF
2024-01-01,08:22:00,D001,ON
2024-01-01,08:22:30,D001,OFF
2024-01-01,08:24:00,M001,ON
2024-01-01,08:24:00,D001,ON
2024-01-01,08:24:29,M001,OFF
2024-01-01,08:24:56,D001,OFF
2024-01-01,08:27:00,M002,ON
2024-01-01,08:27:57,M002,OFF
2024-01-01,08:28:00,D001,ON
2024-01-01,08:28:42,D001,OFF
2024-01-01,08:30:00,D001,ON
2024-01-01,08:30:15,D001,OFF
2024-01-01,08:31:00,M002,ON
2024-01-01,08:31:00,M003,ON
2024-01-01,08:31:30,M002,OFF
2024-01-01,08:31:59,M003,OFF
2024-01-01,08:32:00,M003,ON
2024-01-01,08:32:23,M003,OFF
2024-01-01,08:33:00,M001,ON
2024-01-01,08:33:00,M003,ON
2024-01-01,08:33:05,M001,OFF
2024-01-01,08:33:51,M003,OFF
2024-01-01,08:34:00,M002,ON
2024-01-01,08:34:08,M002,OFF
2024-01-01,08:35:00,M001,ON
2024-01-01,08:35:34,M001,OFF
2024-01-01,08:36:00,M002,ON
2024-01-01,08:36:00,I001,ON
2024-01-01,08:36:09,M002,OFF
2024-01-01,08:37:00,D001,ON
2024-01-01,08:37:06,D001,OFF
2024-01-01,08:38:00,M002,ON
2024-01-01,08:38:00,D001,ON
2024-01-01,08:38:08,M002,OFF
2024-01-01,08:38:38,D001,OFF
2024-01-01,08:39:00,D001,ON
2024-01-01,08:39:06,D001,OFF
2024-01-01,08:41:00,M001,ON
2024-01-01,08:41:00,M002,ON
2024-01-01,08:41:00,M003,ON
2024-01-01,08:41:08,M002,OFF
2024-01-01,08:41:17,M001,OFF
2024-01-01,08:41:39,M003,OFF
2024-01-01,08:42:00,M001,ON
2024-01-01,08:42:00,D001,ON
2024-01-01,08:42:24,M001,OFF
2024-01-01,08:42:49,D001,OFF
2024-01-01,08:43:00,D001,ON
2024-01-01,08:43:20,D001,OFF
2024-01-01,08:44:00,M001,ON
2024-01-01,08:44:00,D001,ON
2024-01-01,08:44:21,M001,OFF
2024-01-01,08:44:40,D001,OFF
2024-01-01,08:45:00,M001,ON
2024-01-01,08:45:05,M001,OFF
2024-01-01,08:46:00,D001,ON
2024-01-01,08:46:12,D001,OFF
2024-01-01,08:48:00,M002,ON
2024-01-01,08:48:00,M003,ON
2024-01-01,08:48:20,M002,OFF
2024-01-01,08:48:49,M003,OFF
2024-01-01,08:49:00,M001,ON
2024-01-01,08:49:00,M002,ON
2024-01-01,08:49:13,M001,OFF
2024-01-01,08:49:43,M002,OFF
2024-01-01,08:50:00,M003,ON
2024-01-01,08:50:56,M003,OFF
2024-01-01,08:52:00,M002,ON
2024-01-01,08:52:00,D001,ON
2024-01-01,08:52:13,D001,OFF
2024-01-01,08:52:57,M002,OFF
2024-01-01,08:53:00,M002,ON
2024-01-01,08:53:15,M002,OFF
2024-01-01,08:55:00,M001,ON
2024-01-01,08:55:12,M001,OFF
2024-01-01,08:56:00,M001,ON
2024-01-01,08:56:00,M002,ON
2024-01-01,08:56:00,M003,ON
2024-01-01,08:56:30,M002,OFF
2024-01-01,08:56:37,M003,OFF
2024-01-01,08:56:56,M001,OFF
2024-01-01,08:57:00,M003,ON
2024-01-01,08:57:00,D001,ON
2024-01-01,08:57:15,M003,OFF
2024-01-01,08:57:45,D001,OFF
2024-01-01,08:58:00,M001,ON
2024-01-01,08:58:58,M001,OFF
2024-01-01,08:59:00,M003,ON
2024-01-01,08:59:00,I002,OFF
2024-01-01,08:59:28,M003,OFF
2024-01-01,09:00:00,M001,ON
2024-01-01,09:00:29,M001,OFF
2024-01-01,09:01:00,M003,ON
2024-01-01,09:01:00,D001,ON
2024-01-01,09:01:25,M003,OFF
2024-01-01,09:01:43,D001,OFF
2024-01-01,09:02:00,D001,ON
2024-01-01,09:02:32,D001,OFF
2024-01-01,09:05:00,D001,ON
2024-01-01,09:05:25,D001,OFF
2024-01-01,09:06:00,M002,ON
2024-01-01,09:06:00,I001,OFF
2024-01-01,09:06:29,M002,OFF
2024-01-01,09:08:00,M001,ON
2024-01-01,09:08:35,M001,OFF
2024-01-01,09:09:00,M003,ON
2024-01-01,09:09:42,M003,OFF
2024-01-01,09:10:00,M001,ON
2024-01-01,09:10:00,M003,ON
2024-01-01,09:10:09,M001,OFF
2024-01-01,09:10:43,M003,OFF
2024-01-01,09:12:00,M002,ON
2024-01-01,09:12:00,M003,ON
2024-01-01,09:12:33,M003,OFF
2024-01-01,09:12:34,M002,OFF
2024-01-01,09:13:00,M002,ON
2024-01-01,09:13:08,M002,OFF
2024-01-01,09:14:00,M001,ON
2024-01-01,09:14:00,M003,ON
2024-01-01,09:14:51,M001,OFF
2024-01-01,09:14:52,M003,OFF
2024-01-01,09:15:00,M003,ON
2024-01-01,09:15:00,D001,ON
2024-01-01,09:15:13,D001,OFF
2024-01-01,09:15:53,M003,OFF
2024-01-01,09:16:00,M001,ON
2024-01-01,09:16:00,D001,ON
2024-01-01,09:16:07,D001,OFF
2024-01-01,09:16:35,M001,OFF
2024-01-01,09:18:00,M002,ON
2024-01-01,09:18:00,M003,ON
2024-01-01,09:18:07,M002,OFF
2024-01-01,09:18:13,M003,OFF
2024-01-01,09:19:00,M001,ON
2024-01-01,09:19:00,I001,ON
2024-01-01,09:19:59,M001,OFF
2024-01-01,09:24:00,M001,ON
2024-01-01,09:24:00,M003,ON
2024-01-01,09:24:32,M003,OFF
2024-01-01,09:24:38,M001,OFF
2024-01-01,09:26:00,M002,ON
2024-01-01,09:26:38,M002,OFF
2024-01-01,09:28:00,D001,ON
2024-01-01,09:28:40,D001,OFF
2024-01-01,09:29:00,M003,ON
2024-01-01,09:29:37,M003,OFF
2024-01-01,09:30:00,M001,ON
2024-01-01,09:30:00,D001,ON
2024-01-01,09:30:25,M001,OFF
2024-01-01,09:30:58,D001,OFF
2024-01-01,09:31:00,M003,ON
2024-01-01,09:31:05,M003,OFF
2024-01-01,09:32:00,D001,ON
2024-01-01,09:32:12,D001,OFF
2024-01-01,09:33:00,M002,ON
2024-01-01,09:33:23,M002,OFF
2024-01-01,09:37:00,M001,ON
2024-01-01,09:37:17,M001,OFF
2024-01-01,09:38:00,M002,ON
2024-01-01,09:38:21,M002,OFF
2024-01-01,09:40:00,D001,ON
2024-01-01,09:40:19,D001,OFF
2024-01-01,09:42:00,M001,ON
2024-01-01,09:42:00,M003,ON
2024-01-01,09:42:00,D001,ON
2024-01-01,09:42:07,M001,OFF
2024-01-01,09:42:12,D001,OFF
2024-01-01,09:42:32,M003,OFF
2024-01-01,09:44:00,M002,ON
2024-01-01,09:44:51,M002,OFF
2024-01-01,09:46:00,M001,ON
2024-01-01,09:46:00,M002,ON
2024-01-01,09:46:22,M001,OFF
2024-01-01,09:46:46,M002,OFF
2024-01-01,09:47:00,M002,ON
2024-01-01,09:47:58,M002,OFF
2024-01-01,09:48:00,M002,ON
2024-01-01,09:48:29,M002,OFF
2024-01-01,09:49:00,M003,ON
2024-01-01,09:49:07,M003,OFF
2024-01-01,09:50:00,M001,ON
2024-01-01,09:50:00,D001,ON
2024-01-01,09:50:13,D001,OFF
2024-01-01,09:50:32,M001,OFF
2024-01-01,09:51:00,M003,ON
2024-01-01,09:51:00,D001,ON
2024-01-01,09:51:18,M003,OFF
2024-01-01,09:51:28,D001,OFF
2024-01-01,09:54:00,M001,ON
2024-01-01,09:54:00,M003,ON
2024-01-01,09:54:00,D001,ON
2024-01-01,09:54:28,M003,OFF
2024-01-01,09:54:37,D001,OFF
2024-01-01,09:54:59,M001,OFF
2024-01-01,09:55:00,M002,ON
2024-01-01,09:55:00,D001,ON
2024-01-01,09:55:24,M002,OFF
2024-01-01,09:55:48,D001,OFF
2024-01-01,09:56:00,M002,ON
2024-01-01,09:56:00,M003,ON
2024-01-01,09:56:07,M003,OFF
2024-01-01,09:56:34,M002,OFF
2024-01-01,09:57:00,M002,ON
2024-01-01,09:57:00,M003,ON
2024-01-01,09:57:28,M002,OFF
2024-01-01,09:57:41,M003,OFF
2024-01-01,10:13:00,M001,ON
2024-01-01,10:13:23,M001,OFF
2024-01-01,10:19:00,M002,ON
2024-01-01,10:19:46,M002,OFF
2024-01-01,10:23:00,M001,ON
2024-01-01,10:23:48,M001,OFF
2024-01-01,10:25:00,D001,ON
2024-01-01,10:25:13,D001,OFF
2024-01-01,10:45:00,M002,ON
2024-01-01,10:45:57,M002,OFF
2024-01-01,10:58:00,M003,ON
2024-01-01,10:58:49,M003,OFF
2024-01-01,11:08:00,M003,ON
2024-01-01,11:08:27,M003,OFF
2024-01-01,11:09:00,D001,ON
2024-01-01,11:09:07,D001,OFF
2024-01-01,11:10:00,M001,ON
2024-01-01,11:10:26,M001,OFF
2024-01-01,11:11:00,D001,ON
2024-01-01,11:11:27,D001,OFF
2024-01-01,11:13:00,M002,ON
2024-01-01,11:13:54,M002,OFF
2024-01-01,11:22:00,M003,ON
2024-01-01,11:22:46,M003,OFF
2024-01-01,11:26:00,D001,ON
2024-01-01,11:26:23,D001,OFF
2024-01-01,11:28:00,M001,ON
2024-01-01,11:28:35,M001,OFF
2024-01-01,11:37:00,D001,ON
2024-01-01,11:37:30,D001,OFF
2024-01-01,11:41:00,M002,ON
2024-01-01,11:41:57,M002,OFF
2024-01-01,11:48:00,M002,ON
2024-01-01,11:48:06,M002,OFF
2024-01-01,11:52:00,M001,ON
2024-01-01,11:52:37,M001,OFF
2024-01-01,11:54:00,M003,ON
2024-01-01,11:54:00,D001,ON
2024-01-01,11:54:20,M003,OFF
2024-01-01,11:54:42,D001,OFF
2024-01-01,11:56:00,M002,ON
2024-01-01,11:56:33,M002,OFF
2024-01-01,11:59:00,D001,ON
2024-01-01,11:59:12,D001,OFF
2024-01-01,12:00:00,D001,ON
2024-01-01,12:00:51,D001,OFF
2024-01-01,12:02:00,M001,ON
2024-01-01,12:02:00,D001,ON
2024-01-01,12:02:14,D001,OFF
2024-01-01,12:02:37,M001,OFF
2024-01-01,12:03:00,M002,ON
2024-01-01,12:03:56,M002,OFF
2024-01-01,12:05:00,M003,ON
2024-01-01,12:05:32,M003,OFF
2024-01-01,12:06:00,M003,ON
2024-01-01,12:06:05,M003,OFF
2024-01-01,12:07:00,M003,ON
2024-01-01,12:07:19,M003,OFF
2024-01-01,12:08:00,M001,ON
2024-01-01,12:08:00,M003,ON
2024-01-01,12:08:26,M003,OFF
2024-01-01,12:08:30,M001,OFF
2024-01-01,12:09:00,M003,ON
2024-01-01,12:09:37,M003,OFF
2024-01-01,12:10:00,M002,ON
2024-01-01,12:10:00,M003,ON
2024-01-01,12:10:11,M002,OFF
2024-01-01,12:10:34,M003,OFF
2024-01-01,12:11:00,D001,ON
2024-01-01,12:11:27,D001,OFF
2024-01-01,12:13:00,M002,ON
2024-01-01,12:13:00,M003,ON
2024-01-01,12:13:00,D001,ON
2024-01-01,12:13:10,M002,OFF
2024-01-01,12:13:25,M003,OFF
2024-01-01,12:13:27,D001,OFF
2024-01-01,12:15:00,M002,ON
2024-01-01,12:15:59,M002,OFF
2024-01-01,12:16:00,M002,ON
2024-01-01,12:16:00,D001,ON
2024-01-01,12:16:25,M002,OFF
2024-01-01,12:16:43,D001,OFF
2024-01-01,12:17:00,M001,ON
2024-01-01,12:17:00,M003,ON
2024-01-01,12:17:35,M001,OFF
2024-01-01,12:17:41,M003,OFF
2024-01-01,12:18:00,M002,ON
2024-01-01,12:18:00,D001,ON
2024-01-01,12:18:25,D001,OFF
2024-01-01,12:18:43,M002,OFF
2024-01-01,12:19:00,M002,ON
2024-01-01,12:19:42,M002,OFF
2024-01-01,12:21:00,M003,ON
2024-01-01,12:21:00,D001,ON
2024-01-01,12:21:12,D001,OFF
2024-01-01,12:21:42,M003,OFF
2024-01-01,12:23:00,D001,ON
2024-01-01,12:23:58,D001,OFF
2024-01-01,12:25:00,M001,ON
2024-01-01,12:25:00,D001,ON
2024-01-01,12:25:31,M001,OFF
2024-01-01,12:25:35,D001,OFF
2024-01-01,12:26:00,M002,ON
2024-01-01,12:26:39,M002,OFF
2024-01-01,12:28:00,M003,ON
2024-01-01,12:28:00,D001,ON
2024-01-01,12:28:00,I001,OFF
2024-01-01,12:28:35,D001,OFF
2024-01-01,12:28:39,M003,OFF
2024-01-01,12:29:00,M001,ON
2024-01-01,12:29:16,M001,OFF
2024-01-01,12:30:00,D001,ON
2024-01-01,12:30:42,D001,OFF
2024-01-01,12:31:00,M002,ON
2024-01-01,12:31:00,D001,ON
2024-01-01,12:31:11,M002,OFF
2024-01-01,12:31:20,D001,OFF
2024-01-01,12:32:00,M001,ON
2024-01-01,12:32:42,M001,OFF
2024-01-01,12:33:00,M002,ON
2024-01-01,12:33:00,M003,ON
2024-01-01,12:33:21,M003,OFF
2024-01-01,12:33:29,M002,OFF
2024-01-01,12:34:00,M001,ON
2024-01-01,12:34:00,M002,ON
2024-01-01,12:34:12,M002,OFF
2024-01-01,12:34:27,M001,OFF
2024-01-01,12:36:00,M003,ON
2024-01-01,12:36:28,M003,OFF
2024-01-01,12:38:00,M003,ON
2024-01-01,12:38:44,M003,OFF
2024-01-01,12:39:00,M001,ON
2024-01-01,12:39:00,M003,ON
2024-01-01,12:39:09,M001,OFF
2024-01-01,12:39:24,M003,OFF
2024-01-01,12:40:00,M001,ON
2024-01-01,12:40:00,D001,ON
2024-01-01,12:40:23,D001,OFF
2024-01-01,12:40:51,M001,OFF
2024-01-01,12:41:00,M003,ON
2024-01-01,12:41:47,M003,OFF
2024-01-01,12:43:00,M003,ON
2024-01-01,12:43:00,D001,ON
2024-01-01,12:43:21,D001,OFF
2024-01-01,12:43:23,M003,OFF
2024-01-01,12:44:00,M003,ON
2024-01-01,12:44:00,D001,ON
2024-01-01,12:44:33,D001,OFF
2024-01-01,12:44:40,M003,OFF
2024-01-01,12:45:00,M001,ON
2024-01-01,12:45:00,M002,ON
2024-01-01,12:45:18,M002,OFF
2024-01-01,12:45:29,M001,OFF
2024-01-01,12:46:00,M003,ON
2024-01-01,12:46:34,M003,OFF
2024-01-01,12:48:00,M001,ON
2024-01-01,12:48:00,D001,ON
2024-01-01,12:48:00,I002,ON
2024-01-01,12:48:35,M001,OFF
2024-01-01,12:48:44,D001,OFF
2024-01-01,12:49:00,M001,ON
2024-01-01,12:49:00,M002,ON
2024-01-01,12:49:28,M002,OFF
2024-01-01,12:49:31,M001,OFF
2024-01-01,12:51:00,M001,ON
2024-01-01,12:51:00,M003,ON
2024-01-01,12:51:12,M001,OFF
2024-01-01,12:51:42,M003,OFF
2024-01-01,12:52:00,M001,ON
2024-01-01,12:52:59,M001,OFF
2024-01-01,12:53:00,M001,ON
2024-01-01,12:53:15,M001,OFF
2024-01-01,12:55:00,M002,ON
2024-01-01,12:55:17,M002,OFF
2024-01-01,12:58:00,D001,ON
2024-01-01,12:58:00,I001,ON
2024-01-01,12:58:18,D001,OFF
2024-01-01,12:59:00,M001,ON
2024-01-01,12:59:05,M001,OFF
2024-01-01,13:00:00,M001,ON
2024-01-01,13:00:00,M003,ON
2024-01-01,13:00:00,D001,ON
2024-01-01,13:00:46,M003,OFF
2024-01-01,13:00:47,D001,OFF
2024-01-01,13:00:53,M001,OFF
2024-01-01,13:01:00,M001,ON
2024-01-01,13:01:00,I001,OFF
2024-01-01,13:01:52,M001,OFF
2024-01-01,13:03:00,M002,ON
2024-01-01,13:03:09,M002,OFF
2024-01-01,13:05:00,M003,ON
2024-01-01,13:05:55,M003,OFF
2024-01-01,13:06:00,M002,ON
2024-01-01,13:06:37,M002,OFF
2024-01-01,13:10:00,M001,ON
2024-01-01,13:10:48,M001,OFF
2024-01-01,13:14:00,M002,ON
2024-01-01,13:14:11,M002,OFF
2024-01-01,13:15:00,M002,ON
2024-01-01,13:15:18,M002,OFF
2024-01-01,13:16:00,D001,ON
2024-01-01,13:16:37,D001,OFF
2024-01-01,13:17:00,M002,ON
2024-01-01,13:17:00,D001,ON
2024-01-01,13:17:18,D001,OFF
2024-01-01,13:17:56,M002,OFF
2024-01-01,13:18:00,M001,ON
2024-01-01,13:18:00,M003,ON
2024-01-01,13:18:00,D001,ON
2024-01-01,13:18:13,M003,OFF
2024-01-01,13:18:23,D001,OFF
2024-01-01,13:18:43,M001,OFF
2024-01-01,13:19:00,M001,ON
2024-01-01,13:19:00,D001,ON
2024-01-01,13:19:05,M001,OFF
2024-01-01,13:19:14,D001,OFF
2024-01-01,13:20:00,M003,ON
2024-01-01,13:20:22,M003,OFF
2024-01-01,13:21:00,M001,ON
2024-01-01,13:21:00,M002,ON
2024-01-01,13:21:22,M002,OFF
2024-01-01,13:21:40,M001,OFF
2024-01-01,13:22:00,M002,ON
2024-01-01,13:22:29,M002,OFF
2024-01-01,13:23:00,M001,ON
2024-01-01,13:23:00,M002,ON
2024-01-01,13:23:05,M001,OFF
2024-01-01,13:23:57,M002,OFF
2024-01-01,13:24:00,M002,ON
2024-01-01,13:24:00,M003,ON
2024-01-01,13:24:30,M002,OFF
2024-01-01,13:24:40,M003,OFF
2024-01-01,13:25:00,M002,ON
2024-01-01,13:25:00,D001,ON
2024-01-01,13:25:29,M002,OFF
2024-01-01,13:25:58,D001,OFF
2024-01-01,13:28:00,M002,ON
2024-01-01,13:28:00,M003,ON
2024-01-01,13:28:00,D001,ON
2024-01-01,13:28:44,M002,OFF
2024-01-01,13:28:51,M003,OFF
2024-01-01,13:28:51,D001,OFF
2024-01-01,13:29:00,M001,ON
2024-01-01,13:29:00,M002,ON
2024-01-01,13:29:25,M001,OFF
2024-01-01,13:29:54,M002,OFF
2024-01-01,13:30:00,M003,ON
2024-01-01,13:30:00,D001,ON
2024-01-01,13:30:13,M003,OFF
2024-01-01,13:30:59,D001,OFF
2024-01-01,13:31:00,M002,ON
2024-01-01,13:31:00,D001,ON
2024-01-01,13:31:28,D001,OFF
2024-01-01,13:31:54,M002,OFF
2024-01-01,13:32:00,D001,ON
2024-01-01,13:32:35,D001,OFF
2024-01-01,13:33:00,M001,ON
2024-01-01,13:33:14,M001,OFF
2024-01-01,13:35:00,M001,ON
2024-01-01,13:35:00,M002,ON
2024-01-01,13:35:26,M001,OFF
2024-01-01,13:35:31,M002,OFF
2024-01-01,13:36:00,M002,ON
2024-01-01,13:36:52,M002,OFF
2024-01-01,13:39:00,M002,ON
2024-01-01,13:39:56,M002,OFF
2024-01-01,13:40:00,D001,ON
2024-01-01,13:40:28,D001,OFF
2024-01-01,13:41:00,M001,ON
2024-01-01,13:41:38,M001,OFF
2024-01-01,13:43:00,M002,ON
2024-01-01,13:43:47,M002,OFF
2024-01-01,13:44:00,D001,ON
2024-01-01,13:44:55,D001,OFF
2024-01-01,13:47:00,M001,ON
2024-01-01,13:47:00,M002,ON
2024-01-01,13:47:00,M003,ON
2024-01-01,13:47:24,M003,OFF
2024-01-01,13:47:31,M002,OFF
2024-01-01,13:47:59,M001,OFF
2024-01-01,13:48:00,D001,ON
2024-01-01,13:48:05,D001,OFF
2024-01-01,13:49:00,D001,ON
2024-01-01,13:49:53,D001,OFF
2024-01-01,13:50:00,M002,ON
2024-01-01,13:50:00,M003,ON
2024-01-01,13:50:00,D001,ON
2024-01-01,13:50:00,I001,ON
2024-01-01,13:50:07,D001,OFF
2024-01-01,13:50:23,M002,OFF
2024-01-01,13:50:54,M003,OFF
2024-01-01,13:51:00,D001,ON
2024-01-01,13:51:18,D001,OFF
2024-01-01,13:52:00,M001,ON
2024-01-01,13:52:42,M001,OFF
2024-01-01,13:53:00,M001,ON
2024-01-01,13:53:14,M001,OFF
2024-01-01,13:54:00,M003,ON
2024-01-01,13:54:00,D001,ON
2024-01-01,13:54:00,I002,OFF
2024-01-01,13:54:21,D001,OFF
2024-01-01,13:54:42,M003,OFF
2024-01-01,13:55:00,M001,ON
2024-01-01,13:55:00,M003,ON
2024-01-01,13:55:30,M001,OFF
2024-01-01,13:55:45,M003,OFF
2024-01-01,13:57:00,M001,ON
2024-01-01,13:57:00,M002,ON
2024-01-01,13:57:00,M003,ON
2024-01-01,13:57:00,D001,ON
2024-01-01,13:57:09,M001,OFF
2024-01-01,13:57:23,M002,OFF
2024-01-01,13:57:28,D001,OFF
2024-01-01,13:57:35,M003,OFF
2024-01-01,13:58:00,M001,ON
2024-01-01,13:58:00,M002,ON
2024-01-01,13:58:10,M002,OFF
2024-01-01,13:58:31,M001,OFF
2024-01-01,13:59:00,M003,ON
2024-01-01,13:59:00,D001,ON
2024-01-01,13:59:17,M003,OFF
2024-01-01,13:59:43,D001,OFF
2024-01-01,14:10:00,D001,ON
2024-01-01,14:10:29,D001,OFF
2024-01-01,14:29:00,M002,ON
2024-01-01,14:29:12,M002,OFF
2024-01-01,14:30:00,M002,ON
2024-01-01,14:30:57,M002,OFF
2024-01-01,14:39:00,I002,ON
2024-01-01,14:49:00,D001,ON
2024-01-01,14:49:10,D001,OFF
2024-01-01,14:58:00,M003,ON
2024-01-01,14:58:57,M003,OFF
2024-01-01,15:03:00,D001,ON
2024-01-01,15:03:53,D001,OFF
2024-01-01,15:09:00,D001,ON
2024-01-01,15:09:38,D001,OFF
2024-01-01,15:13:00,D001,ON
2024-01-01,15:13:46,D001,OFF
2024-01-01,15:24:00,M002,ON
2024-01-01,15:24:08,M002,OFF
2024-01-01,15:28:00,M003,ON
2024-01-01,15:28:42,M003,OFF
2024-01-01,15:41:00,M001,ON
2024-01-01,15:41:43,M001,OFF
2024-01-01,15:42:00,D001,ON
2024-01-01,15:42:20,D001,OFF
2024-01-01,15:49:00,M001,ON
2024-01-01,15:49:40,M001,OFF
2024-01-01,15:52:00,M003,ON
2024-01-01,15:52:12,M003,OFF
2024-01-01,15:56:00,M001,ON
2024-01-01,15:56:46,M001,OFF
2024-01-01,16:07:00,M003,ON
2024-01-01,16:07:14,M003,OFF
2024-01-01,16:12:00,M001,ON
2024-01-01,16:12:39,M001,OFF
2024-01-01,16:14:00,M002,ON
2024-01-01,16:14:25,M002,OFF
2024-01-01,16:17:00,M001,ON
2024-01-01,16:17:07,M001,OFF
2024-01-01,16:18:00,D001,ON
2024-01-01,16:18:11,D001,OFF
2024-01-01,16:24:00,I001,OFF
2024-01-01,16:26:00,M001,ON
2024-01-01,16:26:36,M001,OFF
2024-01-01,16:31:00,M002,ON
2024-01-01,16:31:21,M002,OFF
2024-01-01,16:39:00,M003,ON
2024-01-01,16:39:56,M003,OFF
2024-01-01,16:45:00,M001,ON
2024-01-01,16:45:14,M001,OFF
2024-01-01,16:49:00,M002,ON
2024-01-01,16:49:00,M003,ON
2024-01-01,16:49:48,M002,OFF
2024-01-01,16:49:49,M003,OFF
2024-01-01,16:50:00,M001,ON
2024-01-01,16:50:30,M001,OFF
2024-01-01,17:11:00,M003,ON
2024-01-01,17:11:09,M003,OFF
2024-01-01,17:12:00,D001,ON
2024-01-01,17:12:33,D001,OFF
2024-01-01,17:15:00,M001,ON
2024-01-01,17:15:20,M001,OFF
2024-01-01,17:25:00,M003,ON
2024-01-01,17:25:11,M003,OFF
2024-01-01,17:26:00,D001,ON
2024-01-01,17:26:41,D001,OFF
2024-01-01,17:41:00,D001,ON
2024-01-01,17:41:29,D001,OFF
2024-01-01,17:45:00,M003,ON
2024-01-01,17:45:32,M003,OFF
2024-01-01,17:47:00,M003,ON
2024-01-01,17:47:44,M003,OFF
2024-01-01,17:50:00,M003,ON
2024-01-01,17:50:43,M003,OFF
2024-01-01,17:51:00,M003,ON
2024-01-01,17:51:50,M003,OFF
2024-01-01,17:56:00,D001,ON
2024-01-01,17:56:10,D001,OFF
2024-01-01,18:00:00,M001,ON
2024-01-01,18:00:00,D001,ON
2024-01-01,18:00:23,D001,OFF
2024-01-01,18:00:30,M001,OFF
2024-01-01,18:01:00,M003,ON
2024-01-01,18:01:00,D001,ON
2024-01-01,18:01:30,M003,OFF
2024-01-01,18:01:39,D001,OFF
2024-01-01,18:03:00,D001,ON
2024-01-01,18:03:52,D001,OFF
2024-01-01,18:04:00,M001,ON
2024-01-01,18:04:18,M001,OFF
2024-01-01,18:05:00,M002,ON
2024-01-01,18:05:00,D001,ON
2024-01-01,18:05:20,M002,OFF
2024-01-01,18:05:55,D001,OFF
2024-01-01,18:06:00,M003,ON
2024-01-01,18:06:00,D001,ON
2024-01-01,18:06:37,M003,OFF
2024-01-01,18:06:57,D001,OFF
2024-01-01,18:07:00,D001,ON
2024-01-01,18:07:10,D001,OFF
2024-01-01,18:08:00,M003,ON
2024-01-01,18:08:24,M003,OFF
2024-01-01,18:09:00,M001,ON
2024-01-01,18:09:48,M001,OFF
2024-01-01,18:15:00,M002,ON
2024-01-01,18:15:00,M003,ON
2024-01-01,18:15:11,M002,OFF
2024-01-01,18:15:35,M003,OFF
2024-01-01,18:17:00,M002,ON
2024-01-01,18:17:00,D001,ON
2024-01-01,18:17:20,D001,OFF
2024-01-01,18:17:39,M002,OFF
2024-01-01,18:18:00,M002,ON
2024-01-01,18:18:11,M002,OFF
2024-01-01,18:19:00,M001,ON
2024-01-01,18:19:00,D001,ON
2024-01-01,18:19:11,M001,OFF
2024-01-01,18:19:40,D001,OFF
2024-01-01,18:21:00,M001,ON
2024-01-01,18:21:52,M001,OFF
2024-01-01,18:22:00,D001,ON
2024-01-01,18:22:38,D001,OFF
2024-01-01,18:24:00,M002,ON
2024-01-01,18:24:00,D001,ON
2024-01-01,18:24:17,M002,OFF
2024-01-01,18:24:17,D001,OFF
2024-01-01,18:25:00,M001,ON
2024-01-01,18:25:11,M001,OFF
2024-01-01,18:27:00,M001,ON
2024-01-01,18:27:00,M002,ON
2024-01-01,18:27:28,M001,OFF
2024-01-01,18:27:32,M002,OFF
2024-01-01,18:30:00,M001,ON
2024-01-01,18:30:00,M002,ON
2024-01-01,18:30:00,D001,ON
2024-01-01,18:30:13,M002,OFF
2024-01-01,18:30:17,M001,OFF
2024-01-01,18:30:52,D001,OFF
2024-01-01,18:35:00,M001,ON
2024-01-01,18:35:38,M001,OFF
2024-01-01,18:37:00,M002,ON
2024-01-01,18:37:53,M002,OFF
2024-01-01,18:39:00,M003,ON
2024-01-01,18:39:19,M003,OFF
2024-01-01,18:41:00,M003,ON
2024-01-01,18:41:56,M003,OFF
2024-01-01,18:42:00,D001,ON
2024-01-01,18:42:36,D001,OFF
2024-01-01,18:43:00,M001,ON
2024-01-01,18:43:00,M002,ON
2024-01-01,18:43:43,M001,OFF
2024-01-01,18:43:50,M002,OFF
2024-01-01,18:45:00,M001,ON
2024-01-01,18:45:00,M002,ON
2024-01-01,18:45:08,M002,OFF
2024-01-01,18:45:36,M001,OFF
2024-01-01,18:48:00,M001,ON
2024-01-01,18:48:00,M003,ON
2024-01-01,18:48:00,I001,ON
2024-01-01,18:48:05,M003,OFF
2024-01-01,18:48:18,M001,OFF
2024-01-01,18:49:00,M001,ON
2024-01-01,18:49:00,M003,ON
2024-01-01,18:49:00,D001,ON
2024-01-01,18:49:06,D001,OFF
2024-01-01,18:49:50,M001,OFF
2024-01-01,18:49:58,M003,OFF
2024-01-01,18:50:00,M003,ON
2024-01-01,18:50:35,M003,OFF
2024-01-01,18:51:00,M003,ON
2024-01-01,18:51:00,D001,ON
2024-01-01,18:51:17,D001,OFF
2024-01-01,18:51:38,M003,OFF
2024-01-01,18:52:00,M002,ON
2024-01-01,18:52:49,M002,OFF
2024-01-01,18:53:00,M001,ON
2024-01-01,18:53:00,M002,ON
2024-01-01,18:53:10,M002,OFF
2024-01-01,18:53:45,M001,OFF
2024-01-01,18:54:00,M003,ON
2024-01-01,18:54:57,M003,OFF
2024-01-01,18:55:00,M003,ON
2024-01-01,18:55:00,I002,OFF
2024-01-01,18:55:56,M003,OFF
2024-01-01,18:56:00,M002,ON
2024-01-01,18:56:37,M002,OFF
2024-01-01,18:57:00,D001,ON
2024-01-01,18:57:38,D001,OFF
2024-01-01,18:58:00,M002,ON
2024-01-01,18:58:00,D001,ON
2024-01-01,18:58:20,D001,OFF
2024-01-01,18:58:21,M002,OFF
2024-01-01,18:59:00,M002,ON
2024-01-01,18:59:57,M002,OFF
2024-01-01,19:00:00,M001,ON
2024-01-01,19:00:58,M001,OFF
2024-01-01,19:01:00,D001,ON
2024-01-01,19:01:00,I001,OFF
2024-01-01,19:01:23,D001,OFF
2024-01-01,19:02:00,M003,ON
2024-01-01,19:02:00,D001,ON
2024-01-01,19:02:19,D001,OFF
2024-01-01,19:02:48,M003,OFF
2024-01-01,19:03:00,M002,ON
2024-01-01,19:03:56,M002,OFF
2024-01-01,19:04:00,D001,ON
2024-01-01,19:04:57,D001,OFF
2024-01-01,19:05:00,M001,ON
2024-01-01,19:05:21,M001,OFF
2024-01-01,19:07:00,M003,ON
2024-01-01,19:07:00,D001,ON
2024-01-01,19:07:19,D001,OFF
2024-01-01,19:07:57,M003,OFF
2024-01-01,19:08:00,M003,ON
2024-01-01,19:08:44,M003,OFF
2024-01-01,19:11:00,M001,ON
2024-01-01,19:11:59,M001,OFF
2024-01-01,19:12:00,M002,ON
2024-01-01,19:12:00,D001,ON
2024-01-01,19:12:14,D001,OFF
2024-01-01,19:12:37,M002,OFF
2024-01-01,19:13:00,M003,ON
2024-01-01,19:13:00,D001,ON
2024-01-01,19:13:32,M003,OFF
2024-01-01,19:13:53,D001,OFF
2024-01-01,19:15:00,M003,ON
2024-01-01,19:15:58,M003,OFF
2024-01-01,19:17:00,I001,ON
2024-01-01,19:18:00,D001,ON
2024-01-01,19:18:54,D001,OFF
2024-01-01,19:20:00,M003,ON
2024-01-01,19:20:00,D001,ON
2024-01-01,19:20:14,M003,OFF
2024-01-01,19:20:29,D001,OFF
2024-01-01,19:21:00,M002,ON
2024-01-01,19:21:00,M003,ON
2024-01-01,19:21:00,D001,ON
2024-01-01,19:21:15,M002,OFF
2024-01-01,19:21:18,M003,OFF
2024-01-01,19:21:22,D001,OFF
2024-01-01,19:22:00,M001,ON
2024-01-01,19:22:47,M001,OFF
2024-01-01,19:24:00,D001,ON
2024-01-01,19:24:15,D001,OFF
2024-01-01,19:26:00,D001,ON
2024-01-01,19:26:46,D001,OFF
2024-01-01,19:27:00,M001,ON
2024-01-01,19:27:00,M003,ON
2024-01-01,19:27:53,M001,OFF
2024-01-01,19:27:58,M003,OFF
2024-01-01,19:28:00,M003,ON
2024-01-01,19:28:00,D001,ON
2024-01-01,19:28:22,M003,OFF
2024-01-01,19:28:51,D001,OFF
2024-01-01,19:30:00,M001,ON
2024-01-01,19:30:44,M001,OFF
2024-01-01,19:31:00,M001,ON
2024-01-01,19:31:00,D001,ON
2024-01-01,19:31:15,M001,OFF
2024-01-01,19:31:25,D001,OFF
2024-01-01,19:32:00,M002,ON
2024-01-01,19:32:39,M002,OFF
2024-01-01,19:33:00,D001,ON
2024-01-01,19:33:54,D001,OFF
2024-01-01,19:35:00,M001,ON
2024-01-01,19:35:50,M001,OFF
2024-01-01,19:37:00,M003,ON
2024-01-01,19:37:52,M003,OFF
2024-01-01,19:39:00,D001,ON
2024-01-01,19:39:24,D001,OFF
2024-01-01,19:40:00,M003,ON
2024-01-01,19:40:00,D001,ON
2024-01-01,19:40:22,M003,OFF
2024-01-01,19:40:39,D001,OFF
2024-01-01,19:41:00,D001,ON
2024-01-01,19:41:13,D001,OFF
2024-01-01,19:43:00,M001,ON
2024-01-01,19:43:50,M001,OFF
2024-01-01,19:44:00,M003,ON
2024-01-01,19:44:00,D001,ON
2024-01-01,19:44:48,M003,OFF
2024-01-01,19:44:57,D001,OFF
2024-01-01,19:45:00,D001,ON
2024-01-01,19:45:57,D001,OFF
2024-01-01,19:46:00,M002,ON
2024-01-01,19:46:00,M003,ON
2024-01-01,19:46:00,I001,OFF
2024-01-01,19:46:06,M003,OFF
2024-01-01,19:46:31,M002,OFF
2024-01-01,19:49:00,M001,ON
2024-01-01,19:49:00,D001,ON
2024-01-01,19:49:06,M001,OFF
2024-01-01,19:49:57,D001,OFF
2024-01-01,19:50:00,M001,ON
2024-01-01,19:50:00,D001,ON
2024-01-01,19:50:13,M001,OFF
2024-01-01,19:50:37,D001,OFF
2024-01-01,19:51:00,M001,ON
2024-01-01,19:51:00,M002,ON
2024-01-01,19:51:10,M002,OFF
2024-01-01,19:51:13,M001,OFF
2024-01-01,19:52:00,M002,ON
2024-01-01,19:52:22,M002,OFF
2024-01-01,19:53:00,M001,ON
2024-01-01,19:53:00,M002,ON
2024-01-01,19:53:00,M003,ON
2024-01-01,19:53:28,M002,OFF
2024-01-01,19:53:28,M003,OFF
2024-01-01,19:53:37,M001,OFF
2024-01-01,19:54:00,D001,ON
2024-01-01,19:54:44,D001,OFF
2024-01-01,19:55:00,D001,ON
2024-01-01,19:55:07,D001,OFF
2024-01-01,19:57:00,D001,ON
2024-01-01,19:57:00,I002,ON
2024-01-01,19:57:37,D001,OFF
2024-01-01,19:58:00,M001,ON
2024-01-01,19:58:00,M002,ON
2024-01-01,19:58:00,D001,ON
2024-01-01,19:58:47,D001,OFF
2024-01-01,19:58:54,M001,OFF
2024-01-01,19:58:56,M002,OFF
2024-01-01,20:01:00,M003,ON
2024-01-01,20:01:00,D001,ON
2024-01-01,20:01:13,D001,OFF
2024-01-01,20:01:30,M003,OFF
2024-01-01,20:02:00,M002,ON
2024-01-01,20:02:05,M002,OFF
2024-01-01,20:03:00,M001,ON
2024-01-01,20:03:00,D001,ON
2024-01-01,20:03:25,D001,OFF
2024-01-01,20:03:54,M001,OFF
2024-01-01,20:05:00,M001,ON
2024-01-01,20:05:29,M001,OFF
2024-01-01,20:06:00,M002,ON
2024-01-01,20:06:53,M002,OFF
2024-01-01,20:07:00,M001,ON
2024-01-01,20:07:08,M001,OFF
2024-01-01,20:08:00,M001,ON
2024-01-01,20:08:00,M002,ON
2024-01-01,20:08:16,M001,OFF
2024-01-01,20:08:26,M002,OFF
2024-01-01,20:09:00,M001,ON
2024-01-01,20:09:16,M001,OFF
2024-01-01,20:10:00,M003,ON
2024-01-01,20:10:00,D001,ON
2024-01-01,20:10:19,M003,OFF
2024-01-01,20:10:42,D001,OFF
2024-01-01,20:11:00,M002,ON
2024-01-01,20:11:05,M002,OFF
2024-01-01,20:13:00,M003,ON
2024-01-01,20:13:41,M003,OFF
2024-01-01,20:14:00,M002,ON
2024-01-01,20:14:00,D001,ON
2024-01-01,20:14:00,I002,OFF
2024-01-01,20:14:39,M002,OFF
2024-01-01,20:14:55,D001,OFF
2024-01-01,20:15:00,M001,ON
2024-01-01,20:15:58,M001,OFF
2024-01-01,20:16:00,M003,ON
2024-01-01,20:16:38,M003,OFF
2024-01-01,20:22:00,M002,ON
2024-01-01,20:22:00,M003,ON
2024-01-01,20:22:00,D001,ON
2024-01-01,20:22:27,D001,OFF
2024-01-01,20:22:59,M002,OFF
2024-01-01,20:22:59,M003,OFF
2024-01-01,20:23:00,M001,ON
2024-01-01,20:23:25,M001,OFF
2024-01-01,20:24:00,M001,ON
2024-01-01,20:24:51,M001,OFF
2024-01-01,20:27:00,M001,ON
2024-01-01,20:27:31,M001,OFF
2024-01-01,20:32:00,M001,ON
2024-01-01,20:32:16,M001,OFF
2024-01-01,20:33:00,M001,ON
2024-01-01,20:33:00,M003,ON
2024-01-01,20:33:00,D001,ON
2024-01-01,20:33:09,M001,OFF
2024-01-01,20:33:21,D001,OFF
2024-01-01,20:33:28,M003,OFF
2024-01-01,20:34:00,M001,ON
2024-01-01,20:34:00,M003,ON
2024-01-01,20:34:07,M003,OFF
2024-01-01,20:34:37,M001,OFF
2024-01-01,20:35:00,M002,ON
2024-01-01,20:35:34,M002,OFF
2024-01-01,20:36:00,M003,ON
2024-01-01,20:36:00,D001,ON
2024-01-01,20:36:16,M003,OFF
2024-01-01,20:36:20,D001,OFF
2024-01-01,20:37:00,M003,ON
2024-01-01,20:37:00,D001,ON
2024-01-01,20:37:36,M003,OFF
2024-01-01,20:37:52,D001,OFF
2024-01-01,20:38:00,M002,ON
2024-01-01,20:38:00,D001,ON
2024-01-01,20:38:19,D001,OFF
2024-01-01,20:38:25,M002,OFF
2024-01-01,20:39:00,M002,ON
2024-01-01,20:39:08,M002,OFF
2024-01-01,20:43:00,M001,ON
2024-01-01,20:43:50,M001,OFF
2024-01-01,20:44:00,M003,ON
2024-01-01,20:44:51,M003,OFF
2024-01-01,20:45:00,M001,ON
2024-01-01,20:45:00,M002,ON
2024-01-01,20:45:45,M001,OFF
2024-01-01,20:45:48,M002,OFF
2024-01-01,20:46:00,M002,ON
2024-01-01,20:46:09,M002,OFF
2024-01-01,20:47:00,M001,ON
2024-01-01,20:47:19,M001,OFF
2024-01-01,20:48:00,M003,ON
2024-01-01,20:48:25,M003,OFF
2024-01-01,20:49:00,M001,ON
2024-01-01,20:49:00,D001,ON
2024-01-01,20:49:53,M001,OFF
2024-01-01,20:49:53,D001,OFF
2024-01-01,20:50:00,M002,ON
2024-01-01,20:50:46,M002,OFF
2024-01-01,20:51:00,M001,ON
2024-01-01,20:51:42,M001,OFF
2024-01-01,20:53:00,D001,ON
2024-01-01,20:53:55,D001,OFF
2024-01-01,20:54:00,M001,ON
2024-01-01,20:54:00,D001,ON
2024-01-01,20:54:27,D001,OFF
2024-01-01,20:54:48,M001,OFF
2024-01-01,20:56:00,M001,ON
2024-01-01,20:56:00,M003,ON
2024-01-01,20:56:05,M003,OFF
2024-01-01,20:56:43,M001,OFF
2024-01-01,20:58:00,M002,ON
2024-01-01,20:58:00,M003,ON
2024-01-01,20:58:20,M002,OFF
2024-01-01,20:58:45,M003,OFF
2024-01-01,20:59:00,M001,ON
2024-01-01,20:59:00,I001,ON
2024-01-01,20:59:51,M001,OFF
2024-01-01,21:00:00,M003,ON
2024-01-01,21:00:59,M003,OFF
2024-01-01,21:02:00,M001,ON
2024-01-01,21:02:07,M001,OFF
2024-01-01,21:09:00,I002,ON
2024-01-01,21:17:00,M003,ON
2024-01-01,21:17:18,M003,OFF
2024-01-01,21:22:00,M002,ON
2024-01-01,21:22:47,M002,OFF
2024-01-01,21:24:00,M001,ON
2024-01-01,21:24:37,M001,OFF
2024-01-01,21:27:00,M002,ON
2024-01-01,21:27:18,M002,OFF
2024-01-01,21:34:00,M002,ON
2024-01-01,21:34:49,M002,OFF
2024-01-01,22:10:00,M002,ON
2024-01-01,22:10:18,M002,OFF
2024-01-01,22:11:00,M001,ON
2024-01-01,22:11:10,M001,OFF
2024-01-01,22:13:00,M002,ON
2024-01-01,22:13:23,M002,OFF
2024-01-01,22:14:00,D001,ON
2024-01-01,22:14:06,D001,OFF
2024-01-01,22:19:00,M001,ON
2024-01-01,22:19:34,M001,OFF
2024-01-01,22:35:00,M002,ON
2024-01-01,22:35:12,M002,OFF
2024-01-01,22:44:00,M001,ON
2024-01-01,22:44:00,M002,ON
2024-01-01,22:44:28,M001,OFF
2024-01-01,22:44:52,M002,OFF
2024-01-01,22:49:00,M002,ON
2024-01-01,22:49:47,M002,OFF
2024-01-01,22:57:00,I002,OFF
2024-01-01,23:06:00,M001,ON
2024-01-01,23:06:55,M001,OFF
2024-01-01,23:07:00,M001,ON
2024-01-01,23:07:40,M001,OFF
2024-01-01,23:15:00,M002,ON
2024-01-01,23:15:09,M002,OFF
2024-01-01,23:18:00,M002,ON
2024-01-01,23:18:00,M003,ON
2024-01-01,23:18:14,M003,OFF
2024-01-01,23:18:50,M002,OFF
2024-01-01,23:19:00,M002,ON
2024-01-01,23:19:00,M003,ON
2024-01-01,23:19:24,M002,OFF
2024-01-01,23:19:25,M003,OFF
2024-01-01,23:23:00,M003,ON
2024-01-01,23:23:15,M003,OFF
2024-01-01,23:34:00,M003,ON
2024-01-01,23:34:06,M003,OFF
2024-01-01,23:45:00,M002,ON
2024-01-01,23:45:00,D001,ON
2024-01-01,23:45:48,M002,OFF
2024-01-01,23:45:49,D001,OFF
2024-01-01,23:53:00,M003,ON
2024-01-01,23:53:21,M003,OFF
2024-01-01,23:59:00,M003,ON
2024-01-01,23:59:40,M003,OFF
2024-01-02,00:02:00,M002,ON
2024-01-02,00:02:39,M002,OFF
2024-01-02,00:04:00,M002,ON
2024-01-02,00:04:11,M002,OFF
2024-01-02,00:06:00,D001,ON
2024-01-02,00:06:26,D001,OFF
2024-01-02,00:07:00,D001,ON
2024-01-02,00:07:43,D001,OFF
2024-01-02,00:10:00,D001,ON
2024-01-02,00:10:29,D001,OFF
2024-01-02,00:15:00,D001,ON
2024-01-02,00:15:29,D001,OFF
2024-01-02,00:28:00,M001,ON
2024-01-02,00:28:50,M001,OFF
2024-01-02,00:34:00,M003,ON
2024-01-02,00:34:19,M003,OFF
2024-01-02,00:35:00,M003,ON
2024-01-02,00:35:13,M003,OFF
2024-01-02,00:39:00,D001,ON
2024-01-02,00:39:47,D001,OFF
2024-01-02,00:41:00,M001,ON
2024-01-02,00:41:51,M001,OFF
2024-01-02,00:56:00,M001,ON
2024-01-02,00:56:48,M001,OFF
2024-01-02,01:02:00,M001,ON
2024-01-02,01:02:30,M001,OFF
2024-01-02,01:03:00,M003,ON
2024-01-02,01:03:08,M003,OFF
2024-01-02,01:15:00,M002,ON
2024-01-02,01:15:47,M002,OFF
2024-01-02,01:32:00,M001,ON
2024-01-02,01:32:49,M001,OFF
2024-01-02,01:37:00,M003,ON
2024-01-02,01:37:33,M003,OFF
2024-01-02,01:47:00,D001,ON
2024-01-02,01:47:43,D001,OFF
2024-01-02,01:50:00,D001,ON
2024-01-02,01:50:08,D001,OFF
2024-01-02,01:58:00,M002,ON
2024-01-02,01:58:56,M002,OFF
2024-01-02,02:03:00,D001,ON
2024-01-02,02:03:57,D001,OFF
2024-01-02,02:04:00,M003,ON
2024-01-02,02:04:08,M003,OFF
2024-01-02,02:07:00,M001,ON
2024-01-02,02:07:45,M001,OFF
2024-01-02,02:11:00,M002,ON
2024-01-02,02:11:06,M002,OFF
2024-01-02,02:16:00,M002,ON
2024-01-02,02:16:45,M002,OFF
2024-01-02,02:20:00,M002,ON
2024-01-02,02:20:47,M002,OFF
2024-01-02,02:23:00,M002,ON
2024-01-02,02:23:05,M002,OFF
2024-01-02,02:25:00,D001,ON
2024-01-02,02:25:46,D001,OFF
2024-01-02,02:28:00,M002,ON
2024-01-02,02:28:18,M002,OFF
2024-01-02,02:32:00,D001,ON
2024-01-02,02:32:41,D001,OFF
2024-01-02,02:38:00,M002,ON
2024-01-02,02:38:54,M002,OFF
2024-01-02,02:41:00,M002,ON
2024-01-02,02:41:00,I002,ON
2024-01-02,02:41:46,M002,OFF
2024-01-02,02:44:00,M002,ON
2024-01-02,02:44:00,M003,ON
2024-01-02,02:44:09,M003,OFF
2024-01-02,02:44:50,M002,OFF
2024-01-02,02:50:00,D001,ON
2024-01-02,02:50:25,D001,OFF
2024-01-02,02:58:00,M003,ON
2024-01-02,02:58:39,M003,OFF
2024-01-02,02:59:00,M002,ON
2024-01-02,02:59:06,M002,OFF
2024-01-02,03:13:00,M002,ON
2024-01-02,03:13:26,M002,OFF
2024-01-02,03:14:00,M001,ON
2024-01-02,03:14:50,M001,OFF
2024-01-02,03:22:00,M001,ON
2024-01-02,03:22:24,M001,OFF
2024-01-02,03:24:00,D001,ON
2024-01-02,03:24:00,I002,OFF
2024-01-02,03:24:55,D001,OFF
2024-01-02,03:25:00,I001,OFF
2024-01-02,03:29:00,I001,ON
2024-01-02,03:41:00,M002,ON
2024-01-02,03:41:28,M002,OFF
2024-01-02,03:43:00,D001,ON
2024-01-02,03:43:31,D001,OFF
2024-01-02,03:46:00,M003,ON
2024-01-02,03:46:59,M003,OFF
2024-01-02,03:51:00,M001,ON
2024-01-02,03:51:57,M001,OFF
2024-01-02,03:52:00,M003,ON
2024-01-02,03:52:30,M003,OFF
2024-01-02,03:57:00,D001,ON
2024-01-02,03:57:42,D001,OFF
2024-01-02,04:00:00,I001,OFF
2024-01-02,04:03:00,M002,ON
2024-01-02,04:03:43,M002,OFF
2024-01-02,04:13:00,D001,ON
2024-01-02,04:13:51,D001,OFF
2024-01-02,04:21:00,M001,ON
2024-01-02,04:21:13,M001,OFF
2024-01-02,04:48:00,M003,ON
2024-01-02,04:48:47,M003,OFF
2024-01-02,04:49:00,M001,ON
2024-01-02,04:49:53,M001,OFF
2024-01-02,04:50:00,M003,ON
2024-01-02,04:50:14,M003,OFF
2024-01-02,04:52:00,M002,ON
2024-01-02,04:52:33,M002,OFF
2024-01-02,05:18:00,M001,ON
2024-01-02,05:18:50,M001,OFF
2024-01-02,05:19:00,D001,ON
2024-01-02,05:19:48,D001,OFF
2024-01-02,05:21:00,M003,ON
2024-01-02,05:21:49,M003,OFF
2024-01-02,05:39:00,M002,ON
2024-01-02,05:39:57,M002,OFF
2024-01-02,05:58:00,D001,ON
2024-01-02,05:58:50,D001,OFF
2024-01-02,06:00:00,D001,ON
2024-01-02,06:00:51,D001,OFF
2024-01-02,06:02:00,M002,ON
2024-01-02,06:02:54,M002,OFF
2024-01-02,06:07:00,M002,ON
2024-01-02,06:07:18,M002,OFF
2024-01-02,06:27:00,M002,ON
2024-01-02,06:27:14,M002,OFF
2024-01-02,06:30:00,M002,ON
2024-01-02,06:30:11,M002,OFF
2024-01-02,06:46:00,M001,ON
2024-01-02,06:46:18,M001,OFF
2024-01-02,06:48:00,M003,ON
2024-01-02,06:48:28,M003,OFF
2024-01-02,06:50:00,D001,ON
2024-01-02,06:50:48,D001,OFF
2024-01-02,06:53:00,M002,ON
2024-01-02,06:53:46,M002,OFF
2024-01-02,06:56:00,D001,ON
2024-01-02,06:56:13,D001,OFF
2024-01-02,06:58:00,M003,ON
2024-01-02,06:58:54,M003,OFF
2024-01-02,07:00:00,M001,ON
2024-01-02,07:00:00,D001,ON
2024-01-02,07:00:00,I001,ON
2024-01-02,07:00:52,M001,OFF
2024-01-02,07:00:58,D001,OFF
2024-01-02,07:01:00,M002,ON
2024-01-02,07:01:52,M002,OFF
2024-01-02,07:02:00,M001,ON
2024-01-02,07:02:00,M003,ON
2024-01-02,07:02:00,D001,ON
2024-01-02,07:02:08,M003,OFF
2024-01-02,07:02:16,M001,OFF
2024-01-02,07:02:33,D001,OFF
2024-01-02,07:03:00,M003,ON
2024-01-02,07:03:32,M003,OFF
2024-01-02,07:05:00,M003,ON
2024-01-02,07:05:56,M003,OFF
2024-01-02,07:07:00,M001,ON
2024-01-02,07:07:43,M001,OFF
2024-01-02,07:09:00,M002,ON
2024-01-02,07:09:06,M002,OFF
2024-01-02,07:11:00,M001,ON
2024-01-02,07:11:00,M003,ON
2024-01-02,07:11:22,M003,OFF
2024-01-02,07:11:41,M001,OFF
2024-01-02,07:12:00,D001,ON
2024-01-02,07:12:54,D001,OFF
2024-01-02,07:13:00,M003,ON
2024-01-02,07:13:48,M003,OFF
2024-01-02,07:14:00,M001,ON
2024-01-02,07:14:00,M002,ON
2024-01-02,07:14:00,M003,ON
2024-01-02,07:14:10,M001,OFF
2024-01-02,07:14:20,M002,OFF
2024-01-02,07:14:33,M003,OFF
2024-01-02,07:15:00,M002,ON
2024-01-02,07:15:00,M003,ON
2024-01-02,07:15:20,M003,OFF
2024-01-02,07:15:53,M002,OFF
2024-01-02,07:16:00,D001,ON
2024-01-02,07:16:56,D001,OFF
2024-01-02,07:17:00,M003,ON
2024-01-02,07:17:00,D001,ON
2024-01-02,07:17:06,D001,OFF
2024-01-02,07:17:58,M003,OFF
2024-01-02,07:19:00,M003,ON
2024-01-02,07:19:31,M003,OFF
2024-01-02,07:21:00,D001,ON
2024-01-02,07:21:26,D001,OFF
2024-01-02,07:24:00,M001,ON
2024-01-02,07:24:00,M002,ON
2024-01-02,07:24:25,M002,OFF
2024-01-02,07:24:59,M001,OFF
2024-01-02,07:26:00,D001,ON
2024-01-02,07:26:21,D001,OFF
2024-01-02,07:28:00,D001,ON
2024-01-02,07:28:57,D001,OFF
2024-01-02,07:29:00,M002,ON
2024-01-02,07:29:32,M002,OFF
2024-01-02,07:30:00,M001,ON
2024-01-02,07:30:39,M001,OFF
2024-01-02,07:31:00,M002,ON
2024-01-02,07:31:24,M002,OFF
2024-01-02,07:32:00,M001,ON
2024-01-02,07:32:00,D001,ON
2024-01-02,07:32:29,D001,OFF
2024-01-02,07:32:41,M001,OFF
2024-01-02,07:33:00,M002,ON
2024-01-02,07:33:17,M002,OFF
2024-01-02,07:35:00,M003,ON
2024-01-02,07:35:51,M003,OFF
2024-01-02,07:36:00,M001,ON
2024-01-02,07:36:44,M001,OFF
2024-01-02,07:38:00,M002,ON
2024-01-02,07:38:00,I001,OFF
2024-01-02,07:38:39,M002,OFF
2024-01-02,07:39:00,I002,ON
2024-01-02,07:40:00,M001,ON
2024-01-02,07:40:00,D001,ON
2024-01-02,07:40:24,D001,OFF
2024-01-02,07:40:43,M001,OFF
2024-01-02,07:41:00,M003,ON
2024-01-02,07:41:06,M003,OFF
2024-01-02,07:42:00,D001,ON
2024-01-02,07:42:39,D001,OFF
2024-01-02,07:43:00,M003,ON
2024-01-02,07:43:31,M003,OFF
2024-01-02,07:46:00,M003,ON
2024-01-02,07:46:00,D001,ON
2024-01-02,07:46:20,M003,OFF
2024-01-02,07:46:57,D001,OFF
2024-01-02,07:48:00,M001,ON
2024-01-02,07:48:00,M002,ON
2024-01-02,07:48:00,M003,ON
2024-01-02,07:48:07,M002,OFF
2024-01-02,07:48:11,M003,OFF
2024-01-02,07:48:29,M001,OFF
2024-01-02,07:49:00,I001,ON
2024-01-02,07:51:00,M002,ON
2024-01-02,07:51:00,M003,ON
2024-01-02,07:51:08,M003,OFF
2024-01-02,07:51:25,M002,OFF
2024-01-02,07:52:00,M001,ON
2024-01-02,07:52:00,M002,ON
2024-01-02,07:52:22,M002,OFF
2024-01-02,07:52:30,M001,OFF
2024-01-02,07:54:00,M002,ON
2024-01-02,07:54:00,M003,ON
2024-01-02,07:54:00,I002,OFF
2024-01-02,07:54:16,M003,OFF
2024-01-02,07:54:52,M002,OFF
2024-01-02,07:55:00,D001,ON
2024-01-02,07:55:14,D001,OFF
2024-01-02,07:57:00,M001,ON
2024-01-02,07:57:00,M003,ON
2024-01-02,07:57:00,D001,ON
2024-01-02,07:57:07,M001,OFF
2024-01-02,07:57:19,M003,OFF
2024-01-02,07:57:31,D001,OFF
2024-01-02,07:58:00,M001,ON
2024-01-02,07:58:42,M001,OFF
2024-01-02,08:04:00,M002,ON
2024-01-02,08:04:14,M002,OFF
2024-01-02,08:06:00,M001,ON
2024-01-02,08:06:00,M003,ON
2024-01-02,08:06:15,M003,OFF
2024-01-02,08:06:21,M001,OFF
2024-01-02,08:07:00,M003,ON
2024-01-02,08:07:29,M003,OFF
2024-01-02,08:08:00,M001,ON
2024-01-02,08:08:00,M003,ON
2024-01-02,08:08:00,D001,ON
2024-01-02,08:08:07,M003,OFF
2024-01-02,08:08:31,D001,OFF
2024-01-02,08:08:59,M001,OFF
2024-01-02,08:09:00,M002,ON
2024-01-02,08:09:57,M002,OFF
2024-01-02,08:10:00,M001,ON
2024-01-02,08:10:00,D001,ON
2024-01-02,08:10:44,M001,OFF
2024-01-02,08:10:59,D001,OFF
2024-01-02,08:11:00,D001,ON
2024-01-02,08:11:18,D001,OFF
2024-01-02,08:12:00,M001,ON
2024-01-02,08:12:00,M002,ON
2024-01-02,08:12:00,M003,ON
2024-01-02,08:12:21,M002,OFF
2024-01-02,08:12:35,M001,OFF
2024-01-02,08:12:39,M003,OFF
2024-01-02,08:13:00,M003,ON
2024-01-02,08:13:56,M003,OFF
2024-01-02,08:15:00,M001,ON
2024-01-02,08:15:00,M002,ON
2024-01-02,08:15:19,M002,OFF
2024-01-02,08:15:27,M001,OFF
2024-01-02,08:16:00,M001,ON
2024-01-02,08:16:00,M002,ON
2024-01-02,08:16:00,D001,ON
2024-01-02,08:16:22,D001,OFF
2024-01-02,08:16:46,M001,OFF
2024-01-02,08:16:54,M002,OFF
2024-01-02,08:17:00,M001,ON
2024-01-02,08:17:00,I001,OFF
2024-01-02,08:17:59,M001,OFF
2024-01-02,08:19:00,M003,ON
2024-01-02,08:19:23,M003,OFF
2024-01-02,08:20:00,M003,ON
2024-01-02,08:20:22,M003,OFF
2024-01-02,08:21:00,M001,ON
2024-01-02,08:21:09,M001,OFF
2024-01-02,08:22:00,M001,ON
2024-01-02,08:22:00,M002,ON
2024-01-02,08:22:15,M002,OFF
2024-01-02,08:22:43,M001,OFF
2024-01-02,08:23:00,M003,ON
2024-01-02,08:23:29,M003,OFF
2024-01-02,08:24:00,M003,ON
2024-01-02,08:24:00,D001,ON
2024-01-02,08:24:41,M003,OFF
2024-01-02,08:24:58,D001,OFF
2024-01-02,08:25:00,M001,ON
2024-01-02,08:25:00,M002,ON
2024-01-02,08:25:25,M002,OFF
2024-01-02,08:25:33,M001,OFF
2024-01-02,08:26:00,M001,ON
2024-01-02,08:26:32,M001,OFF
2024-01-02,08:27:00,M003,ON
2024-01-02,08:27:00,D001,ON
2024-01-02,08:27:26,M003,OFF
2024-01-02,08:27:43,D001,OFF
2024-01-02,08:29:00,M003,ON
2024-01-02,08:29:38,M003,OFF
2024-01-02,08:30:00,D001,ON
2024-01-02,08:30:00,I001,ON
2024-01-02,08:30:20,D001,OFF
2024-01-02,08:31:00,M003,ON
2024-01-02,08:31:21,M003,OFF
2024-01-02,08:32:00,M002,ON
2024-01-02,08:32:37,M002,OFF
2024-01-02,08:34:00,M002,ON
2024-01-02,08:34:23,M002,OFF
2024-01-02,08:36:00,M002,ON
2024-01-02,08:36:00,M003,ON
2024-01-02,08:36:26,M003,OFF
2024-01-02,08:36:57,M002,OFF
2024-01-02,08:37:00,M002,ON
2024-01-02,08:37:29,M002,OFF
2024-01-02,08:38:00,M003,ON
2024-01-02,08:38:00,I001,OFF
2024-01-02,08:38:54,M003,OFF
2024-01-02,08:39:00,M001,ON
2024-01-02,08:39:00,M002,ON
2024-01-02,08:39:00,M003,ON
2024-01-02,08:39:11,M003,OFF
2024-01-02,08:39:44,M002,OFF
2024-01-02,08:39:48,M001,OFF
2024-01-02,08:42:00,I001,ON
2024-01-02,08:43:00,M001,ON
2024-01-02,08:43:00,M002,ON
2024-01-02,08:43:00,M003,ON
2024-01-02,08:43:00,D001,ON
2024-01-02,08:43:30,M001,OFF
2024-01-02,08:43:31,M002,OFF
2024-01-02,08:43:40,M003,OFF
2024-01-02,08:43:45,D001,OFF
2024-01-02,08:44:00,M001,ON
2024-01-02,08:44:26,M001,OFF
2024-01-02,08:46:00,M002,ON
2024-01-02,08:46:00,M003,ON
2024-01-02,08:46:44,M002,OFF
2024-01-02,08:46:48,M003,OFF
2024-01-02,08:47:00,M001,ON
2024-01-02,08:47:47,M001,OFF
2024-01-02,08:48:00,M003,ON
2024-01-02,08:48:00,D001,ON
2024-01-02,08:48:28,M003,OFF
2024-01-02,08:48:31,D001,OFF
2024-01-02,08:49:00,D001,ON
2024-01-02,08:49:05,D001,OFF
2024-01-02,08:50:00,M003,ON
2024-01-02,08:50:56,M003,OFF
2024-01-02,08:52:00,M003,ON
2024-01-02,08:52:00,D001,ON
2024-01-02,08:52:00,I001,OFF
2024-01-02,08:52:53,D001,OFF
2024-01-02,08:52:58,M003,OFF
2024-01-02,08:53:00,M003,ON
2024-01-02,08:53:46,M003,OFF
2024-01-02,08:54:00,M003,ON
2024-01-02,08:54:00,D001,ON
2024-01-02,08:54:26,M003,OFF
2024-01-02,08:54:44,D001,OFF
2024-01-02,08:55:00,M001,ON
2024-01-02,08:55:00,M003,ON
2024-01-02,08:55:07,M001,OFF
2024-01-02,08:55:12,M003,OFF
2024-01-02,09:00:00,M001,ON
2024-01-02,09:00:34,M001,OFF
2024-01-02,09:02:00,M001,ON
2024-01-02,09:02:13,M001,OFF
2024-01-02,09:04:00,M002,ON
2024-01-02,09:04:00,M003,ON
2024-01-02,09:04:00,D001,ON
2024-01-02,09:04:15,M002,OFF
2024-01-02,09:04:37,M003,OFF
2024-01-02,09:04:45,D001,OFF
2024-01-02,09:05:00,M003,ON
2024-01-02,09:05:35,M003,OFF
2024-01-02,09:07:00,M003,ON
2024-01-02,09:07:29,M003,OFF
2024-01-02,09:08:00,D001,ON
2024-01-02,09:08:13,D001,OFF
2024-01-02,09:09:00,M001,ON
2024-01-02,09:09:00,M003,ON
2024-01-02,09:09:55,M001,OFF
2024-01-02,09:09:55,M003,OFF
2024-01-02,09:10:00,D001,ON
2024-01-02,09:10:16,D001,OFF
2024-01-02,09:11:00,M001,ON
2024-01-02,09:11:00,M002,ON
2024-01-02,09:11:00,M003,ON
2024-01-02,09:11:00,D001,ON
2024-01-02,09:11:05,M003,OFF
2024-01-02,09:11:15,D001,OFF
2024-01-02,09:11:29,M002,OFF
2024-01-02,09:11:34,M001,OFF
2024-01-02,09:13:00,M002,ON
2024-01-02,09:13:09,M002,OFF
2024-01-02,09:14:00,M003,ON
2024-01-02,09:14:32,M003,OFF
2024-01-02,09:15:00,M001,ON
2024-01-02,09:15:08,M001,OFF
2024-01-02,09:16:00,D001,ON
2024-01-02,09:16:57,D001,OFF
2024-01-02,09:18:00,M001,ON
2024-01-02,09:18:00,M003,ON
2024-01-02,09:18:00,I002,ON
2024-01-02,09:18:40,M001,OFF
2024-01-02,09:18:55,M003,OFF
2024-01-02,09:19:00,M001,ON
2024-01-02,09:19:00,M002,ON
2024-01-02,09:19:21,M001,OFF
2024-01-02,09:19:54,M002,OFF
2024-01-02,09:20:00,M002,ON
2024-01-02,09:20:40,M002,OFF
2024-01-02,09:21:00,M001,ON
2024-01-02,09:21:49,M001,OFF
2024-01-02,09:22:00,M002,ON
2024-01-02,09:22:34,M002,OFF
2024-01-02,09:24:00,M001,ON
2024-01-02,09:24:00,M003,ON
2024-01-02,09:24:27,M003,OFF
2024-01-02,09:24:57,M001,OFF
2024-01-02,09:25:00,M001,ON
2024-01-02,09:25:00,D001,ON
2024-01-02,09:25:39,M001,OFF
2024-01-02,09:25:51,D001,OFF
2024-01-02,09:26:00,M002,ON
2024-01-02,09:26:00,M003,ON
2024-01-02,09:26:16,M003,OFF
2024-01-02,09:26:43,M002,OFF
2024-01-02,09:28:00,D001,ON
2024-01-02,09:28:41,D001,OFF
2024-01-02,09:29:00,M001,ON
2024-01-02,09:29:29,M001,OFF
2024-01-02,09:30:00,M003,ON
2024-01-02,09:30:36,M003,OFF
2024-01-02,09:31:00,M003,ON
2024-01-02,09:31:16,M003,OFF
2024-01-02,09:32:00,M002,ON
2024-01-02,09:32:55,M002,OFF
2024-01-02,09:33:00,M003,ON
2024-01-02,09:33:00,D001,ON
2024-01-02,09:33:16,M003,OFF
2024-01-02,09:33:58,D001,OFF
2024-01-02,09:34:00,M001,ON
2024-01-02,09:34:00,M003,ON
2024-01-02,09:34:00,D001,ON
2024-01-02,09:34:09,M003,OFF
2024-01-02,09:34:27,M001,OFF
2024-01-02,09:34:44,D001,OFF
2024-01-02,09:35:00,M001,ON
2024-01-02,09:35:36,M001,OFF
2024-01-02,09:39:00,M002,ON
2024-01-02,09:39:35,M002,OFF
2024-01-02,09:42:00,M001,ON
2024-01-02,09:42:44,M001,OFF
2024-01-02,09:43:00,M001,ON
2024-01-02,09:43:00,M002,ON
2024-01-02,09:43:10,M002,OFF
2024-01-02,09:43:38,M001,OFF
2024-01-02,09:48:00,M001,ON
2024-01-02,09:48:00,M002,ON
2024-01-02,09:48:00,M003,ON
2024-01-02,09:48:38,M001,OFF
2024-01-02,09:48:43,M003,OFF
2024-01-02,09:48:46,M002,OFF
2024-01-02,09:52:00,M001,ON
2024-01-02,09:52:43,M001,OFF
2024-01-02,09:53:00,D001,ON
2024-01-02,09:53:48,D001,OFF
2024-01-02,09:54:00,M002,ON
2024-01-02,09:54:00,M003,ON
2024-01-02,09:54:40,M002,OFF
2024-01-02,09:54:46,M003,OFF
2024-01-02,09:55:00,M001,ON
2024-01-02,09:55:00,M003,ON
2024-01-02,09:55:11,M001,OFF
2024-01-02,09:55:45,M003,OFF
2024-01-02,09:56:00,M002,ON
2024-01-02,09:56:00,M003,ON
2024-01-02,09:56:29,M003,OFF
2024-01-02,09:56:44,M002,OFF
2024-01-02,09:57:00,M003,ON
2024-01-02,09:57:21,M003,OFF
2024-01-02,09:58:00,M002,ON
2024-01-02,09:58:38,M002,OFF
2024-01-02,09:59:00,M001,ON
2024-01-02,09:59:11,M001,OFF
2024-01-02,10:05:00,M003,ON
2024-01-02,10:05:11,M003,OFF
2024-01-02,10:14:00,D001,ON
2024-01-02,10:14:20,D001,OFF
2024-01-02,10:17:00,M001,ON
2024-01-02,10:17:30,M001,OFF
2024-01-02,10:20:00,M002,ON
2024-01-02,10:20:52,M002,OFF
2024-01-02,10:27:00,M003,ON
2024-01-02,10:27:19,M003,OFF
2024-01-02,10:30:00,M001,ON
2024-01-02,10:30:59,M001,OFF
2024-01-02,10:36:00,M001,ON
2024-01-02,10:36:47,M001,OFF
2024-01-02,10:49:00,M001,ON
2024-01-02,10:49:15,M001,OFF
2024-01-02,10:56:00,M001,ON
2024-01-02,10:56:00,I001,ON
2024-01-02,10:56:39,M001,OFF
2024-01-02,11:00:00,M003,ON
2024-01-02,11:00:16,M003,OFF
2024-01-02,11:01:00,I001,OFF
2024-01-02,11:03:00,M002,ON
2024-01-02,11:03:36,M002,OFF
2024-01-02,11:07:00,D001,ON
2024-01-02,11:07:46,D001,OFF
2024-01-02,11:14:00,M002,ON
2024-01-02,11:14:14,M002,OFF
2024-01-02,11:17:00,M002,ON
2024-01-02,11:17:08,M002,OFF
2024-01-02,11:23:00,D001,ON
2024-01-02,11:23:06,D001,OFF
2024-01-02,11:24:00,M001,ON
2024-01-02,11:24:34,M001,OFF
2024-01-02,11:32:00,M002,ON
2024-01-02,11:32:34,M002,OFF
2024-01-02,11:37:00,M002,ON
2024-01-02,11:37:29,M002,OFF
2024-01-02,11:39:00,M002,ON
2024-01-02,11:39:59,M002,OFF
2024-01-02,11:42:00,M002,ON
2024-01-02,11:42:37,M002,OFF
2024-01-02,11:43:00,D001,ON
2024-01-02,11:43:47,D001,OFF
2024-01-02,11:50:00,M002,ON
2024-01-02,11:50:08,M002,OFF
2024-01-02,11:51:00,D001,ON
2024-01-02,11:51:21,D001,OFF
2024-01-02,12:01:00,M002,ON
2024-01-02,12:01:26,M002,OFF
2024-01-02,12:03:00,M002,ON
2024-01-02,12:03:58,M002,OFF
2024-01-02,12:04:00,M002,ON
2024-01-02,12:04:00,M003,ON
2024-01-02,12:04:15,M002,OFF
2024-01-02,12:04:53,M003,OFF
2024-01-02,12:05:00,M002,ON
2024-01-02,12:05:00,M003,ON
2024-01-02,12:05:36,M003,OFF
2024-01-02,12:05:49,M002,OFF
2024-01-02,12:06:00,M001,ON
2024-01-02,12:06:12,M001,OFF
2024-01-02,12:07:00,M002,ON
2024-01-02,12:07:00,M003,ON
2024-01-02,12:07:32,M002,OFF
2024-01-02,12:07:42,M003,OFF
2024-01-02,12:09:00,M002,ON
2024-01-02,12:09:00,D001,ON
2024-01-02,12:09:40,M002,OFF
2024-01-02,12:09:52,D001,OFF
2024-01-02,12:10:00,M001,ON
2024-01-02,12:10:00,D001,ON
2024-01-02,12:10:14,D001,OFF
2024-01-02,12:10:26,M001,OFF
2024-01-02,12:12:00,D001,ON
2024-01-02,12:12:47,D001,OFF
2024-01-02,12:13:00,M001,ON
2024-01-02,12:13:26,M001,OFF
2024-01-02,12:14:00,M002,ON
2024-01-02,12:14:48,M002,OFF
2024-01-02,12:16:00,M001,ON
2024-01-02,12:16:00,M002,ON
2024-01-02,12:16:38,M001,OFF
2024-01-02,12:16:45,M002,OFF
2024-01-02,12:17:00,M001,ON
2024-01-02,12:17:59,M001,OFF
2024-01-02,12:18:00,M002,ON
2024-01-02,12:18:00,D001,ON
2024-01-02,12:18:13,D001,OFF
2024-01-02,12:18:55,M002,OFF
2024-01-02,12:20:00,M001,ON
2024-01-02,12:20:00,D001,ON
2024-01-02,12:20:19,M001,OFF
2024-01-02,12:20:27,D001,OFF
2024-01-02,12:21:00,M002,ON
2024-01-02,12:21:00,M003,ON
2024-01-02,12:21:20,M003,OFF
2024-01-02,12:21:34,M002,OFF
2024-01-02,12:22:00,M002,ON
2024-01-02,12:22:48,M002,OFF
2024-01-02,12:26:00,M001,ON
2024-01-02,12:26:00,M003,ON
2024-01-02,12:26:37,M001,OFF
2024-01-02,12:26:41,M003,OFF
2024-01-02,12:28:00,M001,ON
2024-01-02,12:28:00,M003,ON
2024-01-02,12:28:10,M001,OFF
2024-01-02,12:28:15,M003,OFF
2024-01-02,12:30:00,M001,ON
2024-01-02,12:30:00,M002,ON
2024-01-02,12:30:27,M001,OFF
2024-01-02,12:30:59,M002,OFF
2024-01-02,12:31:00,M002,ON
2024-01-02,12:31:21,M002,OFF
2024-01-02,12:32:00,M001,ON
2024-01-02,12:32:00,D001,ON
2024-01-02,12:32:00,I002,OFF
2024-01-02,12:32:30,D001,OFF
2024-01-02,12:32:38,M001,OFF
2024-01-02,12:33:00,M003,ON
2024-01-02,12:33:00,D001,ON
2024-01-02,12:33:22,D001,OFF
2024-01-02,12:33:46,M003,OFF
2024-01-02,12:34:00,M001,ON
2024-01-02,12:34:45,M001,OFF
2024-01-02,12:35:00,M003,ON
2024-01-02,12:35:09,M003,OFF
2024-01-02,12:36:00,M003,ON
2024-01-02,12:36:25,M003,OFF
2024-01-02,12:38:00,D001,ON
2024-01-02,12:38:13,D001,OFF
2024-01-02,12:39:00,D001,ON
2024-01-02,12:39:15,D001,OFF
2024-01-02,12:40:00,M001,ON
2024-01-02,12:40:00,M003,ON
2024-01-02,12:40:24,M001,OFF
2024-01-02,12:40:44,M003,OFF
2024-01-02,12:41:00,M002,ON
2024-01-02,12:41:00,M003,ON
2024-01-02,12:41:00,D001,ON
2024-01-02,12:41:36,M002,OFF
2024-01-02,12:41:42,M003,OFF
2024-01-02,12:41:58,D001,OFF
2024-01-02,12:42:00,M002,ON
2024-01-02,12:42:00,M003,ON
2024-01-02,12:42:07,M003,OFF
2024-01-02,12:42:15,M002,OFF
2024-01-02,12:43:00,M001,ON
2024-01-02,12:43:00,M003,ON
2024-01-02,12:43:35,M003,OFF
2024-01-02,12:43:52,M001,OFF
2024-01-02,12:45:00,M003,ON
2024-01-02,12:45:30,M003,OFF
2024-01-02,12:46:00,I002,ON
2024-01-02,12:50:00,M002,ON
2024-01-02,12:50:43,M002,OFF
2024-01-02,12:55:00,M001,ON
2024-01-02,12:55:00,I002,OFF
2024-01-02,12:55:36,M001,OFF
2024-01-02,12:56:00,D001,ON
2024-01-02,12:56:18,D001,OFF
2024-01-02,12:57:00,D001,ON
2024-01-02,12:57:13,D001,OFF
2024-01-02,12:58:00,M002,ON
2024-01-02,12:58:22,M002,OFF
2024-01-02,12:59:00,M002,ON
2024-01-02,12:59:00,M003,ON
2024-01-02,12:59:30,M003,OFF
2024-01-02,12:59:38,M002,OFF
2024-01-02,13:02:00,M002,ON
2024-01-02,13:02:21,M002,OFF
2024-01-02,13:03:00,M001,ON
2024-01-02,13:03:00,M002,ON
2024-01-02,13:03:17,M002,OFF
2024-01-02,13:03:58,M001,OFF
2024-01-02,13:05:00,D001,ON
2024-01-02,13:05:26,D001,OFF
2024-01-02,13:06:00,M001,ON
2024-01-02,13:06:46,M001,OFF
2024-01-02,13:08:00,D001,ON
2024-01-02,13:08:38,D001,OFF
2024-01-02,13:09:00,M001,ON
2024-01-02,13:09:11,M001,OFF
2024-01-02,13:10:00,M003,ON
2024-01-02,13:10:57,M003,OFF
2024-01-02,13:11:00,M001,ON
2024-01-02,13:11:19,M001,OFF
2024-01-02,13:12:00,M003,ON
2024-01-02,13:12:36,M003,OFF
2024-01-02,13:13:00,M001,ON
2024-01-02,13:13:55,M001,OFF
2024-01-02,13:15:00,I002,ON
2024-01-02,13:16:00,M002,ON
2024-01-02,13:16:00,D001,ON
2024-01-02,13:16:56,M002,OFF
2024-01-02,13:16:59,D001,OFF
2024-01-02,13:21:00,M001,ON
2024-01-02,13:21:00,D001,ON
2024-01-02,13:21:05,M001,OFF
2024-01-02,13:21:08,D001,OFF
2024-01-02,13:23:00,M001,ON
2024-01-02,13:23:00,M003,ON
2024-01-02,13:23:17,M001,OFF
2024-01-02,13:23:26,M003,OFF
2024-01-02,13:25:00,D001,ON
2024-01-02,13:25:19,D001,OFF
2024-01-02,13:28:00,M002,ON
2024-01-02,13:28:00,D001,ON
2024-01-02,13:28:06,D001,OFF
2024-01-02,13:28:28,M002,OFF
2024-01-02,13:29:00,M001,ON
2024-01-02,13:29:00,D001,ON
2024-01-02,13:29:24,D001,OFF
2024-01-02,13:29:35,M001,OFF
2024-01-02,13:30:00,M002,ON
2024-01-02,13:30:00,M003,ON
2024-01-02,13:30:30,M002,OFF
2024-01-02,13:30:51,M003,OFF
2024-01-02,13:33:00,M001,ON
2024-01-02,13:33:50,M001,OFF
2024-01-02,13:39:00,M002,ON
2024-01-02,13:39:00,M003,ON
2024-01-02,13:39:00,D001,ON
2024-01-02,13:39:10,M003,OFF
2024-01-02,13:39:26,D001,OFF
2024-01-02,13:39:55,M002,OFF
2024-01-02,13:43:00,D001,ON
2024-01-02,13:43:46,D001,OFF
2024-01-02,13:44:00,M001,ON
2024-01-02,13:44:22,M001,OFF
2024-01-02,13:48:00,M002,ON
2024-01-02,13:48:00,D001,ON
2024-01-02,13:48:32,M002,OFF
2024-01-02,13:48:51,D001,OFF
2024-01-02,13:52:00,M003,ON
2024-01-02,13:52:42,M003,OFF
2024-01-02,13:54:00,M003,ON
2024-01-02,13:54:56,M003,OFF
2024-01-02,13:56:00,M001,ON
2024-01-02,13:56:27,M001,OFF
2024-01-02,13:58:00,D001,ON
2024-01-02,13:58:09,D001,OFF
2024-01-02,13:59:00,M003,ON
2024-01-02,13:59:31,M003,OFF
2024-01-02,14:05:00,M001,ON
2024-01-02,14:05:24,M001,OFF
2024-01-02,14:06:00,M001,ON
2024-01-02,14:06:28,M001,OFF
2024-01-02,14:08:00,M002,ON
2024-01-02,14:08:24,M002,OFF
2024-01-02,14:09:00,D001,ON
2024-01-02,14:09:08,D001,OFF
2024-01-02,14:10:00,M003,ON
2024-01-02,14:10:00,I001,ON
2024-01-02,14:10:07,M003,OFF
2024-01-02,14:23:00,D001,ON
2024-01-02,14:23:54,D001,OFF
2024-01-02,14:26:00,M003,ON
2024-01-02,14:26:10,M003,OFF
2024-01-02,14:36:00,M003,ON
2024-01-02,14:36:46,M003,OFF
2024-01-02,14:46:00,M003,ON
2024-01-02,14:46:00,D001,ON
2024-01-02,14:46:12,D001,OFF
2024-01-02,14:46:33,M003,OFF
2024-01-02,14:59:00,M002,ON
2024-01-02,14:59:49,M002,OFF
2024-01-02,15:00:00,M002,ON
2024-01-02,15:00:21,M002,OFF
2024-01-02,15:09:00,M002,ON
2024-01-02,15:09:23,M002,OFF
2024-01-02,15:18:00,M001,ON
2024-01-02,15:18:22,M001,OFF
2024-01-02,15:24:00,D001,ON
2024-01-02,15:24:38,D001,OFF
2024-01-02,15:33:00,D001,ON
2024-01-02,15:33:15,D001,OFF
2024-01-02,15:37:00,M001,ON
2024-01-02,15:37:51,M001,OFF
2024-01-02,15:41:00,D001,ON
2024-01-02,15:41:35,D001,OFF
2024-01-02,15:42:00,D001,ON
2024-01-02,15:42:15,D001,OFF
2024-01-02,15:47:00,D001,ON
2024-01-02,15:47:10,D001,OFF
2024-01-02,15:51:00,M003,ON
2024-01-02,15:51:33,M003,OFF
2024-01-02,15:53:00,M003,ON
2024-01-02,15:53:34,M003,OFF
2024-01-02,15:59:00,M001,ON
2024-01-02,15:59:56,M001,OFF
2024-01-02,16:02:00,M003,ON
2024-01-02,16:02:17,M003,OFF
2024-01-02,16:04:00,M002,ON
2024-01-02,16:04:29,M002,OFF
2024-01-02,16:16:00,M001,ON
2024-01-02,16:16:31,M001,OFF
2024-01-02,16:30:00,M002,ON
2024-01-02,16:30:42,M002,OFF
2024-01-02,16:49:00,M002,ON
2024-01-02,16:49:28,M002,OFF
2024-01-02,16:57:00,M001,ON
2024-01-02,16:57:00,M003,ON
2024-01-02,16:57:25,M003,OFF
2024-01-02,16:57:29,M001,OFF
2024-01-02,17:08:00,M001,ON
2024-01-02,17:08:00,M003,ON
2024-01-02,17:08:20,M001,OFF
2024-01-02,17:08:36,M003,OFF
2024-01-02,17:15:00,M003,ON
2024-01-02,17:15:17,M003,OFF
2024-01-02,17:22:00,M002,ON
2024-01-02,17:22:24,M002,OFF
2024-01-02,17:47:00,M002,ON
2024-01-02,17:47:41,M002,OFF
2024-01-02,17:50:00,I001,OFF
2024-01-02,17:51:00,M003,ON
2024-01-02,17:51:00,D001,ON
2024-01-02,17:51:18,M003,OFF
2024-01-02,17:51:40,D001,OFF
2024-01-02,17:52:00,D001,ON
2024-01-02,17:52:24,D001,OFF
2024-01-02,17:54:00,M002,ON
2024-01-02,17:54:55,M002,OFF
2024-01-02,17:58:00,D001,ON
2024-01-02,17:58:38,D001,OFF
2024-01-02,17:59:00,M001,ON
2024-01-02,17:59:31,M001,OFF
2024-01-02,18:01:00,M001,ON
2024-01-02,18:01:51,M001,OFF
2024-01-02,18:02:00,M003,ON
2024-01-02,18:02:27,M003,OFF
2024-01-02,18:03:00,M003,ON
2024-01-02,18:03:48,M003,OFF
2024-01-02,18:04:00,M001,ON
2024-01-02,18:04:00,M002,ON
2024-01-02,18:04:37,M001,OFF
2024-01-02,18:04:49,M002,OFF
2024-01-02,18:05:00,M001,ON
2024-01-02,18:05:00,M002,ON
2024-01-02,18:05:05,M001,OFF
2024-01-02,18:05:49,M002,OFF
2024-01-02,18:06:00,M002,ON
2024-01-02,18:06:53,M002,OFF
2024-01-02,18:07:00,M002,ON
2024-01-02,18:07:00,D001,ON
2024-01-02,18:07:13,M002,OFF
2024-01-02,18:07:26,D001,OFF
2024-01-02,18:08:00,M003,ON
2024-01-02,18:08:55,M003,OFF
2024-01-02,18:09:00,M001,ON
2024-01-02,18:09:37,M001,OFF
2024-01-02,18:10:00,M001,ON
2024-01-02,18:10:00,I002,OFF
2024-01-02,18:10:58,M001,OFF
2024-01-02,18:11:00,D001,ON
2024-01-02,18:11:47,D001,OFF
2024-01-02,18:12:00,D001,ON
2024-01-02,18:12:22,D001,OFF
2024-01-02,18:13:00,D001,ON
2024-01-02,18:13:07,D001,OFF
2024-01-02,18:14:00,M003,ON
2024-01-02,18:14:00,D001,ON
2024-01-02,18:14:25,D001,OFF
2024-01-02,18:14:32,M003,OFF
2024-01-02,18:15:00,M002,ON
2024-01-02,18:15:34,M002,OFF
2024-01-02,18:16:00,M003,ON
2024-01-02,18:16:19,M003,OFF
2024-01-02,18:17:00,I001,ON
2024-01-02,18:18:00,D001,ON
2024-01-02,18:18:43,D001,OFF
2024-01-02,18:19:00,M003,ON
2024-01-02,18:19:00,I002,ON
2024-01-02,18:19:17,M003,OFF
2024-01-02,18:20:00,M003,ON
2024-01-02,18:20:00,I001,OFF
2024-01-02,18:20:59,M003,OFF
2024-01-02,18:22:00,M001,ON
2024-01-02,18:22:00,M003,ON
2024-01-02,18:22:00,I001,ON
2024-01-02,18:22:26,M003,OFF
2024-01-02,18:22:54,M001,OFF
2024-01-02,18:24:00,M002,ON
2024-01-02,18:24:00,M003,ON
2024-01-02,18:24:08,M003,OFF
2024-01-02,18:24:29,M002,OFF
2024-01-02,18:25:00,M002,ON
2024-01-02,18:25:00,I001,OFF
2024-01-02,18:25:29,M002,OFF
2024-01-02,18:27:00,D001,ON
2024-01-02,18:27:47,D001,OFF
2024-01-02,18:28:00,M003,ON
2024-01-02,18:28:00,D001,ON
2024-01-02,18:28:45,D001,OFF
2024-01-02,18:28:49,M003,OFF
2024-01-02,18:30:00,M003,ON
2024-01-02,18:30:06,M003,OFF
2024-01-02,18:33:00,M002,ON
2024-01-02,18:33:00,D001,ON
2024-01-02,18:33:42,D001,OFF
2024-01-02,18:33:59,M002,OFF
2024-01-02,18:34:00,M002,ON
2024-01-02,18:34:26,M002,OFF
2024-01-02,18:35:00,D001,ON
2024-01-02,18:35:58,D001,OFF
2024-01-02,18:36:00,D001,ON
2024-01-02,18:36:28,D001,OFF
2024-01-02,18:38:00,M001,ON
2024-01-02,18:38:00,M002,ON
2024-01-02,18:38:00,D001,ON
2024-01-02,18:38:15,M002,OFF
2024-01-02,18:38:32,M001,OFF
2024-01-02,18:38:38,D001,OFF
2024-01-02,18:39:00,M002,ON
2024-01-02,18:39:00,D001,ON
2024-01-02,18:39:16,D001,OFF
2024-01-02,18:39:22,M002,OFF
2024-01-02,18:41:00,M001,ON
2024-01-02,18:41:00,M002,ON
2024-01-02,18:41:00,M003,ON
2024-01-02,18:41:13,M002,OFF
2024-01-02,18:41:25,M001,OFF
2024-01-02,18:41:54,M003,OFF
2024-01-02,18:43:00,M003,ON
2024-01-02,18:43:00,I001,ON
2024-01-02,18:43:52,M003,OFF
2024-01-02,18:44:00,M003,ON
2024-01-02,18:44:57,M003,OFF
2024-01-02,18:45:00,M002,ON
2024-01-02,18:45:00,M003,ON
2024-01-02,18:45:16,M003,OFF
2024-01-02,18:45:18,M002,OFF
2024-01-02,18:46:00,M002,ON
2024-01-02,18:46:00,M003,ON
2024-01-02,18:46:36,M003,OFF
2024-01-02,18:46:42,M002,OFF
2024-01-02,18:47:00,M003,ON
2024-01-02,18:47:11,M003,OFF
2024-01-02,18:48:00,D001,ON
2024-01-02,18:48:46,D001,OFF
2024-01-02,18:50:00,M003,ON
2024-01-02,18:50:00,D001,ON
2024-01-02,18:50:48,M003,OFF
2024-01-02,18:50:58,D001,OFF
2024-01-02,18:51:00,M001,ON
2024-01-02,18:51:00,M002,ON
2024-01-02,18:51:19,M002,OFF
2024-01-02,18:51:42,M001,OFF
2024-01-02,18:52:00,M001,ON
2024-01-02,18:52:00,M002,ON
2024-01-02,18:52:44,M001,OFF
2024-01-02,18:52:58,M002,OFF
2024-01-02,18:54:00,M001,ON
2024-01-02,18:54:00,D001,ON
2024-01-02,18:54:10,D001,OFF
2024-01-02,18:54:46,M001,OFF
2024-01-02,18:55:00,D001,ON
2024-01-02,18:55:00,I002,OFF
2024-01-02,18:55:07,D001,OFF
2024-01-02,18:56:00,D001,ON
2024-01-02,18:56:33,D001,OFF
2024-01-02,18:58:00,D001,ON
2024-01-02,18:58:46,D001,OFF
2024-01-02,18:59:00,M001,ON
2024-01-02,18:59:00,D001,ON
2024-01-02,18:59:09,D001,OFF
2024-01-02,18:59:21,M001,OFF
2024-01-02,19:03:00,M001,ON
2024-01-02,19:03:57,M001,OFF
2024-01-02,19:04:00,M003,ON
2024-01-02,19:04:35,M003,OFF
2024-01-02,19:05:00,M003,ON
2024-01-02,19:05:07,M003,OFF
2024-01-02,19:06:00,M001,ON
2024-01-02,19:06:08,M001,OFF
2024-01-02,19:07:00,M001,ON
2024-01-02,19:07:43,M001,OFF
2024-01-02,19:08:00,M001,ON
2024-01-02,19:08:00,D001,ON
2024-01-02,19:08:31,M001,OFF
2024-01-02,19:08:57,D001,OFF
2024-01-02,19:10:00,M001,ON
2024-01-02,19:10:11,M001,OFF
2024-01-02,19:11:00,M002,ON
2024-01-02,19:11:00,D001,ON
2024-01-02,19:11:08,D001,OFF
2024-01-02,19:11:43,M002,OFF
2024-01-02,19:12:00,M003,ON
2024-01-02,19:12:00,D001,ON
2024-01-02,19:12:15,D001,OFF
2024-01-02,19:12:59,M003,OFF
2024-01-02,19:13:00,D001,ON
2024-01-02,19:13:38,D001,OFF
2024-01-02,19:14:00,M001,ON
2024-01-02,19:14:00,D001,ON
2024-01-02,19:14:27,D001,OFF
2024-01-02,19:14:39,M001,OFF
2024-01-02,19:15:00,M003,ON
2024-01-02,19:15:46,M003,OFF
2024-01-02,19:16:00,M001,ON
2024-01-02,19:16:00,M002,ON
2024-01-02,19:16:00,M003,ON
2024-01-02,19:16:00,D001,ON
2024-01-02,19:16:11,M003,OFF
2024-01-02,19:16:39,M002,OFF
2024-01-02,19:16:58,D001,OFF
2024-01-02,19:16:59,M001,OFF
2024-01-02,19:18:00,M001,ON
2024-01-02,19:18:00,M003,ON
2024-01-02,19:18:00,D001,ON
2024-01-02,19:18:09,D001,OFF
2024-01-02,19:18:25,M001,OFF
2024-01-02,19:18:39,M003,OFF
2024-01-02,19:19:00,D001,ON
2024-01-02,19:19:36,D001,OFF
2024-01-02,19:21:00,M003,ON
2024-01-02,19:21:00,D001,ON
2024-01-02,19:21:24,D001,OFF
2024-01-02,19:21:27,M003,OFF
2024-01-02,19:22:00,M002,ON
2024-01-02,19:22:00,D001,ON
2024-01-02,19:22:12,M002,OFF
2024-01-02,19:22:57,D001,OFF
2024-01-02,19:23:00,D001,ON
2024-01-02,19:23:59,D001,OFF
2024-01-02,19:25:00,M003,ON
2024-01-02,19:25:00,I002,ON
2024-01-02,19:25:43,M003,OFF
2024-01-02,19:27:00,M001,ON
2024-01-02,19:27:45,M001,OFF
2024-01-02,19:28:00,M003,ON
2024-01-02,19:28:00,D001,ON
2024-01-02,19:28:25,M003,OFF
2024-01-02,19:28:55,D001,OFF
2024-01-02,19:29:00,M003,ON
2024-01-02,19:29:23,M003,OFF
2024-01-02,19:30:00,D001,ON
2024-01-02,19:30:51,D001,OFF
2024-01-02,19:31:00,M002,ON
2024-01-02,19:31:00,D001,ON
2024-01-02,19:31:26,D001,OFF
2024-01-02,19:31:35,M002,OFF
2024-01-02,19:32:00,M001,ON
2024-01-02,19:32:00,M002,ON
2024-01-02,19:32:00,D001,ON
2024-01-02,19:32:06,M001,OFF
2024-01-02,19:32:14,M002,OFF
2024-01-02,19:32:33,D001,OFF
2024-01-02,19:33:00,M003,ON
2024-01-02,19:33:50,M003,OFF
2024-01-02,19:34:00,M001,ON
2024-01-02,19:34:58,M001,OFF
2024-01-02,19:35:00,M002,ON
2024-01-02,19:35:00,M003,ON
2024-01-02,19:35:49,M002,OFF
2024-01-02,19:35:57,M003,OFF
2024-01-02,19:37:00,M002,ON
2024-01-02,19:37:56,M002,OFF
2024-01-02,19:38:00,D001,ON
2024-01-02,19:38:50,D001,OFF
2024-01-02,19:39:00,M001,ON
2024-01-02,19:39:57,M001,OFF
2024-01-02,19:41:00,M003,ON
2024-01-02,19:41:32,M003,OFF
2024-01-02,19:42:00,D001,ON
2024-01-02,19:42:59,D001,OFF
2024-01-02,19:43:00,D001,ON
2024-01-02,19:43:10,D001,OFF
2024-01-02,19:45:00,M002,ON
2024-01-02,19:45:00,I002,OFF
2024-01-02,19:45:10,M002,OFF
2024-01-02,19:46:00,M002,ON
2024-01-02,19:46:00,I002,ON
2024-01-02,19:46:17,M002,OFF
2024-01-02,19:48:00,D001,ON
2024-01-02,19:48:28,D001,OFF
2024-01-02,19:49:00,M003,ON
2024-01-02,19:49:59,M003,OFF
2024-01-02,19:51:00,M001,ON
2024-01-02,19:51:00,M003,ON
2024-01-02,19:51:05,M003,OFF
2024-01-02,19:51:28,M001,OFF
2024-01-02,19:52:00,M001,ON
2024-01-02,19:52:00,D001,ON
2024-01-02,19:52:24,M001,OFF
2024-01-02,19:52:38,D001,OFF
2024-01-02,19:56:00,M003,ON
2024-01-02,19:56:25,M003,OFF
2024-01-02,19:59:00,M002,ON
2024-01-02,19:59:00,M003,ON
2024-01-02,19:59:11,M003,OFF
2024-01-02,19:59:16,M002,OFF
2024-01-02,20:00:00,M002,ON
2024-01-02,20:00:12,M002,OFF
2024-01-02,20:01:00,M003,ON
2024-01-02,20:01:43,M003,OFF
2024-01-02,20:02:00,M002,ON
2024-01-02,20:02:06,M002,OFF
2024-01-02,20:03:00,M002,ON
2024-01-02,20:03:11,M002,OFF
2024-01-02,20:04:00,D001,ON
2024-01-02,20:04:12,D001,OFF
2024-01-02,20:06:00,M001,ON
2024-01-02,20:06:08,M001,OFF
2024-01-02,20:09:00,M002,ON
2024-01-02,20:09:00,D001,ON
2024-01-02,20:09:32,M002,OFF
2024-01-02,20:09:35,D001,OFF
2024-01-02,20:12:00,M001,ON
2024-01-02,20:12:00,M002,ON
2024-01-02,20:12:20,M002,OFF
2024-01-02,20:12:53,M001,OFF
2024-01-02,20:14:00,M002,ON
2024-01-02,20:14:00,D001,ON
2024-01-02,20:14:31,D001,OFF
2024-01-02,20:14:42,M002,OFF
2024-01-02,20:15:00,M001,ON
2024-01-02,20:15:00,M002,ON
2024-01-02,20:15:36,M002,OFF
2024-01-02,20:15:49,M001,OFF
2024-01-02,20:16:00,D001,ON
2024-01-02,20:16:50,D001,OFF
2024-01-02,20:18:00,M002,ON
2024-01-02,20:18:59,M002,OFF
2024-01-02,20:19:00,M001,ON
2024-01-02,20:19:00,D001,ON
2024-01-02,20:19:16,D001,OFF
2024-01-02,20:19:43,M001,OFF
2024-01-02,20:20:00,M001,ON
2024-01-02,20:20:00,D001,ON
2024-01-02,20:20:32,D001,OFF
2024-01-02,20:20:58,M001,OFF
2024-01-02,20:21:00,M001,ON
2024-01-02,20:21:00,D001,ON
2024-01-02,20:21:39,M001,OFF
2024-01-02,20:21:40,D001,OFF
2024-01-02,20:22:00,M001,ON
2024-01-02,20:22:00,M003,ON
2024-01-02,20:22:00,I002,OFF
2024-01-02,20:22:09,M003,OFF
2024-01-02,20:22:56,M001,OFF
2024-01-02,20:23:00,M003,ON
2024-01-02,20:23:22,M003,OFF
2024-01-02,20:24:00,D001,ON
2024-01-02,20:24:44,D001,OFF
2024-01-02,20:25:00,M002,ON
2024-01-02,20:25:26,M002,OFF
2024-01-02,20:26:00,M001,ON
2024-01-02,20:26:00,M003,ON
2024-01-02,20:26:00,I001,OFF
2024-01-02,20:26:15,M003,OFF
2024-01-02,20:26:51,M001,OFF
2024-01-02,20:27:00,M003,ON
2024-01-02,20:27:57,M003,OFF
2024-01-02,20:29:00,M003,ON
2024-01-02,20:29:36,M003,OFF
2024-01-02,20:30:00,M001,ON
2024-01-02,20:30:00,M002,ON
2024-01-02,20:30:00,M003,ON
2024-01-02,20:30:00,D001,ON
2024-01-02,20:30:07,M002,OFF
2024-01-02,20:30:13,M003,OFF
2024-01-02,20:30:43,M001,OFF
2024-01-02,20:30:49,D001,OFF
2024-01-02,20:31:00,M002,ON
2024-01-02,20:31:35,M002,OFF
2024-01-02,20:34:00,M003,ON
2024-01-02,20:34:53,M003,OFF
2024-01-02,20:35:00,M001,ON
2024-01-02,20:35:00,D001,ON
2024-01-02,20:35:30,D001,OFF
2024-01-02,20:35:39,M001,OFF
2024-01-02,20:36:00,D001,ON
2024-01-02,20:36:45,D001,OFF
2024-01-02,20:39:00,D001,ON
2024-01-02,20:39:42,D001,OFF
2024-01-02,20:40:00,M003,ON
2024-01-02,20:40:00,D001,ON
2024-01-02,20:40:48,M003,OFF
2024-01-02,20:40:48,D001,OFF
2024-01-02,20:41:00,M001,ON
2024-01-02,20:41:00,M002,ON
2024-01-02,20:41:48,M001,OFF
2024-01-02,20:41:55,M002,OFF
2024-01-02,20:42:00,M003,ON
2024-01-02,20:42:40,M003,OFF
2024-01-02,20:43:00,M001,ON
2024-01-02,20:43:33,M001,OFF
2024-01-02,20:44:00,M003,ON
2024-01-02,20:44:13,M003,OFF
2024-01-02,20:45:00,M001,ON
2024-01-02,20:45:00,M003,ON
2024-01-02,20:45:31,M001,OFF
2024-01-02,20:45:53,M003,OFF
2024-01-02,20:48:00,M001,ON
2024-01-02,20:48:00,D001,ON
2024-01-02,20:48:17,M001,OFF
2024-01-02,20:48:57,D001,OFF
2024-01-02,20:51:00,M002,ON
2024-01-02,20:51:00,D001,ON
2024-01-02,20:51:42,D001,OFF
2024-01-02,20:51:46,M002,OFF
2024-01-02,20:52:00,M002,ON
2024-01-02,20:52:24,M002,OFF
2024-01-02,20:53:00,M001,ON
2024-01-02,20:53:00,D001,ON
2024-01-02,20:53:05,D001,OFF
2024-01-02,20:53:32,M001,OFF
2024-01-02,20:54:00,M002,ON
2024-01-02,20:54:00,D001,ON
2024-01-02,20:54:13,M002,OFF
2024-01-02,20:54:27,D001,OFF
2024-01-02,20:56:00,D001,ON
2024-01-02,20:56:40,D001,OFF
2024-01-02,20:57:00,M003,ON
2024-01-02,20:57:33,M003,OFF
2024-01-02,21:00:00,M001,ON
2024-01-02,21:00:00,D001,ON
2024-01-02,21:00:14,D001,OFF
2024-01-02,21:00:41,M001,OFF
2024-01-02,21:05:00,D001,ON
2024-01-02,21:05:46,D001,OFF
2024-01-02,21:09:00,M003,ON
2024-01-02,21:09:46,M003,OFF
2024-01-02,21:12:00,D001,ON
2024-01-02,21:12:38,D001,OFF
2024-01-02,21:15:00,M003,ON
2024-01-02,21:15:22,M003,OFF
2024-01-02,21:23:00,D001,ON
2024-01-02,21:23:11,D001,OFF
2024-01-02,21:28:00,M001,ON
2024-01-02,21:28:14,M001,OFF
2024-01-02,21:31:00,M002,ON
2024-01-02,21:31:57,M002,OFF
2024-01-02,21:32:00,M002,ON
2024-01-02,21:32:27,M002,OFF
2024-01-02,21:40:00,D001,ON
2024-01-02,21:40:07,D001,OFF
2024-01-02,21:46:00,M003,ON
2024-01-02,21:46:52,M003,OFF
2024-01-02,21:58:00,M002,ON
2024-01-02,21:58:29,M002,OFF
2024-01-02,22:08:00,M002,ON
2024-01-02,22:08:16,M002,OFF
2024-01-02,22:12:00,D001,ON
2024-01-02,22:12:17,D001,OFF
2024-01-02,22:13:00,M002,ON
2024-01-02,22:13:12,M002,OFF
2024-01-02,22:14:00,D001,ON
2024-01-02,22:14:30,D001,OFF
2024-01-02,22:15:00,M002,ON
2024-01-02,22:15:05,M002,OFF
2024-01-02,22:21:00,M002,ON
2024-01-02,22:21:54,M002,OFF
2024-01-02,22:23:00,D001,ON
2024-01-02,22:23:23,D001,OFF
2024-01-02,22:25:00,M001,ON
2024-01-02,22:25:00,I002,ON
2024-01-02,22:25:50,M001,OFF
2024-01-02,22:33:00,M002,ON
2024-01-02,22:33:00,D001,ON
2024-01-02,22:33:17,M002,OFF
2024-01-02,22:33:36,D001,OFF
2024-01-02,22:36:00,M002,ON
2024-01-02,22:36:39,M002,OFF
2024-01-02,22:38:00,D001,ON
2024-01-02,22:38:18,D001,OFF
2024-01-02,22:42:00,D001,ON
2024-01-02,22:42:47,D001,OFF
2024-01-02,22:48:00,M001,ON
2024-01-02,22:48:57,M001,OFF
2024-01-02,22:53:00,M003,ON
2024-01-02,22:53:21,M003,OFF
2024-01-02,23:00:00,M001,ON
2024-01-02,23:00:25,M001,OFF
2024-01-02,23:03:00,M002,ON
2024-01-02,23:03:28,M002,OFF
2024-01-02,23:08:00,D001,ON
2024-01-02,23:08:38,D001,OFF
2024-01-02,23:22:00,M001,ON
2024-01-02,23:22:12,M001,OFF
2024-01-02,23:33:00,M002,ON
2024-01-02,23:33:58,M002,OFF
2024-01-02,23:46:00,M001,ON
2024-01-02,23:46:36,M001,OFF
2024-01-02,23:50:00,M002,ON
2024-01-02,23:50:30,M002,OFF
2024-01-02,23:53:00,I001,ON
2024-01-02,23:57:00,M003,ON
2024-01-02,23:57:10,M003,OFF
2024-01-03,00:03:00,M003,ON
2024-01-03,00:03:39,M003,OFF
2024-01-03,00:11:00,M003,ON
2024-01-03,00:11:51,M003,OFF
2024-01-03,00:18:00,I001,OFF
2024-01-03,00:23:00,M001,ON
2024-01-03,00:23:16,M001,OFF
2024-01-03,00:40:00,M003,ON
2024-01-03,00:40:36,M003,OFF
2024-01-03,00:42:00,M001,ON
2024-01-03,00:42:58,M001,OFF
2024-01-03,00:47:00,D001,ON
2024-01-03,00:47:07,D001,OFF
2024-01-03,00:50:00,D001,ON
2024-01-03,00:50:13,D001,OFF
2024-01-03,00:52:00,M003,ON
2024-01-03,00:52:31,M003,OFF
2024-01-03,01:00:00,M003,ON
2024-01-03,01:00:29,M003,OFF
2024-01-03,01:05:00,M001,ON
2024-01-03,01:05:00,M003,ON
2024-01-03,01:05:13,M001,OFF
2024-01-03,01:05:58,M003,OFF
2024-01-03,01:11:00,M003,ON
2024-01-03,01:11:27,M003,OFF
2024-01-03,01:13:00,M003,ON
2024-01-03,01:13:06,M003,OFF
2024-01-03,01:14:00,M003,ON
2024-01-03,01:14:23,M003,OFF
2024-01-03,01:22:00,M001,ON
2024-01-03,01:22:34,M001,OFF
2024-01-03,01:40:00,M001,ON
2024-01-03,01:40:06,M001,OFF
2024-01-03,01:45:00,D001,ON
2024-01-03,01:45:58,D001,OFF
2024-01-03,01:54:00,M003,ON
2024-01-03,01:54:22,M003,OFF
2024-01-03,01:55:00,M002,ON
2024-01-03,01:55:37,M002,OFF
2024-01-03,01:57:00,M001,ON
2024-01-03,01:57:11,M001,OFF
2024-01-03,02:05:00,M001,ON
2024-01-03,02:05:53,M001,OFF
2024-01-03,02:13:00,I002,OFF
2024-01-03,02:18:00,M002,ON
2024-01-03,02:18:30,M002,OFF
2024-01-03,02:22:00,M003,ON
2024-01-03,02:22:45,M003,OFF
2024-01-03,02:36:00,M003,ON
2024-01-03,02:36:43,M003,OFF
2024-01-03,02:44:00,M001,ON
2024-01-03,02:44:44,M001,OFF
2024-01-03,02:50:00,D001,ON
2024-01-03,02:50:35,D001,OFF
2024-01-03,02:54:00,D001,ON
2024-01-03,02:54:00,I001,ON
2024-01-03,02:54:42,D001,OFF
2024-01-03,02:57:00,D001,ON
2024-01-03,02:57:38,D001,OFF
2024-01-03,03:02:00,M001,ON
2024-01-03,03:02:59,M001,OFF
2024-01-03,03:06:00,M003,ON
2024-01-03,03:06:51,M003,OFF
2024-01-03,03:09:00,I001,OFF
2024-01-03,03:13:00,D001,ON
2024-01-03,03:13:34,D001,OFF
2024-01-03,03:31:00,D001,ON
2024-01-03,03:31:22,D001,OFF
2024-01-03,03:36:00,M002,ON
2024-01-03,03:36:49,M002,OFF
2024-01-03,03:38:00,M001,ON
2024-01-03,03:38:10,M001,OFF
2024-01-03,03:39:00,M003,ON
2024-01-03,03:39:34,M003,OFF
2024-01-03,03:45:00,M002,ON
2024-01-03,03:45:49,M002,OFF
2024-01-03,03:51:00,M002,ON
2024-01-03,03:51:51,M002,OFF
2024-01-03,03:55:00,M002,ON
2024-01-03,03:55:54,M002,OFF
2024-01-03,04:22:00,D001,ON
2024-01-03,04:22:44,D001,OFF
2024-01-03,04:23:00,D001,ON
2024-01-03,04:23:29,D001,OFF
2024-01-03,04:26:00,M003,ON
2024-01-03,04:26:31,M003,OFF
2024-01-03,04:29:00,M001,ON
2024-01-03,04:29:00,M003,ON
2024-01-03,04:29:54,M003,OFF
2024-01-03,04:29:56,M001,OFF
2024-01-03,04:34:00,D001,ON
2024-01-03,04:34:29,D001,OFF
2024-01-03,04:40:00,M001,ON
2024-01-03,04:40:59,M001,OFF
2024-01-03,04:43:00,M003,ON
2024-01-03,04:43:42,M003,OFF
2024-01-03,04:44:00,M001,ON
2024-01-03,04:44:41,M001,OFF
2024-01-03,04:52:00,M001,ON
2024-01-03,04:52:36,M001,OFF
2024-01-03,04:54:00,M002,ON
2024-01-03,04:54:08,M002,OFF
2024-01-03,04:57:00,M001,ON
2024-01-03,04:57:21,M001,OFF
2024-01-03,05:00:00,D001,ON
2024-01-03,05:00:45,D001,OFF
2024-01-03,05:04:00,D001,ON
2024-01-03,05:04:31,D001,OFF
2024-01-03,05:22:00,M003,ON
2024-01-03,05:22:13,M003,OFF
2024-01-03,05:28:00,M001,ON
2024-01-03,05:28:21,M001,OFF
2024-01-03,05:29:00,M002,ON
2024-01-03,05:29:56,M002,OFF
2024-01-03,05:36:00,M003,ON
2024-01-03,05:36:56,M003,OFF
2024-01-03,05:44:00,M001,ON
2024-01-03,05:44:42,M001,OFF
2024-01-03,05:45:00,D001,ON
2024-01-03,05:45:19,D001,OFF
2024-01-03,05:51:00,I002,ON
2024-01-03,05:52:00,M001,ON
2024-01-03,05:52:51,M001,OFF
2024-01-03,05:57:00,M001,ON
2024-01-03,05:57:05,M001,OFF
2024-01-03,05:59:00,D001,ON
2024-01-03,05:59:14,D001,OFF
2024-01-03,06:04:00,M001,ON
2024-01-03,06:04:41,M001,OFF
2024-01-03,06:16:00,D001,ON
2024-01-03,06:16:07,D001,OFF
2024-01-03,06:23:00,D001,ON
2024-01-03,06:23:26,D001,OFF
2024-01-03,06:26:00,M003,ON
2024-01-03,06:26:11,M003,OFF
2024-01-03,06:41:00,M001,ON
2024-01-03,06:41:47,M001,OFF
2024-01-03,06:45:00,M003,ON
2024-01-03,06:45:22,M003,OFF
2024-01-03,06:49:00,M002,ON
2024-01-03,06:49:17,M002,OFF
2024-01-03,06:52:00,M002,ON
2024-01-03,06:52:10,M002,OFF
2024-01-03,07:01:00,M001,ON
2024-01-03,07:01:53,M001,OFF
2024-01-03,07:02:00,M002,ON
2024-01-03,07:02:25,M002,OFF
2024-01-03,07:03:00,D001,ON
2024-01-03,07:03:33,D001,OFF
2024-01-03,07:04:00,M001,ON
2024-01-03,07:04:19,M001,OFF
2024-01-03,07:05:00,M003,ON
2024-01-03,07:05:52,M003,OFF
2024-01-03,07:06:00,M002,ON
2024-01-03,07:06:05,M002,OFF
2024-01-03,07:07:00,M001,ON
2024-01-03,07:07:00,M002,ON
2024-01-03,07:07:00,I002,OFF
2024-01-03,07:07:30,M002,OFF
2024-01-03,07:07:37,M001,OFF
2024-01-03,07:09:00,I002,ON
2024-01-03,07:10:00,M001,ON
2024-01-03,07:10:00,D001,ON
2024-01-03,07:10:06,M001,OFF
2024-01-03,07:10:25,D001,OFF
2024-01-03,07:11:00,D001,ON
2024-01-03,07:11:09,D001,OFF
2024-01-03,07:12:00,M001,ON
2024-01-03,07:12:00,M003,ON
2024-01-03,07:12:33,M001,OFF
2024-01-03,07:12:41,M003,OFF
2024-01-03,07:15:00,M003,ON
2024-01-03,07:15:45,M003,OFF
2024-01-03,07:16:00,M002,ON
2024-01-03,07:16:00,M003,ON
2024-01-03,07:16:00,D001,ON
2024-01-03,07:16:31,M003,OFF
2024-01-03,07:16:33,D001,OFF
2024-01-03,07:16:44,M002,OFF
2024-01-03,07:17:00,M002,ON
2024-01-03,07:17:00,M003,ON
2024-01-03,07:17:10,M003,OFF
2024-01-03,07:17:43,M002,OFF
2024-01-03,07:19:00,M003,ON
2024-01-03,07:19:28,M003,OFF
2024-01-03,07:20:00,M003,ON
2024-01-03,07:20:51,M003,OFF
2024-01-03,07:21:00,M003,ON
2024-01-03,07:21:56,M003,OFF
2024-01-03,07:23:00,M001,ON
2024-01-03,07:23:58,M001,OFF
2024-01-03,07:25:00,M001,ON
2024-01-03,07:25:09,M001,OFF
2024-01-03,07:26:00,M002,ON
2024-01-03,07:26:00,I001,ON
2024-01-03,07:26:20,M002,OFF
2024-01-03,07:28:00,M002,ON
2024-01-03,07:28:49,M002,OFF
2024-01-03,07:29:00,M001,ON
2024-01-03,07:29:13,M001,OFF
2024-01-03,07:30:00,M002,ON
2024-01-03,07:30:00,D001,ON
2024-01-03,07:30:37,D001,OFF
2024-01-03,07:30:55,M002,OFF
2024-01-03,07:32:00,M002,ON
2024-01-03,07:32:34,M002,OFF
2024-01-03,07:33:00,M003,ON
2024-01-03,07:33:16,M003,OFF
2024-01-03,07:37:00,M002,ON
2024-01-03,07:37:00,I002,OFF
2024-01-03,07:37:21,M002,OFF
2024-01-03,07:38:00,M003,ON
2024-01-03,07:38:23,M003,OFF
2024-01-03,07:41:00,D001,ON
2024-01-03,07:41:06,D001,OFF
2024-01-03,07:42:00,M002,ON
2024-01-03,07:42:38,M002,OFF
2024-01-03,07:43:00,M001,ON
2024-01-03,07:43:15,M001,OFF
2024-01-03,07:44:00,M001,ON
2024-01-03,07:44:00,M002,ON
2024-01-03,07:44:09,M002,OFF
2024-01-03,07:44:27,M001,OFF
2024-01-03,07:45:00,M003,ON
2024-01-03,07:45:16,M003,OFF
2024-01-03,07:50:00,M002,ON
2024-01-03,07:50:09,M002,OFF
2024-01-03,07:51:00,M003,ON
2024-01-03,07:51:43,M003,OFF
2024-01-03,07:52:00,M001,ON
2024-01-03,07:52:00,D001,ON
2024-01-03,07:52:49,D001,OFF
2024-01-03,07:52:59,M001,OFF
2024-01-03,07:55:00,D001,ON
2024-01-03,07:55:22,D001,OFF
2024-01-03,07:56:00,M001,ON
2024-01-03,07:56:36,M001,OFF
2024-01-03,07:57:00,M001,ON
2024-01-03,07:57:00,M002,ON
2024-01-03,07:57:09,M002,OFF
2024-01-03,07:57:44,M001,OFF
2024-01-03,07:58:00,M001,ON
2024-01-03,07:58:41,M001,OFF
2024-01-03,07:59:00,M003,ON
2024-01-03,07:59:00,D001,ON
2024-01-03,07:59:16,D001,OFF
2024-01-03,07:59:24,M003,OFF
2024-01-03,08:00:00,M002,ON
2024-01-03,08:00:00,M003,ON
2024-01-03,08:00:00,I002,ON
2024-01-03,08:00:11,M003,OFF
2024-01-03,08:00:54,M002,OFF
2024-01-03,08:01:00,D001,ON
2024-01-03,08:01:23,D001,OFF
2024-01-03,08:03:00,M003,ON
2024-01-03,08:03:32,M003,OFF
2024-01-03,08:06:00,M001,ON
2024-01-03,08:06:00,M003,ON
2024-01-03,08:06:09,M001,OFF
2024-01-03,08:06:34,M003,OFF
2024-01-03,08:07:00,M003,ON
2024-01-03,08:07:00,D001,ON
2024-01-03,08:07:42,D001,OFF
2024-01-03,08:07:49,M003,OFF
2024-01-03,08:09:00,M003,ON
2024-01-03,08:09:58,M003,OFF
2024-01-03,08:10:00,D001,ON
2024-01-03,08:10:36,D001,OFF
2024-01-03,08:14:00,D001,ON
2024-01-03,08:14:55,D001,OFF
2024-01-03,08:16:00,M001,ON
2024-01-03,08:16:19,M001,OFF
2024-01-03,08:17:00,M001,ON
2024-01-03,08:17:31,M001,OFF
2024-01-03,08:18:00,M001,ON
2024-01-03,08:18:57,M001,OFF
2024-01-03,08:20:00,M002,ON
2024-01-03,08:20:00,D001,ON
2024-01-03,08:20:16,D001,OFF
2024-01-03,08:20:28,M002,OFF
2024-01-03,08:25:00,D001,ON
2024-01-03,08:25:22,D001,OFF
2024-01-03,08:27:00,M001,ON
2024-01-03,08:27:00,D001,ON
2024-01-03,08:27:36,D001,OFF
2024-01-03,08:27:43,M001,OFF
2024-01-03,08:29:00,D001,ON
2024-01-03,08:29:38,D001,OFF
2024-01-03,08:30:00,M001,ON
2024-01-03,08:30:00,M003,ON
2024-01-03,08:30:23,M001,OFF
2024-01-03,08:30:49,M003,OFF
2024-01-03,08:31:00,M002,ON
2024-01-03,08:31:34,M002,OFF
2024-01-03,08:32:00,M002,ON
2024-01-03,08:32:00,M003,ON
2024-01-03,08:32:56,M002,OFF
2024-01-03,08:32:56,M003,OFF
2024-01-03,08:33:00,M003,ON
2024-01-03,08:33:00,D001,ON
2024-01-03,08:33:15,M003,OFF
2024-01-03,08:33:42,D001,OFF
2024-01-03,08:37:00,D001,ON
2024-01-03,08:37:24,D001,OFF
2024-01-03,08:38:00,M001,ON
2024-01-03,08:38:00,M002,ON
2024-01-03,08:38:44,M002,OFF
2024-01-03,08:38:52,M001,OFF
2024-01-03,08:39:00,M001,ON
2024-01-03,08:39:42,M001,OFF
2024-01-03,08:40:00,M002,ON
2024-01-03,08:40:00,D001,ON
2024-01-03,08:40:18,D001,OFF
2024-01-03,08:40:37,M002,OFF
2024-01-03,08:43:00,M001,ON
2024-01-03,08:43:00,M003,ON
2024-01-03,08:43:19,M001,OFF
2024-01-03,08:43:27,M003,OFF
2024-01-03,08:44:00,M003,ON
2024-01-03,08:44:00,D001,ON
2024-01-03,08:44:00,I002,OFF
2024-01-03,08:44:47,D001,OFF
2024-01-03,08:44:58,M003,OFF
2024-01-03,08:45:00,D001,ON
2024-01-03,08:45:24,D001,OFF
2024-01-03,08:46:00,D001,ON
2024-01-03,08:46:10,D001,OFF
2024-01-03,08:47:00,M001,ON
2024-01-03,08:47:00,M002,ON
2024-01-03,08:47:00,M003,ON
2024-01-03,08:47:06,M002,OFF
2024-01-03,08:47:16,M001,OFF
2024-01-03,08:47:28,M003,OFF
2024-01-03,08:48:00,M003,ON
2024-01-03,08:48:00,D001,ON
2024-01-03,08:48:43,M003,OFF
2024-01-03,08:48:53,D001,OFF
2024-01-03,08:49:00,M002,ON
2024-01-03,08:49:00,D001,ON
2024-01-03,08:49:37,M002,OFF
2024-01-03,08:49:49,D001,OFF
2024-01-03,08:52:00,M001,ON
2024-01-03,08:52:00,D001,ON
2024-01-03,08:52:00,I001,OFF
2024-01-03,08:52:49,D001,OFF
2024-01-03,08:52:58,M001,OFF
2024-01-03,08:53:00,D001,ON
2024-01-03,08:53:43,D001,OFF
2024-01-03,08:54:00,M002,ON
2024-01-03,08:54:00,D001,ON
2024-01-03,08:54:17,D001,OFF
2024-01-03,08:54:43,M002,OFF
2024-01-03,08:55:00,D001,ON
2024-01-03,08:55:39,D001,OFF
2024-01-03,08:56:00,M003,ON
2024-01-03,08:56:27,M003,OFF
2024-01-03,08:57:00,M001,ON
2024-01-03,08:57:00,M002,ON
2024-01-03,08:57:33,M001,OFF
2024-01-03,08:57:49,M002,OFF
2024-01-03,08:58:00,D001,ON
2024-01-03,08:58:22,D001,OFF
2024-01-03,09:00:00,M002,ON
2024-01-03,09:00:46,M002,OFF
2024-01-03,09:01:00,M001,ON
2024-01-03,09:01:00,M003,ON
2024-01-03,09:01:32,M001,OFF
2024-01-03,09:01:55,M003,OFF
2024-01-03,09:02:00,M001,ON
2024-01-03,09:02:23,M001,OFF
2024-01-03,09:04:00,M002,ON
2024-01-03,09:04:54,M002,OFF
2024-01-03,09:05:00,M002,ON
2024-01-03,09:05:00,D001,ON
2024-01-03,09:05:12,D001,OFF
2024-01-03,09:05:21,M002,OFF
2024-01-03,09:06:00,D001,ON
2024-01-03,09:06:45,D001,OFF
2024-01-03,09:07:00,M003,ON
2024-01-03,09:07:32,M003,OFF
2024-01-03,09:08:00,D001,ON
2024-01-03,09:08:44,D001,OFF
2024-01-03,09:11:00,D001,ON
2024-01-03,09:11:08,D001,OFF
2024-01-03,09:14:00,M003,ON
2024-01-03,09:14:28,M003,OFF
2024-01-03,09:16:00,D001,ON
2024-01-03,09:16:41,D001,OFF
2024-01-03,09:17:00,M001,ON
2024-01-03,09:17:00,M002,ON
2024-01-03,09:17:06,M001,OFF
2024-01-03,09:17:13,M002,OFF
2024-01-03,09:19:00,M003,ON
2024-01-03,09:19:13,M003,OFF
2024-01-03,09:20:00,M001,ON
2024-01-03,09:20:59,M001,OFF
2024-01-03,09:22:00,M003,ON
2024-01-03,09:22:00,D001,ON
2024-01-03,09:22:24,D001,OFF
2024-01-03,09:22:29,M003,OFF
2024-01-03,09:23:00,M003,ON
2024-01-03,09:23:26,M003,OFF
2024-01-03,09:24:00,M002,ON
2024-01-03,09:24:26,M002,OFF
2024-01-03,09:27:00,M001,ON
2024-01-03,09:27:07,M001,OFF
2024-01-03,09:28:00,M002,ON
2024-01-03,09:28:00,D001,ON
2024-01-03,09:28:27,M002,OFF
2024-01-03,09:28:45,D001,OFF
2024-01-03,09:29:00,M003,ON
2024-01-03,09:29:16,M003,OFF
2024-01-03,09:30:00,M001,ON
2024-01-03,09:30:19,M001,OFF
2024-01-03,09:31:00,M003,ON
2024-01-03,09:31:25,M003,OFF
2024-01-03,09:33:00,D001,ON
2024-01-03,09:33:10,D001,OFF
2024-01-03,09:34:00,M003,ON
2024-01-03,09:34:44,M003,OFF
2024-01-03,09:35:00,M002,ON
2024-01-03,09:35:00,D001,ON
2024-01-03,09:35:25,M002,OFF
2024-01-03,09:35:28,D001,OFF
2024-01-03,09:37:00,M002,ON
2024-01-03,09:37:00,D001,ON
2024-01-03,09:37:51,D001,OFF
2024-01-03,09:37:59,M002,OFF
2024-01-03,09:38:00,M001,ON
2024-01-03,09:38:00,M002,ON
2024-01-03,09:38:35,M002,OFF
2024-01-03,09:38:36,M001,OFF
2024-01-03,09:44:00,M001,ON
2024-01-03,09:44:38,M001,OFF
2024-01-03,09:45:00,M002,ON
2024-01-03,09:45:00,I001,ON
2024-01-03,09:45:24,M002,OFF
2024-01-03,09:46:00,M001,ON
2024-01-03,09:46:00,M002,ON
2024-01-03,09:46:07,M001,OFF
2024-01-03,09:46:10,M002,OFF
2024-01-03,09:47:00,M003,ON
2024-01-03,09:47:00,D001,ON
2024-01-03,09:47:08,D001,OFF
2024-01-03,09:47:57,M003,OFF
2024-01-03,09:48:00,M003,ON
2024-01-03,09:48:39,M003,OFF
2024-01-03,09:51:00,D001,ON
2024-01-03,09:51:56,D001,OFF
2024-01-03,09:52:00,M002,ON
2024-01-03,09:52:29,M002,OFF
2024-01-03,09:53:00,D001,ON
2024-01-03,09:53:38,D001,OFF
2024-01-03,09:56:00,M003,ON
2024-01-03,09:56:00,D001,ON
2024-01-03,09:56:21,D001,OFF
2024-01-03,09:56:33,M003,OFF
2024-01-03,09:57:00,M002,ON
2024-01-03,09:57:34,M002,OFF
2024-01-03,09:58:00,M001,ON
2024-01-03,09:58:06,M001,OFF
2024-01-03,09:59:00,M002,ON
2024-01-03,09:59:00,M003,ON
2024-01-03,09:59:10,M002,OFF
2024-01-03,09:59:34,M003,OFF
2024-01-03,10:15:00,M001,ON
2024-01-03,10:15:12,M001,OFF
2024-01-03,10:17:00,I002,ON
2024-01-03,10:23:00,D001,ON
2024-01-03,10:23:35,D001,OFF
2024-01-03,10:35:00,M001,ON
2024-01-03,10:35:29,M001,OFF
2024-01-03,10:45:00,D001,ON
2024-01-03,10:45:06,D001,OFF
2024-01-03,10:48:00,M001,ON
2024-01-03,10:48:40,M001,OFF
2024-01-03,10:50:00,M002,ON
2024-01-03,10:50:37,M002,OFF
2024-01-03,10:54:00,M002,ON
2024-01-03,10:54:35,M002,OFF
2024-01-03,10:58:00,M001,ON
2024-01-03,10:58:50,M001,OFF
2024-01-03,10:59:00,M001,ON
2024-01-03,10:59:12,M001,OFF
2024-01-03,11:03:00,D001,ON
2024-01-03,11:03:25,D001,OFF
2024-01-03,11:07:00,M002,ON
2024-01-03,11:07:08,M002,OFF
2024-01-03,11:24:00,D001,ON
2024-01-03,11:24:25,D001,OFF
2024-01-03,11:25:00,I002,OFF
2024-01-03,11:32:00,M002,ON
2024-01-03,11:32:34,M002,OFF
2024-01-03,11:34:00,D001,ON
2024-01-03,11:34:07,D001,OFF
2024-01-03,12:00:00,M001,ON
2024-01-03,12:00:47,M001,OFF
2024-01-03,12:01:00,M003,ON
2024-01-03,12:01:51,M003,OFF
2024-01-03,12:04:00,M002,ON
2024-01-03,12:04:12,M002,OFF
2024-01-03,12:05:00,M001,ON
2024-01-03,12:05:00,M002,ON
2024-01-03,12:05:05,M001,OFF
2024-01-03,12:05:45,M002,OFF
2024-01-03,12:08:00,M003,ON
2024-01-03,12:08:46,M003,OFF
2024-01-03,12:09:00,M001,ON
2024-01-03,12:09:00,D001,ON
2024-01-03,12:09:08,D001,OFF
2024-01-03,12:09:46,M001,OFF
2024-01-03,12:12:00,M001,ON
2024-01-03,12:12:00,M003,ON
2024-01-03,12:12:34,M001,OFF
2024-01-03,12:12:55,M003,OFF
2024-01-03,12:13:00,M001,ON
2024-01-03,12:13:00,D001,ON
2024-01-03,12:13:46,D001,OFF
2024-01-03,12:13:53,M001,OFF
2024-01-03,12:14:00,M001,ON
2024-01-03,12:14:00,M003,ON
2024-01-03,12:14:00,D001,ON
2024-01-03,12:14:00,I002,ON
2024-01-03,12:14:18,M003,OFF
2024-01-03,12:14:43,M001,OFF
2024-01-03,12:14:52,D001,OFF
2024-01-03,12:16:00,M003,ON
2024-01-03,12:16:48,M003,OFF
2024-01-03,12:17:00,M002,ON
2024-01-03,12:17:12,M002,OFF
2024-01-03,12:19:00,M002,ON
2024-01-03,12:19:48,M002,OFF
2024-01-03,12:20:00,M001,ON
2024-01-03,12:20:11,M001,OFF
2024-01-03,12:24:00,M001,ON
2024-01-03,12:24:12,M001,OFF
2024-01-03,12:25:00,M002,ON
2024-01-03,12:25:39,M002,OFF
2024-01-03,12:26:00,M001,ON
2024-01-03,12:26:00,I001,OFF
2024-01-03,12:26:38,M001,OFF
2024-01-03,12:29:00,M001,ON
2024-01-03,12:29:16,M001,OFF
2024-01-03,12:30:00,M002,ON
2024-01-03,12:30:52,M002,OFF
2024-01-03,12:31:00,D001,ON
2024-01-03,12:31:22,D001,OFF
2024-01-03,12:32:00,M002,ON
2024-01-03,12:32:58,M002,OFF
2024-01-03,12:33:00,I002,OFF
2024-01-03,12:34:00,M002,ON
2024-01-03,12:34:00,I002,ON
2024-01-03,12:34:57,M002,OFF
2024-01-03,12:36:00,M002,ON
2024-01-03,12:36:00,D001,ON
2024-01-03,12:36:00,I001,ON
2024-01-03,12:36:20,M002,OFF
2024-01-03,12:36:40,D001,OFF
2024-01-03,12:38:00,M003,ON
2024-01-03,12:38:42,M003,OFF
2024-01-03,12:39:00,M001,ON
2024-01-03,12:39:55,M001,OFF
2024-01-03,12:40:00,M002,ON
2024-01-03,12:40:00,D001,ON
2024-01-03,12:40:00,I002,OFF
2024-01-03,12:40:05,M002,OFF
2024-01-03,12:40:38,D001,OFF
2024-01-03,12:41:00,M002,ON
2024-01-03,12:41:29,M002,OFF
2024-01-03,12:45:00,M001,ON
2024-01-03,12:45:27,M001,OFF
2024-01-03,12:46:00,M002,ON
2024-01-03,12:46:30,M002,OFF
2024-01-03,12:47:00,M003,ON
2024-01-03,12:47:23,M003,OFF
2024-01-03,12:50:00,D001,ON
2024-01-03,12:50:51,D001,OFF
2024-01-03,12:51:00,M002,ON
2024-01-03,12:51:33,M002,OFF
2024-01-03,12:52:00,M001,ON
2024-01-03,12:52:00,D001,ON
2024-01-03,12:52:15,M001,OFF
2024-01-03,12:52:45,D001,OFF
2024-01-03,12:53:00,M003,ON
2024-01-03,12:53:12,M003,OFF
2024-01-03,12:54:00,M002,ON
2024-01-03,12:54:39,M002,OFF
2024-01-03,12:56:00,D001,ON
2024-01-03,12:56:10,D001,OFF
2024-01-03,12:57:00,M001,ON
2024-01-03,12:57:00,M003,ON
2024-01-03,12:57:00,D001,ON
2024-01-03,12:57:09,M003,OFF
2024-01-03,12:57:32,M001,OFF
2024-01-03,12:57:46,D001,OFF
2024-01-03,12:58:00,I001,OFF
2024-01-03,12:58:00,I002,ON
2024-01-03,13:01:00,D001,ON
2024-01-03,13:01:19,D001,OFF
2024-01-03,13:04:00,M002,ON
2024-01-03,13:04:00,D001,ON
2024-01-03,13:04:35,M002,OFF
2024-01-03,13:04:54,D001,OFF
2024-01-03,13:05:00,M002,ON
2024-01-03,13:05:00,D001,ON
2024-01-03,13:05:00,I002,OFF
2024-01-03,13:05:33,M002,OFF
2024-01-03,13:05:52,D001,OFF
2024-01-03,13:07:00,M003,ON
2024-01-03,13:07:05,M003,OFF
2024-01-03,13:08:00,M003,ON
2024-01-03,13:08:00,D001,ON
2024-01-03,13:08:27,D001,OFF
2024-01-03,13:08:42,M003,OFF
2024-01-03,13:09:00,M002,ON
2024-01-03,13:09:57,M002,OFF
2024-01-03,13:11:00,M001,ON
2024-01-03,13:11:24,M001,OFF
2024-01-03,13:13:00,M002,ON
2024-01-03,13:13:00,D001,ON
2024-01-03,13:13:15,M002,OFF
2024-01-03,13:13:48,D001,OFF
2024-01-03,13:14:00,M003,ON
2024-01-03,13:14:08,M003,OFF
2024-01-03,13:17:00,M003,ON
2024-01-03,13:17:05,M003,OFF
2024-01-03,13:18:00,D001,ON
2024-01-03,13:18:41,D001,OFF
2024-01-03,13:20:00,D001,ON
2024-01-03,13:20:25,D001,OFF
2024-01-03,13:22:00,M002,ON
2024-01-03,13:22:43,M002,OFF
2024-01-03,13:24:00,M001,ON
2024-01-03,13:24:00,M003,ON
2024-01-03,13:24:00,D001,ON
2024-01-03,13:24:08,M001,OFF
2024-01-03,13:24:17,D001,OFF
2024-01-03,13:24:33,M003,OFF
2024-01-03,13:26:00,M002,ON
2024-01-03,13:26:00,D001,ON
2024-01-03,13:26:20,M002,OFF
2024-01-03,13:26:55,D001,OFF
2024-01-03,13:27:00,M001,ON
2024-01-03,13:27:00,M003,ON
2024-01-03,13:27:14,M003,OFF
2024-01-03,13:27:53,M001,OFF
2024-01-03,13:28:00,M002,ON
2024-01-03,13:28:27,M002,OFF
2024-01-03,13:30:00,M002,ON
2024-01-03,13:30:00,M003,ON
2024-01-03,13:30:00,D001,ON
2024-01-03,13:30:06,D001,OFF
2024-01-03,13:30:31,M003,OFF
2024-01-03,13:30:44,M002,OFF
2024-01-03,13:33:00,M001,ON
2024-01-03,13:33:00,D001,ON
2024-01-03,13:33:24,D001,OFF
2024-01-03,13:33:39,M001,OFF
2024-01-03,13:34:00,I001,ON
2024-01-03,13:35:00,M001,ON
2024-01-03,13:35:00,M003,ON
2024-01-03,13:35:21,M001,OFF
2024-01-03,13:35:27,M003,OFF
2024-01-03,13:36:00,M002,ON
2024-01-03,13:36:58,M002,OFF
2024-01-03,13:37:00,M003,ON
2024-01-03,13:37:00,D001,ON
2024-01-03,13:37:06,M003,OFF
2024-01-03,13:37:45,D001,OFF
2024-01-03,13:38:00,M003,ON
2024-01-03,13:38:00,I002,ON
2024-01-03,13:38:26,M003,OFF
2024-01-03,13:40:00,M001,ON
2024-01-03,13:40:36,M001,OFF
2024-01-03,13:41:00,M001,ON
2024-01-03,13:41:00,M002,ON
2024-01-03,13:41:00,D001,ON
2024-01-03,13:41:10,M001,OFF
2024-01-03,13:41:50,D001,OFF
2024-01-03,13:41:51,M002,OFF
2024-01-03,13:43:00,D001,ON
2024-01-03,13:43:55,D001,OFF
2024-01-03,13:44:00,M003,ON
2024-01-03,13:44:00,D001,ON
2024-01-03,13:44:13,D001,OFF
2024-01-03,13:44:46,M003,OFF
2024-01-03,13:45:00,M002,ON
2024-01-03,13:45:00,D001,ON
2024-01-03,13:45:28,D001,OFF
2024-01-03,13:45:34,M002,OFF
2024-01-03,13:46:00,M003,ON
2024-01-03,13:46:31,M003,OFF
2024-01-03,13:48:00,M003,ON
2024-01-03,13:48:41,M003,OFF
2024-01-03,13:49:00,M002,ON
2024-01-03,13:49:51,M002,OFF
2024-01-03,13:52:00,M003,ON
2024-01-03,13:52:53,M003,OFF
2024-01-03,13:53:00,M002,ON
2024-01-03,13:53:09,M002,OFF
2024-01-03,13:54:00,M001,ON
2024-01-03,13:54:54,M001,OFF
2024-01-03,13:55:00,D001,ON
2024-01-03,13:55:00,I002,OFF
2024-01-03,13:55:51,D001,OFF
2024-01-03,13:56:00,M001,ON
2024-01-03,13:56:00,M002,ON
2024-01-03,13:56:09,M002,OFF
2024-01-03,13:56:49,M001,OFF
2024-01-03,13:57:00,M001,ON
2024-01-03,13:57:00,M003,ON
2024-01-03,13:57:31,M001,OFF
2024-01-03,13:57:57,M003,OFF
2024-01-03,13:58:00,M002,ON
2024-01-03,13:58:00,D001,ON
2024-01-03,13:58:14,M002,OFF
2024-01-03,13:58:44,D001,OFF
2024-01-03,14:05:00,I001,OFF
2024-01-03,14:07:00,M001,ON
2024-01-03,14:07:25,M001,OFF
2024-01-03,14:19:00,D001,ON
2024-01-03,14:19:24,D001,OFF
2024-01-03,14:22:00,D001,ON
2024-01-03,14:22:44,D001,OFF
2024-01-03,14:31:00,M001,ON
2024-01-03,14:31:51,M001,OFF
2024-01-03,14:36:00,M002,ON
2024-01-03,14:36:00,M003,ON
2024-01-03,14:36:25,M002,OFF
2024-01-03,14:36:50,M003,OFF
2024-01-03,14:41:00,M001,ON
2024-01-03,14:41:31,M001,OFF
2024-01-03,14:42:00,D001,ON
2024-01-03,14:42:56,D001,OFF
2024-01-03,14:44:00,M001,ON
2024-01-03,14:44:42,M001,OFF
2024-01-03,14:47:00,M001,ON
2024-01-03,14:47:56,M001,OFF
2024-01-03,14:48:00,M001,ON
2024-01-03,14:48:08,M001,OFF
2024-01-03,15:00:00,M003,ON
2024-01-03,15:00:29,M003,OFF
2024-01-03,15:02:00,D001,ON
2024-01-03,15:02:46,D001,OFF
2024-01-03,15:06:00,M001,ON
2024-01-03,15:06:24,M001,OFF
2024-01-03,15:10:00,I002,ON
2024-01-03,15:13:00,M002,ON
2024-01-03,15:13:00,I001,ON
2024-01-03,15:13:39,M002,OFF
2024-01-03,15:15:00,M001,ON
2024-01-03,15:15:18,M001,OFF
2024-01-03,15:23:00,M001,ON
2024-01-03,15:23:00,M003,ON
2024-01-03,15:23:26,M001,OFF
2024-01-03,15:23:58,M003,OFF
2024-01-03,15:24:00,D001,ON
2024-01-03,15:24:43,D001,OFF
2024-01-03,15:29:00,D001,ON
2024-01-03,15:29:36,D001,OFF
2024-01-03,15:45:00,M002,ON
2024-01-03,15:45:13,M002,OFF
2024-01-03,15:46:00,M001,ON
2024-01-03,15:46:13,M001,OFF
2024-01-03,15:47:00,I001,OFF
2024-01-03,15:48:00,M001,ON
2024-01-03,15:48:16,M001,OFF
2024-01-03,15:49:00,M002,ON
2024-01-03,15:49:24,M002,OFF
2024-01-03,15:51:00,M001,ON
2024-01-03,15:51:00,M003,ON
2024-01-03,15:51:23,M001,OFF
2024-01-03,15:51:25,M003,OFF
2024-01-03,15:55:00,M003,ON
2024-01-03,15:55:54,M003,OFF
2024-01-03,15:56:00,D001,ON
2024-01-03,15:56:46,D001,OFF
2024-01-03,15:57:00,M001,ON
2024-01-03,15:57:00,D001,ON
2024-01-03,15:57:32,D001,OFF
2024-01-03,15:57:49,M001,OFF
2024-01-03,15:58:00,D001,ON
2024-01-03,15:58:37,D001,OFF
2024-01-03,16:12:00,M001,ON
2024-01-03,16:12:26,M001,OFF
2024-01-03,16:13:00,M001,ON
2024-01-03,16:13:00,M002,ON
2024-01-03,16:13:14,M001,OFF
2024-01-03,16:13:38,M002,OFF
2024-01-03,16:27:00,D001,ON
2024-01-03,16:27:07,D001,OFF
2024-01-03,16:31:00,M003,ON
2024-01-03,16:31:49,M003,OFF
2024-01-03,16:43:00,M002,ON
2024-01-03,16:43:18,M002,OFF
2024-01-03,16:54:00,M002,ON
2024-01-03,16:54:53,M002,OFF
2024-01-03,16:55:00,M002,ON
2024-01-03,16:55:05,M002,OFF
2024-01-03,16:57:00,M003,ON
2024-01-03,16:57:57,M003,OFF
2024-01-03,16:59:00,M003,ON
2024-01-03,16:59:07,M003,OFF
2024-01-03,17:04:00,M001,ON
2024-01-03,17:04:27,M001,OFF
2024-01-03,17:11:00,M003,ON
2024-01-03,17:11:15,M003,OFF
2024-01-03,17:21:00,M002,ON
2024-01-03,17:21:09,M002,OFF
2024-01-03,17:25:00,M003,ON
2024-01-03,17:25:23,M003,OFF
2024-01-03,17:27:00,M003,ON
2024-01-03,17:27:11,M003,OFF
2024-01-03,17:58:00,D001,ON
2024-01-03,17:58:34,D001,OFF
2024-01-03,18:00:00,D001,ON
2024-01-03,18:00:22,D001,OFF
2024-01-03,18:01:00,M001,ON
2024-01-03,18:01:36,M001,OFF
2024-01-03,18:02:00,M002,ON
2024-01-03,18:02:19,M002,OFF
2024-01-03,18:03:00,M002,ON
2024-01-03,18:03:00,D001,ON
2024-01-03,18:03:25,D001,OFF
2024-01-03,18:03:39,M002,OFF
2024-01-03,18:04:00,M001,ON
2024-01-03,18:04:00,I001,ON
2024-01-03,18:04:12,M001,OFF
2024-01-03,18:07:00,D001,ON
2024-01-03,18:07:12,D001,OFF
2024-01-03,18:08:00,D001,ON
2024-01-03,18:08:31,D001,OFF
2024-01-03,18:09:00,D001,ON
2024-01-03,18:09:30,D001,OFF
2024-01-03,18:10:00,M002,ON
2024-01-03,18:10:00,M003,ON
2024-01-03,18:10:17,M002,OFF
2024-01-03,18:10:45,M003,OFF
2024-01-03,18:11:00,M001,ON
2024-01-03,18:11:59,M001,OFF
2024-01-03,18:12:00,M001,ON
2024-01-03,18:12:00,M003,ON
2024-01-03,18:12:46,M001,OFF
2024-01-03,18:12:58,M003,OFF
2024-01-03,18:14:00,M003,ON
2024-01-03,18:14:00,D001,ON
2024-01-03,18:14:29,D001,OFF
2024-01-03,18:14:56,M003,OFF
2024-01-03,18:15:00,M003,ON
2024-01-03,18:15:09,M003,OFF
2024-01-03,18:16:00,M001,ON
2024-01-03,18:16:00,M003,ON
2024-01-03,18:16:09,M001,OFF
2024-01-03,18:16:50,M003,OFF
2024-01-03,18:17:00,M001,ON
2024-01-03,18:17:37,M001,OFF
2024-01-03,18:19:00,M001,ON
2024-01-03,18:19:00,D001,ON
2024-01-03,18:19:49,D001,OFF
2024-01-03,18:19:50,M001,OFF
2024-01-03,18:20:00,D001,ON
2024-01-03,18:20:15,D001,OFF
2024-01-03,18:21:00,M003,ON
2024-01-03,18:21:16,M003,OFF
2024-01-03,18:22:00,M003,ON
2024-01-03,18:22:33,M003,OFF
2024-01-03,18:23:00,M002,ON
2024-01-03,18:23:00,M003,ON
2024-01-03,18:23:13,M002,OFF
2024-01-03,18:23:18,M003,OFF
2024-01-03,18:24:00,M001,ON
2024-01-03,18:24:00,M002,ON
2024-01-03,18:24:31,M001,OFF
2024-01-03,18:24:53,M002,OFF
2024-01-03,18:25:00,M001,ON
2024-01-03,18:25:00,M003,ON
2024-01-03,18:25:34,M001,OFF
2024-01-03,18:25:51,M003,OFF
2024-01-03,18:26:00,M001,ON
2024-01-03,18:26:00,M002,ON
2024-01-03,18:26:00,M003,ON
2024-01-03,18:26:29,M001,OFF
2024-01-03,18:26:53,M003,OFF
2024-01-03,18:26:56,M002,OFF
2024-01-03,18:30:00,M002,ON
2024-01-03,18:30:00,D001,ON
2024-01-03,18:30:07,M002,OFF
2024-01-03,18:30:55,D001,OFF
2024-01-03,18:31:00,M003,ON
2024-01-03,18:31:09,M003,OFF
2024-01-03,18:32:00,M002,ON
2024-01-03,18:32:00,M003,ON
2024-01-03,18:32:54,M002,OFF
2024-01-03,18:32:54,M003,OFF
2024-01-03,18:33:00,M001,ON
2024-01-03,18:33:31,M001,OFF
2024-01-03,18:34:00,M002,ON
2024-01-03,18:34:31,M002,OFF
2024-01-03,18:35:00,M001,ON
2024-01-03,18:35:00,M003,ON
2024-01-03,18:35:06,M001,OFF
2024-01-03,18:35:56,M003,OFF
2024-01-03,18:36:00,M002,ON
2024-01-03,18:36:00,D001,ON
2024-01-03,18:36:24,M002,OFF
2024-01-03,18:36:50,D001,OFF
2024-01-03,18:38:00,M002,ON
2024-01-03,18:38:00,D001,ON
2024-01-03,18:38:15,M002,OFF
2024-01-03,18:38:51,D001,OFF
2024-01-03,18:41:00,M001,ON
2024-01-03,18:41:00,M003,ON
2024-01-03,18:41:17,M003,OFF
2024-01-03,18:41:36,M001,OFF
2024-01-03,18:42:00,M003,ON
2024-01-03,18:42:19,M003,OFF
2024-01-03,18:44:00,M002,ON
2024-01-03,18:44:00,M003,ON
2024-01-03,18:44:26,M003,OFF
2024-01-03,18:44:30,M002,OFF
2024-01-03,18:45:00,M003,ON
2024-01-03,18:45:14,M003,OFF
2024-01-03,18:46:00,M002,ON
2024-01-03,18:46:00,D001,ON
2024-01-03,18:46:08,D001,OFF
2024-01-03,18:46:48,M002,OFF
2024-01-03,18:47:00,M003,ON
2024-01-03,18:47:52,M003,OFF
2024-01-03,18:48:00,D001,ON
2024-01-03,18:48:34,D001,OFF
2024-01-03,18:49:00,M001,ON
2024-01-03,18:49:00,M003,ON
2024-01-03,18:49:00,I002,OFF
2024-01-03,18:49:07,M003,OFF
2024-01-03,18:49:29,M001,OFF
2024-01-03,18:50:00,M002,ON
2024-01-03,18:50:00,I001,OFF
2024-01-03,18:50:16,M002,OFF
2024-01-03,18:52:00,D001,ON
2024-01-03,18:52:11,D001,OFF
2024-01-03,18:53:00,M001,ON
2024-01-03,18:53:00,M003,ON
2024-01-03,18:53:30,M003,OFF
2024-01-03,18:53:48,M001,OFF
2024-01-03,18:54:00,D001,ON
2024-01-03,18:54:00,I002,ON
2024-01-03,18:54:20,D001,OFF
2024-01-03,18:55:00,M001,ON
2024-01-03,18:55:24,M001,OFF
2024-01-03,18:56:00,M001,ON
2024-01-03,18:56:25,M001,OFF
2024-01-03,18:59:00,D001,ON
2024-01-03,18:59:54,D001,OFF
2024-01-03,19:00:00,M003,ON
2024-01-03,19:00:00,D001,ON
2024-01-03,19:00:14,D001,OFF
2024-01-03,19:00:42,M003,OFF
2024-01-03,19:01:00,M001,ON
2024-01-03,19:01:22,M001,OFF
2024-01-03,19:02:00,M002,ON
2024-01-03,19:02:40,M002,OFF
2024-01-03,19:03:00,M001,ON
2024-01-03,19:03:00,M002,ON
2024-01-03,19:03:00,M003,ON
2024-01-03,19:03:08,M003,OFF
2024-01-03,19:03:27,M001,OFF
2024-01-03,19:03:53,M002,OFF
2024-01-03,19:06:00,M001,ON
2024-01-03,19:06:00,D001,ON
2024-01-03,19:06:34,D001,OFF
2024-01-03,19:06:39,M001,OFF
2024-01-03,19:07:00,M001,ON
2024-01-03,19:07:00,M002,ON
2024-01-03,19:07:20,M002,OFF
2024-01-03,19:07:42,M001,OFF
2024-01-03,19:08:00,M002,ON
2024-01-03,19:08:12,M002,OFF
2024-01-03,19:09:00,M003,ON
2024-01-03,19:09:16,M003,OFF
2024-01-03,19:10:00,M001,ON
2024-01-03,19:10:00,M002,ON
2024-01-03,19:10:00,D001,ON
2024-01-03,19:10:05,M001,OFF
2024-01-03,19:10:40,M002,OFF
2024-01-03,19:10:52,D001,OFF
2024-01-03,19:11:00,M003,ON
2024-01-03,19:11:00,D001,ON
2024-01-03,19:11:46,M003,OFF
2024-01-03,19:11:56,D001,OFF
2024-01-03,19:12:00,M001,ON
2024-01-03,19:12:35,M001,OFF
2024-01-03,19:13:00,M003,ON
2024-01-03,19:13:34,M003,OFF
2024-01-03,19:14:00,M002,ON
2024-01-03,19:14:00,M003,ON
2024-01-03,19:14:00,I002,OFF
2024-01-03,19:14:36,M002,OFF
2024-01-03,19:14:58,M003,OFF
2024-01-03,19:15:00,M002,ON
2024-01-03,19:15:44,M002,OFF
2024-01-03,19:16:00,D001,ON
2024-01-03,19:16:46,D001,OFF
2024-01-03,19:18:00,D001,ON
2024-01-03,19:18:54,D001,OFF
2024-01-03,19:19:00,M002,ON
2024-01-03,19:19:00,M003,ON
2024-01-03,19:19:20,M002,OFF
2024-01-03,19:19:38,M003,OFF
2024-01-03,19:20:00,M001,ON
2024-01-03,19:20:00,M002,ON
2024-01-03,19:20:24,M002,OFF
2024-01-03,19:20:49,M001,OFF
2024-01-03,19:23:00,M003,ON
2024-01-03,19:23:32,M003,OFF
2024-01-03,19:24:00,M002,ON
2024-01-03,19:24:38,M002,OFF
2024-01-03,19:25:00,M001,ON
2024-01-03,19:25:00,M002,ON
2024-01-03,19:25:31,M001,OFF
2024-01-03,19:25:40,M002,OFF
2024-01-03,19:27:00,M001,ON
2024-01-03,19:27:49,M001,OFF
2024-01-03,19:28:00,M002,ON
2024-01-03,19:28:46,M002,OFF
2024-01-03,19:29:00,D001,ON
2024-01-03,19:29:23,D001,OFF
2024-01-03,19:30:00,M001,ON
2024-01-03,19:30:00,M002,ON
2024-01-03,19:30:00,M003,ON
2024-01-03,19:30:12,M002,OFF
2024-01-03,19:30:19,M003,OFF
2024-01-03,19:30:57,M001,OFF
2024-01-03,19:31:00,M002,ON
2024-01-03,19:31:00,M003,ON
2024-01-03,19:31:31,M003,OFF
2024-01-03,19:31:49,M002,OFF
2024-01-03,19:32:00,M002,ON
2024-01-03,19:32:09,M002,OFF
2024-01-03,19:33:00,M001,ON
2024-01-03,19:33:00,D001,ON
2024-01-03,19:33:00,I001,ON
2024-01-03,19:33:20,M001,OFF
2024-01-03,19:33:58,D001,OFF
2024-01-03,19:34:00,M002,ON
2024-01-03,19:34:07,M002,OFF
2024-01-03,19:35:00,I002,ON
2024-01-03,19:37:00,M002,ON
2024-01-03,19:37:13,M002,OFF
2024-01-03,19:38:00,M001,ON
2024-01-03,19:38:00,M002,ON
2024-01-03,19:38:24,M002,OFF
2024-01-03,19:38:53,M001,OFF
2024-01-03,19:40:00,M001,ON
2024-01-03,19:40:00,M002,ON
2024-01-03,19:40:06,M002,OFF
2024-01-03,19:40:32,M001,OFF
2024-01-03,19:43:00,M001,ON
2024-01-03,19:43:07,M001,OFF
2024-01-03,19:44:00,M002,ON
2024-01-03,19:44:00,M003,ON
2024-01-03,19:44:11,M003,OFF
2024-01-03,19:44:45,M002,OFF
2024-01-03,19:45:00,M001,ON
2024-01-03,19:45:28,M001,OFF
2024-01-03,19:46:00,M003,ON
2024-01-03,19:46:00,D001,ON
2024-01-03,19:46:07,D001,OFF
2024-01-03,19:46:14,M003,OFF
2024-01-03,19:47:00,M003,ON
2024-01-03,19:47:09,M003,OFF
2024-01-03,19:48:00,I002,OFF
2024-01-03,19:49:00,M003,ON
2024-01-03,19:49:00,D001,ON
2024-01-03,19:49:12,M003,OFF
2024-01-03,19:49:36,D001,OFF
2024-01-03,19:50:00,M003,ON
2024-01-03,19:50:56,M003,OFF
2024-01-03,19:51:00,M002,ON
2024-01-03,19:51:08,M002,OFF
2024-01-03,19:52:00,M003,ON
2024-01-03,19:52:43,M003,OFF
2024-01-03,19:53:00,M002,ON
2024-01-03,19:53:00,M003,ON
2024-01-03,19:53:06,M003,OFF
2024-01-03,19:53:59,M002,OFF
2024-01-03,19:54:00,D001,ON
2024-01-03,19:54:49,D001,OFF
2024-01-03,19:56:00,M003,ON
2024-01-03,19:56:09,M003,OFF
2024-01-03,19:57:00,I002,ON
2024-01-03,19:58:00,M001,ON
2024-01-03,19:58:00,M002,ON
2024-01-03,19:58:12,M001,OFF
2024-01-03,19:58:16,M002,OFF
2024-01-03,19:59:00,M001,ON
2024-01-03,19:59:00,M003,ON
2024-01-03,19:59:00,D001,ON
2024-01-03,19:59:14,D001,OFF
2024-01-03,19:59:17,M001,OFF
2024-01-03,19:59:58,M003,OFF
2024-01-03,20:06:00,M002,ON
2024-01-03,20:06:42,M002,OFF
2024-01-03,20:07:00,M003,ON
2024-01-03,20:07:47,M003,OFF
2024-01-03,20:08:00,M001,ON
2024-01-03,20:08:00,M003,ON
2024-01-03,20:08:00,D001,ON
2024-01-03,20:08:20,M001,OFF
2024-01-03,20:08:38,D001,OFF
2024-01-03,20:08:39,M003,OFF
2024-01-03,20:10:00,M002,ON
2024-01-03,20:10:00,D001,ON
2024-01-03,20:10:00,I001,OFF
2024-01-03,20:10:07,D001,OFF
2024-01-03,20:10:59,M002,OFF
2024-01-03,20:11:00,M002,ON
2024-01-03,20:11:50,M002,OFF
2024-01-03,20:12:00,M002,ON
2024-01-03,20:12:36,M002,OFF
2024-01-03,20:13:00,D001,ON
2024-01-03,20:13:30,D001,OFF
2024-01-03,20:14:00,M002,ON
2024-01-03,20:14:00,M003,ON
2024-01-03,20:14:19,M002,OFF
2024-01-03,20:14:23,M003,OFF
2024-01-03,20:15:00,M001,ON
2024-01-03,20:15:00,M002,ON
2024-01-03,20:15:00,D001,ON
2024-01-03,20:15:14,D001,OFF
2024-01-03,20:15:16,M002,OFF
2024-01-03,20:15:33,M001,OFF
2024-01-03,20:16:00,I001,ON
2024-01-03,20:17:00,M001,ON
2024-01-03,20:17:21,M001,OFF
2024-01-03,20:18:00,M003,ON
2024-01-03,20:18:58,M003,OFF
2024-01-03,20:21:00,D001,ON
2024-01-03,20:21:36,D001,OFF
2024-01-03,20:22:00,M001,ON
2024-01-03,20:22:00,M002,ON
2024-01-03,20:22:00,M003,ON
2024-01-03,20:22:00,D001,ON
2024-01-03,20:22:05,M002,OFF
2024-01-03,20:22:09,M001,OFF
2024-01-03,20:22:18,M003,OFF
2024-01-03,20:22:18,D001,OFF
2024-01-03,20:24:00,M002,ON
2024-01-03,20:24:00,M003,ON
2024-01-03,20:24:38,M003,OFF
2024-01-03,20:24:44,M002,OFF
2024-01-03,20:25:00,M002,ON
2024-01-03,20:25:00,M003,ON
2024-01-03,20:25:00,D001,ON
2024-01-03,20:25:38,D001,OFF
2024-01-03,20:25:42,M002,OFF
2024-01-03,20:25:58,M003,OFF
2024-01-03,20:26:00,M003,ON
2024-01-03,20:26:39,M003,OFF
2024-01-03,20:27:00,D001,ON
2024-01-03,20:27:09,D001,OFF
2024-01-03,20:28:00,M001,ON
2024-01-03,20:28:00,M003,ON
2024-01-03,20:28:48,M003,OFF
2024-01-03,20:28:53,M001,OFF
2024-01-03,20:30:00,M002,ON
2024-01-03,20:30:00,D001,ON
2024-01-03,20:30:35,D001,OFF
2024-01-03,20:30:46,M002,OFF
2024-01-03,20:31:00,M001,ON
2024-01-03,20:31:20,M001,OFF
2024-01-03,20:36:00,M001,ON
2024-01-03,20:36:00,M003,ON
2024-01-03,20:36:26,M003,OFF
2024-01-03,20:36:52,M001,OFF
2024-01-03,20:37:00,M002,ON
2024-01-03,20:37:00,D001,ON
2024-01-03,20:37:17,M002,OFF
2024-01-03,20:37:42,D001,OFF
2024-01-03,20:39:00,M003,ON
2024-01-03,20:39:52,M003,OFF
2024-01-03,20:41:00,I001,OFF
2024-01-03,20:42:00,M003,ON
2024-01-03,20:42:38,M003,OFF
2024-01-03,20:44:00,M002,ON
2024-01-03,20:44:47,M002,OFF
2024-01-03,20:46:00,M002,ON
2024-01-03,20:46:54,M002,OFF
2024-01-03,20:49:00,M002,ON
2024-01-03,20:49:00,M003,ON
2024-01-03,20:49:00,D001,ON
2024-01-03,20:49:26,M002,OFF
2024-01-03,20:49:44,M003,OFF
2024-01-03,20:49:59,D001,OFF
2024-01-03,20:50:00,M003,ON
2024-01-03,20:50:54,M003,OFF
2024-01-03,20:51:00,M003,ON
2024-01-03,20:51:26,M003,OFF
2024-01-03,20:52:00,D001,ON
2024-01-03,20:52:24,D001,OFF
2024-01-03,20:53:00,D001,ON
2024-01-03,20:53:19,D001,OFF
2024-01-03,20:54:00,I001,ON
2024-01-03,20:55:00,M001,ON
2024-01-03,20:55:08,M001,OFF
2024-01-03,20:56:00,M001,ON
2024-01-03,20:56:00,M003,ON
2024-01-03,20:56:11,M001,OFF
2024-01-03,20:56:32,M003,OFF
2024-01-03,20:57:00,M002,ON
2024-01-03,20:57:00,D001,ON
2024-01-03,20:57:18,M002,OFF
2024-01-03,20:57:53,D001,OFF
2024-01-03,20:58:00,D001,ON
2024-01-03,20:58:58,D001,OFF
2024-01-03,21:01:00,M002,ON
2024-01-03,21:01:45,M002,OFF
2024-01-03,21:02:00,M001,ON
2024-01-03,21:02:09,M001,OFF
2024-01-03,21:13:00,M003,ON
2024-01-03,21:13:00,D001,ON
2024-01-03,21:13:32,D001,OFF
2024-01-03,21:13:58,M003,OFF
2024-01-03,21:36:00,D001,ON
2024-01-03,21:36:11,D001,OFF
2024-01-03,21:42:00,M001,ON
2024-01-03,21:42:43,M001,OFF
2024-01-03,21:43:00,M001,ON
2024-01-03,21:43:57,M001,OFF
2024-01-03,21:46:00,M002,ON
2024-01-03,21:46:22,M002,OFF
2024-01-03,21:49:00,M001,ON
2024-01-03,21:49:50,M001,OFF
2024-01-03,21:53:00,D001,ON
2024-01-03,21:53:35,D001,OFF
2024-01-03,21:58:00,M002,ON
2024-01-03,21:58:59,M002,OFF
2024-01-03,22:00:00,M002,ON
2024-01-03,22:00:29,M002,OFF
2024-01-03,22:03:00,M001,ON
2024-01-03,22:03:57,M001,OFF
2024-01-03,22:15:00,M001,ON
2024-01-03,22:15:13,M001,OFF
2024-01-03,22:19:00,M003,ON
2024-01-03,22:19:54,M003,OFF
2024-01-03,22:23:00,M002,ON
2024-01-03,22:23:59,M002,OFF
2024-01-03,22:26:00,M002,ON
2024-01-03,22:26:00,M003,ON
2024-01-03,22:26:00,D001,ON
2024-01-03,22:26:17,D001,OFF
2024-01-03,22:26:24,M002,OFF
2024-01-03,22:26:32,M003,OFF
2024-01-03,22:28:00,M002,ON
2024-01-03,22:28:38,M002,OFF
2024-01-03,22:37:00,M003,ON
2024-01-03,22:37:00,I001,OFF
2024-01-03,22:37:31,M003,OFF
2024-01-03,22:48:00,D001,ON
2024-01-03,22:48:14,D001,OFF
2024-01-03,22:51:00,M003,ON
2024-01-03,22:51:43,M003,OFF
2024-01-03,22:56:00,D001,ON
2024-01-03,22:56:28,D001,OFF
2024-01-03,22:59:00,D001,ON
2024-01-03,22:59:55,D001,OFF
2024-01-03,23:16:00,M001,ON
2024-01-03,23:16:00,M002,ON
2024-01-03,23:16:30,M002,OFF
2024-01-03,23:16:40,M001,OFF
2024-01-03,23:34:00,I002,OFF
2024-01-03,23:35:00,D001,ON
2024-01-03,23:35:48,D001,OFF
2024-01-03,23:39:00,M001,ON
2024-01-03,23:39:30,M001,OFF
2024-01-03,23:46:00,M002,ON
2024-01-03,23:46:34,M002,OFF
2024-01-03,23:48:00,I002,ON
2024-01-03,23:49:00,M003,ON
2024-01-03,23:49:07,M003,OFF
2024-01-03,23:50:00,M003,ON
2024-01-03,23:50:00,D001,ON
2024-01-03,23:50:14,D001,OFF
2024-01-03,23:50:30,M003,OFF
2024-01-03,23:53:00,D001,ON
2024-01-03,23:53:53,D001,OFF
2024-01-04,00:01:00,M003,ON
2024-01-04,00:01:13,M003,OFF
2024-01-04,00:04:00,M002,ON
2024-01-04,00:04:11,M002,OFF
2024-01-04,00:09:00,M002,ON
2024-01-04,00:09:24,M002,OFF
2024-01-04,00:15:00,I002,OFF
2024-01-04,00:22:00,M001,ON
2024-01-04,00:22:56,M001,OFF
2024-01-04,00:30:00,D001,ON
2024-01-04,00:30:44,D001,OFF
2024-01-04,00:50:00,M001,ON
2024-01-04,00:50:06,M001,OFF
2024-01-04,00:51:00,M001,ON
2024-01-04,00:51:10,M001,OFF
2024-01-04,00:57:00,D001,ON
2024-01-04,00:57:40,D001,OFF
2024-01-04,01:00:00,M003,ON
2024-01-04,01:00:35,M003,OFF
2024-01-04,01:05:00,M002,ON
2024-01-04,01:05:35,M002,OFF
2024-01-04,01:12:00,D001,ON
2024-01-04,01:12:24,D001,OFF
2024-01-04,01:39:00,M001,ON
2024-01-04,01:39:51,M001,OFF
2024-01-04,01:47:00,D001,ON
2024-01-04,01:47:57,D001,OFF
2024-01-04,01:48:00,M003,ON
2024-01-04,01:48:24,M003,OFF
2024-01-04,01:52:00,M001,ON
2024-01-04,01:52:39,M001,OFF
2024-01-04,02:01:00,M001,ON
2024-01-04,02:01:21,M001,OFF
2024-01-04,02:13:00,D001,ON
2024-01-04,02:13:26,D001,OFF
2024-01-04,02:20:00,M003,ON
2024-01-04,02:20:12,M003,OFF
2024-01-04,02:21:00,D001,ON
2024-01-04,02:21:50,D001,OFF
2024-01-04,02:28:00,M003,ON
2024-01-04,02:28:51,M003,OFF
2024-01-04,02:36:00,M001,ON
2024-01-04,02:36:42,M001,OFF
2024-01-04,02:57:00,M001,ON
2024-01-04,02:57:26,M001,OFF
2024-01-04,03:05:00,M001,ON
2024-01-04,03:05:10,M001,OFF
2024-01-04,03:09:00,M002,ON
2024-01-04,03:09:56,M002,OFF
2024-01-04,03:14:00,M001,ON
2024-01-04,03:14:00,D001,ON
2024-01-04,03:14:15,M001,OFF
2024-01-04,03:14:25,D001,OFF
2024-01-04,03:35:00,M001,ON
2024-01-04,03:35:42,M001,OFF
2024-01-04,03:54:00,M003,ON
2024-01-04,03:54:06,M003,OFF
2024-01-04,03:57:00,M002,ON
2024-01-04,03:57:22,M002,OFF
2024-01-04,03:59:00,M003,ON
2024-01-04,03:59:50,M003,OFF
2024-01-04,04:02:00,M001,ON
2024-01-04,04:02:57,M001,OFF
2024-01-04,04:04:00,I002,ON
2024-01-04,04:05:00,M001,ON
2024-01-04,04:05:33,M001,OFF
2024-01-04,04:22:00,D001,ON
2024-01-04,04:22:20,D001,OFF
2024-01-04,04:32:00,M003,ON
2024-01-04,04:32:39,M003,OFF
2024-01-04,04:40:00,D001,ON
2024-01-04,04:40:36,D001,OFF
2024-01-04,04:45:00,M002,ON
2024-01-04,04:45:25,M002,OFF
2024-01-04,04:54:00,M001,ON
2024-01-04,04:54:00,M002,ON
2024-01-04,04:54:35,M001,OFF
2024-01-04,04:54:46,M002,OFF
2024-01-04,05:06:00,M001,ON
2024-01-04,05:06:36,M001,OFF
2024-01-04,05:08:00,M003,ON
2024-01-04,05:08:22,M003,OFF
2024-01-04,05:14:00,D001,ON
2024-01-04,05:14:26,D001,OFF
2024-01-04,05:26:00,M003,ON
2024-01-04,05:26:46,M003,OFF
2024-01-04,05:30:00,M003,ON
2024-01-04,05:30:05,M003,OFF
2024-01-04,05:34:00,M001,ON
2024-01-04,05:34:34,M001,OFF
2024-01-04,05:36:00,M001,ON
2024-01-04,05:36:09,M001,OFF
2024-01-04,05:37:00,M001,ON
2024-01-04,05:37:09,M001,OFF
2024-01-04,05:41:00,M002,ON
2024-01-04,05:41:13,M002,OFF
2024-01-04,05:43:00,M003,ON
2024-01-04,05:43:00,I002,OFF
2024-01-04,05:43:08,M003,OFF
2024-01-04,05:47:00,M001,ON
2024-01-04,05:47:26,M001,OFF
2024-01-04,05:59:00,M003,ON
2024-01-04,05:59:22,M003,OFF
2024-01-04,06:03:00,M003,ON
2024-01-04,06:03:53,M003,OFF
2024-01-04,06:04:00,M002,ON
2024-01-04,06:04:46,M002,OFF
2024-01-04,06:08:00,D001,ON
2024-01-04,06:08:15,D001,OFF
2024-01-04,06:09:00,M002,ON
2024-01-04,06:09:18,M002,OFF
2024-01-04,06:16:00,M003,ON
2024-01-04,06:16:34,M003,OFF
2024-01-04,06:20:00,M002,ON
2024-01-04,06:20:00,D001,ON
2024-01-04,06:20:43,D001,OFF
2024-01-04,06:20:56,M002,OFF
2024-01-04,06:21:00,M002,ON
2024-01-04,06:21:38,M002,OFF
2024-01-04,06:27:00,M001,ON
2024-01-04,06:27:45,M001,OFF
2024-01-04,06:30:00,M002,ON
2024-01-04,06:30:51,M002,OFF
2024-01-04,06:39:00,M001,ON
2024-01-04,06:39:19,M001,OFF
2024-01-04,06:40:00,M003,ON
2024-01-04,06:40:45,M003,OFF
2024-01-04,06:41:00,D001,ON
2024-01-04,06:41:30,D001,OFF
2024-01-04,07:00:00,M003,ON
2024-01-04,07:00:25,M003,OFF
2024-01-04,07:01:00,M002,ON
2024-01-04,07:01:42,M002,OFF
2024-01-04,07:03:00,M002,ON
2024-01-04,07:03:00,M003,ON
2024-01-04,07:03:32,M002,OFF
2024-01-04,07:03:55,M003,OFF
2024-01-04,07:04:00,I001,ON
2024-01-04,07:06:00,M003,ON
2024-01-04,07:06:19,M003,OFF
2024-01-04,07:07:00,M003,ON
2024-01-04,07:07:00,D001,ON
2024-01-04,07:07:14,M003,OFF
2024-01-04,07:07:58,D001,OFF
2024-01-04,07:08:00,D001,ON
2024-01-04,07:08:33,D001,OFF
2024-01-04,07:10:00,M003,ON
2024-01-04,07:10:15,M003,OFF
2024-01-04,07:11:00,M003,ON
2024-01-04,07:11:32,M003,OFF
2024-01-04,07:14:00,M003,ON
2024-01-04,07:14:00,I002,ON
2024-01-04,07:14:12,M003,OFF
2024-01-04,07:15:00,M001,ON
2024-01-04,07:15:55,M001,OFF
2024-01-04,07:17:00,M001,ON
2024-01-04,07:17:00,M003,ON
2024-01-04,07:17:00,D001,ON
2024-01-04,07:17:44,M003,OFF
2024-01-04,07:17:55,D001,OFF
2024-01-04,07:17:56,M001,OFF
2024-01-04,07:18:00,M001,ON
2024-01-04,07:18:23,M001,OFF
2024-01-04,07:19:00,D001,ON
2024-01-04,07:19:22,D001,OFF
2024-01-04,07:20:00,M001,ON
2024-01-04,07:20:11,M001,OFF
2024-01-04,07:22:00,M001,ON
2024-01-04,07:22:11,M001,OFF
2024-01-04,07:23:00,M003,ON
2024-01-04,07:23:09,M003,OFF
2024-01-04,07:24:00,M002,ON
2024-01-04,07:24:00,D001,ON
2024-01-04,07:24:27,D001,OFF
2024-01-04,07:24:29,M002,OFF
2024-01-04,07:27:00,M003,ON
2024-01-04,07:27:38,M003,OFF
2024-01-04,07:28:00,M001,ON
2024-01-04,07:28:00,I001,OFF
2024-01-04,07:28:15,M001,OFF
2024-01-04,07:29:00,M001,ON
2024-01-04,07:29:00,M003,ON
2024-01-04,07:29:37,M001,OFF
2024-01-04,07:29:55,M003,OFF
2024-01-04,07:30:00,M001,ON
2024-01-04,07:30:00,M002,ON
2024-01-04,07:30:00,M003,ON
2024-01-04,07:30:00,D001,ON
2024-01-04,07:30:15,M002,OFF
2024-01-04,07:30:23,M001,OFF
2024-01-04,07:30:50,D001,OFF
2024-01-04,07:30:51,M003,OFF
2024-01-04,07:31:00,M002,ON
2024-01-04,07:31:00,D001,ON
2024-01-04,07:31:05,M002,OFF
2024-01-04,07:31:28,D001,OFF
2024-01-04,07:36:00,I002,OFF
2024-01-04,07:37:00,M002,ON
2024-01-04,07:37:30,M002,OFF
2024-01-04,07:40:00,M002,ON
2024-01-04,07:40:00,D001,ON
2024-01-04,07:40:18,D001,OFF
2024-01-04,07:40:45,M002,OFF
2024-01-04,07:41:00,M001,ON
2024-01-04,07:41:00,D001,ON
2024-01-04,07:41:00,I002,ON
2024-01-04,07:41:36,M001,OFF
2024-01-04,07:41:51,D001,OFF
2024-01-04,07:42:00,M001,ON
2024-01-04,07:42:00,M003,ON
2024-01-04,07:42:06,M003,OFF
2024-01-04,07:42:57,M001,OFF
2024-01-04,07:47:00,M003,ON
2024-01-04,07:47:57,M003,OFF
2024-01-04,07:48:00,D001,ON
2024-01-04,07:48:32,D001,OFF
2024-01-04,07:49:00,M001,ON
2024-01-04,07:49:38,M001,OFF
2024-01-04,07:50:00,D001,ON
2024-01-04,07:50:26,D001,OFF
2024-01-04,07:51:00,M002,ON
2024-01-04,07:51:06,M002,OFF
2024-01-04,07:52:00,M001,ON
2024-01-04,07:52:00,D001,ON
2024-01-04,07:52:17,D001,OFF
2024-01-04,07:52:36,M001,OFF
2024-01-04,07:54:00,M002,ON
2024-01-04,07:54:11,M002,OFF
2024-01-04,07:55:00,D001,ON
2024-01-04,07:55:56,D001,OFF
2024-01-04,07:56:00,M001,ON
2024-01-04,07:56:43,M001,OFF
2024-01-04,07:57:00,M003,ON
2024-01-04,07:57:53,M003,OFF
2024-01-04,08:00:00,M001,ON
2024-01-04,08:00:32,M001,OFF
2024-01-04,08:01:00,M001,ON
2024-01-04,08:01:00,D001,ON
2024-01-04,08:01:50,D001,OFF
2024-01-04,08:01:57,M001,OFF
2024-01-04,08:02:00,I001,ON
2024-01-04,08:03:00,D001,ON
2024-01-04,08:03:16,D001,OFF
2024-01-04,08:05:00,M001,ON
2024-01-04,08:05:56,M001,OFF
2024-01-04,08:06:00,M003,ON
2024-01-04,08:06:00,D001,ON
2024-01-04,08:06:18,D001,OFF
2024-01-04,08:06:53,M003,OFF
2024-01-04,08:07:00,M002,ON
2024-01-04,08:07:40,M002,OFF
2024-01-04,08:08:00,M001,ON
2024-01-04,08:08:50,M001,OFF
2024-01-04,08:09:00,M002,ON
2024-01-04,08:09:31,M002,OFF
2024-01-04,08:10:00,M001,ON
2024-01-04,08:10:53,M001,OFF
2024-01-04,08:11:00,M001,ON
2024-01-04,08:11:00,M002,ON
2024-01-04,08:11:00,M003,ON
2024-01-04,08:11:29,M001,OFF
2024-01-04,08:11:41,M002,OFF
2024-01-04,08:11:53,M003,OFF
2024-01-04,08:14:00,D001,ON
2024-01-04,08:14:13,D001,OFF
2024-01-04,08:15:00,M001,ON
2024-01-04,08:15:00,M002,ON
2024-01-04,08:15:00,M003,ON
2024-01-04,08:15:00,D001,ON
2024-01-04,08:15:12,M001,OFF
2024-01-04,08:15:41,D001,OFF
2024-01-04,08:15:51,M003,OFF
2024-01-04,08:15:55,M002,OFF
2024-01-04,08:16:00,M001,ON
2024-01-04,08:16:00,D001,ON
2024-01-04,08:16:14,M001,OFF
2024-01-04,08:16:45,D001,OFF
2024-01-04,08:17:00,M001,ON
2024-01-04,08:17:19,M001,OFF
2024-01-04,08:18:00,I001,OFF
2024-01-04,08:19:00,M002,ON
2024-01-04,08:19:44,M002,OFF
2024-01-04,08:20:00,M001,ON
2024-01-04,08:20:00,M002,ON
2024-01-04,08:20:00,D001,ON
2024-01-04,08:20:05,M002,OFF
2024-01-04,08:20:14,M001,OFF
2024-01-04,08:20:27,D001,OFF
2024-01-04,08:21:00,M001,ON
2024-01-04,08:21:00,M002,ON
2024-01-04,08:21:00,D001,ON
2024-01-04,08:21:00,I001,ON
2024-01-04,08:21:42,M001,OFF
2024-01-04,08:21:51,M002,OFF
2024-01-04,08:21:59,D001,OFF
2024-01-04,08:22:00,I001,OFF
2024-01-04,08:23:00,M002,ON
2024-01-04,08:23:00,M003,ON
2024-01-04,08:23:22,M003,OFF
2024-01-04,08:23:52,M002,OFF
2024-01-04,08:24:00,M002,ON
2024-01-04,08:24:15,M002,OFF
2024-01-04,08:25:00,M001,ON
2024-01-04,08:25:00,M002,ON
2024-01-04,08:25:00,D001,ON
2024-01-04,08:25:00,I001,ON
2024-01-04,08:25:08,M002,OFF
2024-01-04,08:25:18,D001,OFF
2024-01-04,08:25:26,M001,OFF
2024-01-04,08:26:00,M002,ON
2024-01-04,08:26:00,D001,ON
2024-01-04,08:26:28,M002,OFF
2024-01-04,08:26:41,D001,OFF
2024-01-04,08:29:00,D001,ON
2024-01-04,08:29:25,D001,OFF
2024-01-04,08:31:00,M001,ON
2024-01-04,08:31:00,D001,ON
2024-01-04,08:31:11,M001,OFF
2024-01-04,08:31:30,D001,OFF
2024-01-04,08:32:00,M002,ON
2024-01-04,08:32:00,M003,ON
2024-01-04,08:32:00,D001,ON
2024-01-04,08:32:06,M003,OFF
2024-01-04,08:32:07,M002,OFF
2024-01-04,08:32:58,D001,OFF
2024-01-04,08:34:00,M002,ON
2024-01-04,08:34:00,M003,ON
2024-01-04,08:34:55,M002,OFF
2024-01-04,08:34:59,M003,OFF
2024-01-04,08:35:00,M003,ON
2024-01-04,08:35:00,D001,ON
2024-01-04,08:35:11,M003,OFF
2024-01-04,08:35:18,D001,OFF
2024-01-04,08:36:00,M002,ON
2024-01-04,08:36:39,M002,OFF
2024-01-04,08:38:00,I002,OFF
2024-01-04,08:39:00,M003,ON
2024-01-04,08:39:00,I001,OFF
2024-01-04,08:39:00,I002,ON
2024-01-04,08:39:52,M003,OFF
2024-01-04,08:40:00,M001,ON
2024-01-04,08:40:00,D001,ON
2024-01-04,08:40:10,D001,OFF
2024-01-04,08:40:14,M001,OFF
2024-01-04,08:41:00,M001,ON
2024-01-04,08:41:00,M002,ON
2024-01-04,08:41:08,M001,OFF
2024-01-04,08:41:20,M002,OFF
2024-01-04,08:42:00,M001,ON
2024-01-04,08:42:00,M002,ON
2024-01-04,08:42:28,M001,OFF
2024-01-04,08:42:39,M002,OFF
2024-01-04,08:45:00,M002,ON
2024-01-04,08:45:35,M002,OFF
2024-01-04,08:46:00,M001,ON
2024-01-04,08:46:00,D001,ON
2024-01-04,08:46:55,M001,OFF
2024-01-04,08:46:59,D001,OFF
2024-01-04,08:48:00,M001,ON
2024-01-04,08:48:15,M001,OFF
2024-01-04,08:52:00,M002,ON
2024-01-04,08:52:00,M003,ON
2024-01-04,08:52:16,M003,OFF
2024-01-04,08:52:32,M002,OFF
2024-01-04,08:53:00,M001,ON
2024-01-04,08:53:00,I002,OFF
2024-01-04,08:53:18,M001,OFF
2024-01-04,08:54:00,M002,ON
2024-01-04,08:54:00,D001,ON
2024-01-04,08:54:08,M002,OFF
2024-01-04,08:54:34,D001,OFF
2024-01-04,08:55:00,M001,ON
2024-01-04,08:55:06,M001,OFF
2024-01-04,08:56:00,M003,ON
2024-01-04,08:56:37,M003,OFF
2024-01-04,08:57:00,D001,ON
2024-01-04,08:57:16,D001,OFF
2024-01-04,08:58:00,M003,ON
2024-01-04,08:58:55,M003,OFF
2024-01-04,08:59:00,D001,ON
2024-01-04,08:59:53,D001,OFF
2024-01-04,09:00:00,M002,ON
2024-01-04,09:00:15,M002,OFF
2024-01-04,09:02:00,M003,ON
2024-01-04,09:02:00,D001,ON
2024-01-04,09:02:18,D001,OFF
2024-01-04,09:02:24,M003,OFF
2024-01-04,09:05:00,M002,ON
2024-01-04,09:05:23,M002,OFF
2024-01-04,09:06:00,M001,ON
2024-01-04,09:06:41,M001,OFF
2024-01-04,09:08:00,M002,ON
2024-01-04,09:08:05,M002,OFF
2024-01-04,09:10:00,M001,ON
2024-01-04,09:10:29,M001,OFF
2024-01-04,09:11:00,M003,ON
2024-01-04,09:11:21,M003,OFF
2024-01-04,09:13:00,M001,ON
2024-01-04,09:13:00,M002,ON
2024-01-04,09:13:00,D001,ON
2024-01-04,09:13:08,D001,OFF
2024-01-04,09:13:15,M002,OFF
2024-01-04,09:13:33,M001,OFF
2024-01-04,09:14:00,D001,ON
2024-01-04,09:14:05,D001,OFF
2024-01-04,09:15:00,M002,ON
2024-01-04,09:15:44,M002,OFF
2024-01-04,09:16:00,M001,ON
2024-01-04,09:16:00,D001,ON
2024-01-04,09:16:10,D001,OFF
2024-01-04,09:16:57,M001,OFF
2024-01-04,09:17:00,M003,ON
2024-01-04,09:17:11,M003,OFF
2024-01-04,09:19:00,M001,ON
2024-01-04,09:19:56,M001,OFF
2024-01-04,09:20:00,M001,ON
2024-01-04,09:20:19,M001,OFF
2024-01-04,09:22:00,M001,ON
2024-01-04,09:22:53,M001,OFF
2024-01-04,09:23:00,M001,ON
2024-01-04,09:23:49,M001,OFF
2024-01-04,09:24:00,M002,ON
2024-01-04,09:24:00,I001,ON
2024-01-04,09:24:07,M002,OFF
2024-01-04,09:26:00,M003,ON
2024-01-04,09:26:16,M003,OFF
2024-01-04,09:27:00,D001,ON
2024-01-04,09:27:12,D001,OFF
2024-01-04,09:29:00,M002,ON
2024-01-04,09:29:00,M003,ON
2024-01-04,09:29:00,D001,ON
2024-01-04,09:29:07,M003,OFF
2024-01-04,09:29:40,D001,OFF
2024-01-04,09:29:52,M002,OFF
2024-01-04,09:30:00,M001,ON
2024-01-04,09:30:00,M002,ON
2024-01-04,09:30:00,M003,ON
2024-01-04,09:30:17,M002,OFF
2024-01-04,09:30:28,M003,OFF
2024-01-04,09:30:39,M001,OFF
2024-01-04,09:31:00,M003,ON
2024-01-04,09:31:00,D001,ON
2024-01-04,09:31:26,D001,OFF
2024-01-04,09:31:37,M003,OFF
2024-01-04,09:32:00,M003,ON
2024-01-04,09:32:00,D001,ON
2024-01-04,09:32:51,M003,OFF
2024-01-04,09:32:54,D001,OFF
2024-01-04,09:33:00,M001,ON
2024-01-04,09:33:00,M002,ON
2024-01-04,09:33:22,M002,OFF
2024-01-04,09:33:46,M001,OFF
2024-01-04,09:34:00,M001,ON
2024-01-04,09:34:00,M002,ON
2024-01-04,09:34:18,M001,OFF
2024-01-04,09:34:19,M002,OFF
2024-01-04,09:35:00,D001,ON
2024-01-04,09:35:51,D001,OFF
2024-01-04,09:37:00,D001,ON
2024-01-04,09:37:27,D001,OFF
2024-01-04,09:38:00,M001,ON
2024-01-04,09:38:00,M002,ON
2024-01-04,09:38:22,M002,OFF
2024-01-04,09:38:55,M001,OFF
2024-01-04,09:39:00,M002,ON
2024-01-04,09:39:00,M003,ON
2024-01-04,09:39:17,M003,OFF
2024-01-04,09:39:39,M002,OFF
2024-01-04,09:41:00,M001,ON
2024-01-04,09:41:00,D001,ON
2024-01-04,09:41:26,D001,OFF
2024-01-04,09:41:46,M001,OFF
2024-01-04,09:42:00,M001,ON
2024-01-04,09:42:48,M001,OFF
2024-01-04,09:46:00,M001,ON
2024-01-04,09:46:00,D001,ON
2024-01-04,09:46:32,M001,OFF
2024-01-04,09:46:43,D001,OFF
2024-01-04,09:49:00,M001,ON
2024-01-04,09:49:00,D001,ON
2024-01-04,09:49:46,M001,OFF
2024-01-04,09:49:49,D001,OFF
2024-01-04,09:50:00,M003,ON
2024-01-04,09:50:44,M003,OFF
2024-01-04,09:51:00,M002,ON
2024-01-04,09:51:00,D001,ON
2024-01-04,09:51:51,D001,OFF
2024-01-04,09:51:59,M002,OFF
2024-01-04,09:54:00,D001,ON
2024-01-04,09:54:32,D001,OFF
2024-01-04,09:55:00,M001,ON
2024-01-04,09:55:43,M001,OFF
2024-01-04,09:57:00,M001,ON
2024-01-04,09:57:17,M001,OFF
2024-01-04,09:58:00,M001,ON
2024-01-04,09:58:52,M001,OFF
2024-01-04,09:59:00,M001,ON
2024-01-04,09:59:00,D001,ON
2024-01-04,09:59:08,D001,OFF
2024-01-04,09:59:30,M001,OFF
2024-01-04,10:00:00,D001,ON
2024-01-04,10:00:53,D001,OFF
2024-01-04,10:07:00,D001,ON
2024-01-04,10:07:42,D001,OFF
2024-01-04,10:08:00,D001,ON
2024-01-04,10:08:18,D001,OFF
2024-01-04,10:11:00,M001,ON
2024-01-04,10:11:52,M001,OFF
2024-01-04,10:13:00,M002,ON
2024-01-04,10:13:39,M002,OFF
2024-01-04,10:28:00,M002,ON
2024-01-04,10:28:37,M002,OFF
2024-01-04,10:33:00,M001,ON
2024-01-04,10:33:40,M001,OFF
2024-01-04,10:41:00,M001,ON
2024-01-04,10:41:38,M001,OFF
2024-01-04,10:44:00,M001,ON
2024-01-04,10:44:46,M001,OFF
2024-01-04,10:48:00,D001,ON
2024-01-04,10:48:09,D001,OFF
2024-01-04,10:49:00,M003,ON
2024-01-04,10:49:53,M003,OFF
2024-01-04,10:51:00,M003,ON
2024-01-04,10:51:14,M003,OFF
2024-01-04,11:09:00,D001,ON
2024-01-04,11:09:13,D001,OFF
2024-01-04,11:13:00,M001,ON
2024-01-04,11:13:00,I002,ON
2024-01-04,11:13:12,M001,OFF
2024-01-04,11:14:00,D001,ON
2024-01-04,11:14:13,D001,OFF
2024-01-04,11:15:00,M002,ON
2024-01-04,11:15:28,M002,OFF
2024-01-04,11:17:00,M002,ON
2024-01-04,11:17:42,M002,OFF
2024-01-04,11:26:00,M002,ON
2024-01-04,11:26:00,I002,OFF
2024-01-04,11:26:44,M002,OFF
2024-01-04,11:29:00,M002,ON
2024-01-04,11:29:30,M002,OFF
2024-01-04,11:32:00,M001,ON
2024-01-04,11:32:49,M001,OFF
2024-01-04,11:40:00,D001,ON
2024-01-04,11:40:26,D001,OFF
2024-01-04,11:44:00,M002,ON
2024-01-04,11:44:33,M002,OFF
2024-01-04,12:02:00,M002,ON
2024-01-04,12:02:00,M003,ON
2024-01-04,12:02:08,M003,OFF
2024-01-04,12:02:10,M002,OFF
2024-01-04,12:03:00,M002,ON
2024-01-04,12:03:00,M003,ON
2024-01-04,12:03:08,M003,OFF
2024-01-04,12:03:40,M002,OFF
2024-01-04,12:04:00,M001,ON
2024-01-04,12:04:13,M001,OFF
2024-01-04,12:05:00,D001,ON
2024-01-04,12:05:12,D001,OFF
2024-01-04,12:06:00,M001,ON
2024-01-04,12:06:13,M001,OFF
2024-01-04,12:07:00,M002,ON
2024-01-04,12:07:08,M002,OFF
2024-01-04,12:09:00,M002,ON
2024-01-04,12:09:00,D001,ON
2024-01-04,12:09:25,M002,OFF
2024-01-04,12:09:29,D001,OFF
2024-01-04,12:11:00,M002,ON
2024-01-04,12:11:00,D001,ON
2024-01-04,12:11:20,D001,OFF
2024-01-04,12:11:43,M002,OFF
2024-01-04,12:12:00,M001,ON
2024-01-04,12:12:00,M003,ON
2024-01-04,12:12:00,D001,ON
2024-01-04,12:12:30,M003,OFF
2024-01-04,12:12:44,M001,OFF
2024-01-04,12:12:52,D001,OFF
2024-01-04,12:13:00,D001,ON
2024-01-04,12:13:30,D001,OFF
2024-01-04,12:14:00,M001,ON
2024-01-04,12:14:24,M001,OFF
2024-01-04,12:17:00,M001,ON
2024-01-04,12:17:38,M001,OFF
2024-01-04,12:18:00,M003,ON
2024-01-04,12:18:00,D001,ON
2024-01-04,12:18:28,M003,OFF
2024-01-04,12:18:43,D001,OFF
2024-01-04,12:19:00,M001,ON
2024-01-04,12:19:09,M001,OFF
2024-01-04,12:21:00,M003,ON
2024-01-04,12:21:00,D001,ON
2024-01-04,12:21:26,M003,OFF
2024-01-04,12:21:36,D001,OFF
2024-01-04,12:23:00,M001,ON
2024-01-04,12:23:00,M002,ON
2024-01-04,12:23:00,M003,ON
2024-01-04,12:23:25,M003,OFF
2024-01-04,12:23:51,M002,OFF
2024-01-04,12:23:57,M001,OFF
2024-01-04,12:28:00,M001,ON
2024-01-04,12:28:22,M001,OFF
2024-01-04,12:32:00,M001,ON
2024-01-04,12:32:00,M003,ON
2024-01-04,12:32:35,M001,OFF
2024-01-04,12:32:58,M003,OFF
2024-01-04,12:33:00,D001,ON
2024-01-04,12:33:15,D001,OFF
2024-01-04,12:34:00,M003,ON
2024-01-04,12:34:00,D001,ON
2024-01-04,12:34:10,M003,OFF
2024-01-04,12:34:14,D001,OFF
2024-01-04,12:35:00,M003,ON
2024-01-04,12:35:17,M003,OFF
2024-01-04,12:38:00,M002,ON
2024-01-04,12:38:00,D001,ON
2024-01-04,12:38:34,M002,OFF
2024-01-04,12:38:57,D001,OFF
2024-01-04,12:39:00,M001,ON
2024-01-04,12:39:00,M003,ON
2024-01-04,12:39:00,I002,ON
2024-01-04,12:39:21,M001,OFF
2024-01-04,12:39:52,M003,OFF
2024-01-04,12:40:00,M002,ON
2024-01-04,12:40:00,D001,ON
2024-01-04,12:40:36,D001,OFF
2024-01-04,12:40:53,M002,OFF
2024-01-04,12:41:00,D001,ON
2024-01-04,12:41:40,D001,OFF
2024-01-04,12:42:00,D001,ON
2024-01-04,12:42:12,D001,OFF
2024-01-04,12:43:00,M001,ON
2024-01-04,12:43:00,M002,ON
2024-01-04,12:43:47,M002,OFF
2024-01-04,12:43:49,M001,OFF
2024-01-04,12:45:00,M003,ON
2024-01-04,12:45:00,D001,ON
2024-01-04,12:45:21,M003,OFF
2024-01-04,12:45:36,D001,OFF
2024-01-04,12:46:00,M001,ON
2024-01-04,12:46:23,M001,OFF
2024-01-04,12:47:00,M001,ON
2024-01-04,12:47:00,D001,ON
2024-01-04,12:47:20,M001,OFF
2024-01-04,12:47:40,D001,OFF
2024-01-04,12:48:00,M002,ON
2024-01-04,12:48:09,M002,OFF
2024-01-04,12:49:00,M003,ON
2024-01-04,12:49:00,D001,ON
2024-01-04,12:49:25,M003,OFF
2024-01-04,12:49:34,D001,OFF
2024-01-04,12:50:00,M003,ON
2024-01-04,12:50:09,M003,OFF
2024-01-04,12:51:00,M001,ON
2024-01-04,12:51:00,M002,ON
2024-01-04,12:51:00,M003,ON
2024-01-04,12:51:00,D001,ON
2024-01-04,12:51:42,M002,OFF
2024-01-04,12:51:50,M001,OFF
2024-01-04,12:51:50,M003,OFF
2024-01-04,12:51:51,D001,OFF
2024-01-04,12:52:00,M002,ON
2024-01-04,12:52:05,M002,OFF
2024-01-04,12:53:00,D001,ON
2024-01-04,12:53:26,D001,OFF
2024-01-04,12:54:00,M001,ON
2024-01-04,12:54:34,M001,OFF
2024-01-04,12:55:00,M001,ON
2024-01-04,12:55:34,M001,OFF
2024-01-04,12:57:00,M002,ON
2024-01-04,12:57:00,D001,ON
2024-01-04,12:57:06,D001,OFF
2024-01-04,12:57:16,M002,OFF
2024-01-04,12:58:00,M002,ON
2024-01-04,12:58:00,D001,ON
2024-01-04,12:58:15,M002,OFF
2024-01-04,12:58:22,D001,OFF
2024-01-04,12:59:00,M001,ON
2024-01-04,12:59:33,M001,OFF
2024-01-04,13:00:00,M001,ON
2024-01-04,13:00:28,M001,OFF
2024-01-04,13:02:00,M001,ON
2024-01-04,13:02:00,M002,ON
2024-01-04,13:02:00,D001,ON
2024-01-04,13:02:00,I002,OFF
2024-01-04,13:02:09,M002,OFF
2024-01-04,13:02:37,D001,OFF
2024-01-04,13:02:38,M001,OFF
2024-01-04,13:06:00,M002,ON
2024-01-04,13:06:09,M002,OFF
2024-01-04,13:07:00,M002,ON
2024-01-04,13:07:50,M002,OFF
2024-01-04,13:08:00,I002,ON
2024-01-04,13:09:00,M003,ON
2024-01-04,13:09:00,D001,ON
2024-01-04,13:09:51,M003,OFF
2024-01-04,13:09:54,D001,OFF
2024-01-04,13:11:00,M003,ON
2024-01-04,13:11:00,D001,ON
2024-01-04,13:11:36,D001,OFF
2024-01-04,13:11:55,M003,OFF
2024-01-04,13:12:00,M001,ON
2024-01-04,13:12:00,D001,ON
2024-01-04,13:12:23,M001,OFF
2024-01-04,13:12:24,D001,OFF
2024-01-04,13:14:00,M001,ON
2024-01-04,13:14:20,M001,OFF
2024-01-04,13:15:00,D001,ON
2024-01-04,13:15:57,D001,OFF
2024-01-04,13:16:00,D001,ON
2024-01-04,13:16:13,D001,OFF
2024-01-04,13:17:00,M002,ON
2024-01-04,13:17:00,M003,ON
2024-01-04,13:17:14,M003,OFF
2024-01-04,13:17:32,M002,OFF
2024-01-04,13:18:00,D001,ON
2024-01-04,13:18:57,D001,OFF
2024-01-04,13:19:00,M002,ON
2024-01-04,13:19:00,M003,ON
2024-01-04,13:19:34,M002,OFF
2024-01-04,13:19:50,M003,OFF
2024-01-04,13:20:00,M001,ON
2024-01-04,13:20:44,M001,OFF
2024-01-04,13:21:00,M003,ON
2024-01-04,13:21:00,D001,ON
2024-01-04,13:21:05,D001,OFF
2024-01-04,13:21:29,M003,OFF
2024-01-04,13:22:00,M002,ON
2024-01-04,13:22:10,M002,OFF
2024-01-04,13:24:00,M002,ON
2024-01-04,13:24:00,M003,ON
2024-01-04,13:24:00,D001,ON
2024-01-04,13:24:05,M003,OFF
2024-01-04,13:24:32,D001,OFF
2024-01-04,13:24:50,M002,OFF
2024-01-04,13:26:00,M002,ON
2024-01-04,13:26:58,M002,OFF
2024-01-04,13:27:00,D001,ON
2024-01-04,13:27:28,D001,OFF
2024-01-04,13:29:00,M002,ON
2024-01-04,13:29:00,M003,ON
2024-01-04,13:29:06,M002,OFF
2024-01-04,13:29:38,M003,OFF
2024-01-04,13:33:00,M002,ON
2024-01-04,13:33:00,D001,ON
2024-01-04,13:33:44,D001,OFF
2024-01-04,13:33:56,M002,OFF
2024-01-04,13:35:00,M001,ON
2024-01-04,13:35:00,M002,ON
2024-01-04,13:35:30,M002,OFF
2024-01-04,13:35:42,M001,OFF
2024-01-04,13:36:00,M002,ON
2024-01-04,13:36:00,D001,ON
2024-01-04,13:36:30,M002,OFF
2024-01-04,13:36:49,D001,OFF
2024-01-04,13:37:00,M001,ON
2024-01-04,13:37:15,M001,OFF
2024-01-04,13:38:00,D001,ON
2024-01-04,13:38:29,D001,OFF
2024-01-04,13:39:00,M001,ON
2024-01-04,13:39:44,M001,OFF
2024-01-04,13:43:00,M002,ON
2024-01-04,13:43:59,M002,OFF
2024-01-04,13:44:00,M001,ON
2024-01-04,13:44:35,M001,OFF
2024-01-04,13:45:00,M003,ON
2024-01-04,13:45:14,M003,OFF
2024-01-04,13:46:00,M002,ON
2024-01-04,13:46:48,M002,OFF
2024-01-04,13:48:00,M001,ON
2024-01-04,13:48:57,M001,OFF
2024-01-04,13:50:00,M003,ON
2024-01-04,13:50:16,M003,OFF
2024-01-04,13:51:00,M003,ON
2024-01-04,13:51:00,D001,ON
2024-01-04,13:51:09,D001,OFF
2024-01-04,13:51:43,M003,OFF
2024-01-04,13:52:00,M001,ON
2024-01-04,13:52:00,M003,ON
2024-01-04,13:52:00,D001,ON
2024-01-04,13:52:21,D001,OFF
2024-01-04,13:52:24,M001,OFF
2024-01-04,13:52:34,M003,OFF
2024-01-04,13:53:00,M003,ON
2024-01-04,13:53:19,M003,OFF
2024-01-04,13:54:00,M001,ON
2024-01-04,13:54:00,M003,ON
2024-01-04,13:54:14,M001,OFF
2024-01-04,13:54:48,M003,OFF
2024-01-04,13:55:00,M002,ON
2024-01-04,13:55:08,M002,OFF
2024-01-04,13:56:00,D001,ON
2024-01-04,13:56:31,D001,OFF
2024-01-04,13:57:00,M002,ON
2024-01-04,13:57:00,D001,ON
2024-01-04,13:57:33,D001,OFF
2024-01-04,13:57:44,M002,OFF
2024-01-04,13:58:00,D001,ON
2024-01-04,13:58:40,D001,OFF
2024-01-04,13:59:00,M002,ON
2024-01-04,13:59:00,M003,ON
2024-01-04,13:59:20,M002,OFF
2024-01-04,13:59:49,M003,OFF
2024-01-04,14:22:00,M002,ON
2024-01-04,14:22:00,I002,OFF
2024-01-04,14:22:34,M002,OFF
2024-01-04,14:23:00,D001,ON
2024-01-04,14:23:24,D001,OFF
2024-01-04,14:32:00,M002,ON
2024-01-04,14:32:00,M003,ON
2024-01-04,14:32:46,M002,OFF
2024-01-04,14:32:49,M003,OFF
2024-01-04,14:36:00,M003,ON
2024-01-04,14:36:11,M003,OFF
2024-01-04,14:38:00,D001,ON
2024-01-04,14:38:58,D001,OFF
2024-01-04,14:39:00,M002,ON
2024-01-04,14:39:33,M002,OFF
2024-01-04,14:43:00,M001,ON
2024-01-04,14:43:00,M002,ON
2024-01-04,14:43:32,M001,OFF
2024-01-04,14:43:49,M002,OFF
2024-01-04,14:44:00,M002,ON
2024-01-04,14:44:35,M002,OFF
2024-01-04,14:52:00,M002,ON
2024-01-04,14:52:47,M002,OFF
2024-01-04,15:01:00,D001,ON
2024-01-04,15:01:07,D001,OFF
2024-01-04,15:17:00,D001,ON
2024-01-04,15:17:46,D001,OFF
2024-01-04,15:19:00,M003,ON
2024-01-04,15:19:57,M003,OFF
2024-01-04,15:26:00,I002,ON
2024-01-04,15:30:00,M003,ON
2024-01-04,15:30:06,M003,OFF
2024-01-04,15:32:00,D001,ON
2024-01-04,15:32:50,D001,OFF
2024-01-04,15:36:00,M001,ON
2024-01-04,15:36:22,M001,OFF
2024-01-04,15:43:00,M002,ON
2024-01-04,15:43:32,M002,OFF
2024-01-04,15:51:00,M001,ON
2024-01-04,15:51:30,M001,OFF
2024-01-04,15:53:00,M003,ON
2024-01-04,15:53:23,M003,OFF
2024-01-04,16:05:00,M002,ON
2024-01-04,16:05:47,M002,OFF
2024-01-04,16:09:00,M001,ON
2024-01-04,16:09:29,M001,OFF
2024-01-04,16:22:00,D001,ON
2024-01-04,16:22:55,D001,OFF
2024-01-04,16:23:00,D001,ON
2024-01-04,16:23:25,D001,OFF
2024-01-04,16:24:00,M003,ON
2024-01-04,16:24:12,M003,OFF
2024-01-04,16:26:00,D001,ON
2024-01-04,16:26:45,D001,OFF
2024-01-04,16:34:00,D001,ON
2024-01-04,16:34:10,D001,OFF
2024-01-04,16:35:00,I001,OFF
2024-01-04,16:36:00,D001,ON
2024-01-04,16:36:56,D001,OFF
2024-01-04,16:38:00,M003,ON
2024-01-04,16:38:56,M003,OFF
2024-01-04,16:42:00,M003,ON
2024-01-04,16:42:13,M003,OFF
2024-01-04,16:44:00,M002,ON
2024-01-04,16:44:20,M002,OFF
2024-01-04,16:55:00,M001,ON
2024-01-04,16:55:54,M001,OFF
2024-01-04,16:56:00,M001,ON
2024-01-04,16:56:17,M001,OFF
2024-01-04,17:13:00,M001,ON
2024-01-04,17:13:40,M001,OFF
2024-01-04,17:15:00,D001,ON
2024-01-04,17:15:23,D001,OFF
2024-01-04,17:26:00,D001,ON
2024-01-04,17:26:06,D001,OFF
2024-01-04,17:32:00,D001,ON
2024-01-04,17:32:07,D001,OFF
2024-01-04,17:33:00,M003,ON
2024-01-04,17:33:11,M003,OFF
2024-01-04,17:42:00,M002,ON
2024-01-04,17:42:44,M002,OFF
2024-01-04,17:43:00,M002,ON
2024-01-04,17:43:56,M002,OFF
2024-01-04,17:54:00,M003,ON
2024-01-04,17:54:45,M003,OFF
2024-01-04,17:55:00,D001,ON
2024-01-04,17:55:59,D001,OFF
2024-01-04,17:59:00,M001,ON
2024-01-04,17:59:57,M001,OFF
2024-01-04,18:00:00,M001,ON
2024-01-04,18:00:46,M001,OFF
2024-01-04,18:01:00,M003,ON
2024-01-04,18:01:15,M003,OFF
2024-01-04,18:02:00,D001,ON
2024-01-04,18:02:53,D001,OFF
2024-01-04,18:03:00,D001,ON
2024-01-04,18:03:26,D001,OFF
2024-01-04,18:06:00,I001,ON
2024-01-04,18:08:00,M001,ON
2024-01-04,18:08:00,M003,ON
2024-01-04,18:08:29,M001,OFF
2024-01-04,18:08:36,M003,OFF
2024-01-04,18:09:00,M001,ON
2024-01-04,18:09:25,M001,OFF
2024-01-04,18:10:00,M001,ON
2024-01-04,18:10:00,I002,OFF
2024-01-04,18:10:25,M001,OFF
2024-01-04,18:11:00,M002,ON
2024-01-04,18:11:42,M002,OFF
2024-01-04,18:13:00,M003,ON
2024-01-04,18:13:00,D001,ON
2024-01-04,18:13:20,M003,OFF
2024-01-04,18:13:42,D001,OFF
2024-01-04,18:14:00,M001,ON
2024-01-04,18:14:28,M001,OFF
2024-01-04,18:15:00,M001,ON
2024-01-04,18:15:00,M003,ON
2024-01-04,18:15:05,M003,OFF
2024-01-04,18:15:37,M001,OFF
2024-01-04,18:16:00,M003,ON
2024-01-04,18:16:00,D001,ON
2024-01-04,18:16:05,M003,OFF
2024-01-04,18:16:56,D001,OFF
2024-01-04,18:18:00,M001,ON
2024-01-04,18:18:43,M001,OFF
2024-01-04,18:20:00,M001,ON
2024-01-04,18:20:00,M003,ON
2024-01-04,18:20:05,M001,OFF
2024-01-04,18:20:12,M003,OFF
2024-01-04,18:21:00,M003,ON
2024-01-04,18:21:39,M003,OFF
2024-01-04,18:22:00,M002,ON
2024-01-04,18:22:00,D001,ON
2024-01-04,18:22:22,M002,OFF
2024-01-04,18:22:50,D001,OFF
2024-01-04,18:24:00,M002,ON
2024-01-04,18:24:00,M003,ON
2024-01-04,18:24:14,M002,OFF
2024-01-04,18:24:35,M003,OFF
2024-01-04,18:25:00,M002,ON
2024-01-04,18:25:56,M002,OFF
2024-01-04,18:26:00,I001,OFF
2024-01-04,18:28:00,D001,ON
2024-01-04,18:28:46,D001,OFF
2024-01-04,18:30:00,M001,ON
2024-01-04,18:30:53,M001,OFF
2024-01-04,18:31:00,M002,ON
2024-01-04,18:31:00,M003,ON
2024-01-04,18:31:19,M003,OFF
2024-01-04,18:31:50,M002,OFF
2024-01-04,18:32:00,M002,ON
2024-01-04,18:32:00,M003,ON
2024-01-04,18:32:22,M003,OFF
2024-01-04,18:32:33,M002,OFF
2024-01-04,18:33:00,M002,ON
2024-01-04,18:33:43,M002,OFF
2024-01-04,18:34:00,M001,ON
2024-01-04,18:34:21,M001,OFF
2024-01-04,18:36:00,M002,ON
2024-01-04,18:36:24,M002,OFF
2024-01-04,18:37:00,M003,ON
2024-01-04,18:37:11,M003,OFF
2024-01-04,18:38:00,M001,ON
2024-01-04,18:38:09,M001,OFF
2024-01-04,18:41:00,M002,ON
2024-01-04,18:41:00,M003,ON
2024-01-04,18:41:16,M003,OFF
2024-01-04,18:41:47,M002,OFF
2024-01-04,18:42:00,M001,ON
2024-01-04,18:42:00,D001,ON
2024-01-04,18:42:14,D001,OFF
2024-01-04,18:42:54,M001,OFF
2024-01-04,18:43:00,D001,ON
2024-01-04,18:43:26,D001,OFF
2024-01-04,18:44:00,M001,ON
2024-01-04,18:44:00,M002,ON
2024-01-04,18:44:00,M003,ON
2024-01-04,18:44:17,M001,OFF
2024-01-04,18:44:34,M002,OFF
2024-01-04,18:44:44,M003,OFF
2024-01-04,18:45:00,M002,ON
2024-01-04,18:45:00,M003,ON
2024-01-04,18:45:12,M002,OFF
2024-01-04,18:45:30,M003,OFF
2024-01-04,18:46:00,M001,ON
2024-01-04,18:46:00,D001,ON
2024-01-04,18:46:11,M001,OFF
2024-01-04,18:46:45,D001,OFF
2024-01-04,18:47:00,M001,ON
2024-01-04,18:47:00,D001,ON
2024-01-04,18:47:24,D001,OFF
2024-01-04,18:47:37,M001,OFF
2024-01-04,18:49:00,D001,ON
2024-01-04,18:49:10,D001,OFF
2024-01-04,18:50:00,D001,ON
2024-01-04,18:50:06,D001,OFF
2024-01-04,18:51:00,M002,ON
2024-01-04,18:51:00,D001,ON
2024-01-04,18:51:00,I001,ON
2024-01-04,18:51:06,D001,OFF
2024-01-04,18:51:37,M002,OFF
2024-01-04,18:54:00,M003,ON
2024-01-04,18:54:54,M003,OFF
2024-01-04,18:55:00,M001,ON
2024-01-04,18:55:53,M001,OFF
2024-01-04,18:56:00,M003,ON
2024-01-04,18:56:00,D001,ON
2024-01-04,18:56:08,M003,OFF
2024-01-04,18:56:32,D001,OFF
2024-01-04,18:58:00,D001,ON
2024-01-04,18:58:43,D001,OFF
2024-01-04,18:59:00,D001,ON
2024-01-04,18:59:16,D001,OFF
2024-01-04,19:00:00,D001,ON
2024-01-04,19:00:39,D001,OFF
2024-01-04,19:01:00,M003,ON
2024-01-04,19:01:18,M003,OFF
2024-01-04,19:02:00,M003,ON
2024-01-04,19:02:06,M003,OFF
2024-01-04,19:03:00,D001,ON
2024-01-04,19:03:43,D001,OFF
2024-01-04,19:07:00,M002,ON
2024-01-04,19:07:05,M002,OFF
2024-01-04,19:08:00,M003,ON
2024-01-04,19:08:00,I002,ON
2024-01-04,19:08:40,M003,OFF
2024-01-04,19:09:00,M002,ON
2024-01-04,19:09:00,M003,ON
2024-01-04,19:09:20,M002,OFF
2024-01-04,19:09:58,M003,OFF
2024-01-04,19:10:00,D001,ON
2024-01-04,19:10:22,D001,OFF
2024-01-04,19:11:00,D001,ON
2024-01-04,19:11:19,D001,OFF
2024-01-04,19:12:00,D001,ON
2024-01-04,19:12:00,I002,OFF
2024-01-04,19:12:12,D001,OFF
2024-01-04,19:13:00,I002,ON
2024-01-04,19:14:00,M002,ON
2024-01-04,19:14:00,M003,ON
2024-01-04,19:14:18,M003,OFF
2024-01-04,19:14:21,M002,OFF
2024-01-04,19:15:00,M001,ON
2024-01-04,19:15:56,M001,OFF
2024-01-04,19:16:00,M002,ON
2024-01-04,19:16:00,M003,ON
2024-01-04,19:16:00,D001,ON
2024-01-04,19:16:17,M002,OFF
2024-01-04,19:16:48,D001,OFF
2024-01-04,19:16:56,M003,OFF
2024-01-04,19:19:00,M001,ON
2024-01-04,19:19:00,M003,ON
2024-01-04,19:19:00,D001,ON
2024-01-04,19:19:08,M001,OFF
2024-01-04,19:19:14,D001,OFF
2024-01-04,19:19:30,M003,OFF
2024-01-04,19:20:00,M003,ON
2024-01-04,19:20:49,M003,OFF
2024-01-04,19:21:00,M002,ON
2024-01-04,19:21:44,M002,OFF
2024-01-04,19:22:00,M001,ON
2024-01-04,19:22:00,M003,ON
2024-01-04,19:22:00,I002,OFF
2024-01-04,19:22:09,M001,OFF
2024-01-04,19:22:12,M003,OFF
2024-01-04,19:23:00,M001,ON
2024-01-04,19:23:00,M002,ON
2024-01-04,19:23:00,M003,ON
2024-01-04,19:23:00,D001,ON
2024-01-04,19:23:05,M003,OFF
2024-01-04,19:23:23,M002,OFF
2024-01-04,19:23:37,D001,OFF
2024-01-04,19:23:42,M001,OFF
2024-01-04,19:24:00,M001,ON
2024-01-04,19:24:00,M002,ON
2024-01-04,19:24:00,M003,ON
2024-01-04,19:24:07,M003,OFF
2024-01-04,19:24:16,M001,OFF
2024-01-04,19:24:16,M002,OFF
2024-01-04,19:25:00,M001,ON
2024-01-04,19:25:26,M001,OFF
2024-01-04,19:26:00,M002,ON
2024-01-04,19:26:06,M002,OFF
2024-01-04,19:27:00,M002,ON
2024-01-04,19:27:00,D001,ON
2024-01-04,19:27:42,M002,OFF
2024-01-04,19:27:45,D001,OFF
2024-01-04,19:32:00,M002,ON
2024-01-04,19:32:00,I002,ON
2024-01-04,19:32:17,M002,OFF
2024-01-04,19:33:00,M001,ON
2024-01-04,19:33:00,D001,ON
2024-01-04,19:33:26,M001,OFF
2024-01-04,19:33:52,D001,OFF
2024-01-04,19:34:00,M002,ON
2024-01-04,19:34:57,M002,OFF
2024-01-04,19:35:00,M001,ON
2024-01-04,19:35:59,M001,OFF
2024-01-04,19:36:00,M002,ON
2024-01-04,19:36:00,M003,ON
2024-01-04,19:36:00,D001,ON
2024-01-04,19:36:08,D001,OFF
2024-01-04,19:36:10,M002,OFF
2024-01-04,19:36:57,M003,OFF
2024-01-04,19:37:00,D001,ON
2024-01-04,19:37:38,D001,OFF
2024-01-04,19:38:00,I001,OFF
2024-01-04,19:39:00,M003,ON
2024-01-04,19:39:00,D001,ON
2024-01-04,19:39:33,M003,OFF
2024-01-04,19:39:54,D001,OFF
2024-01-04,19:41:00,M002,ON
2024-01-04,19:41:32,M002,OFF
2024-01-04,19:42:00,M002,ON
2024-01-04,19:42:35,M002,OFF
2024-01-04,19:43:00,M001,ON
2024-01-04,19:43:18,M001,OFF
2024-01-04,19:45:00,M001,ON
2024-01-04,19:45:00,M003,ON
2024-01-04,19:45:00,D001,ON
2024-01-04,19:45:28,M003,OFF
2024-01-04,19:45:33,D001,OFF
2024-01-04,19:45:56,M001,OFF
2024-01-04,19:47:00,D001,ON
2024-01-04,19:47:43,D001,OFF
2024-01-04,19:51:00,M002,ON
2024-01-04,19:51:00,D001,ON
2024-01-04,19:51:14,D001,OFF
2024-01-04,19:51:56,M002,OFF
2024-01-04,19:52:00,M002,ON
2024-01-04,19:52:00,M003,ON
2024-01-04,19:52:42,M003,OFF
2024-01-04,19:52:56,M002,OFF
2024-01-04,19:53:00,M003,ON
2024-01-04,19:53:00,D001,ON
2024-01-04,19:53:10,M003,OFF
2024-01-04,19:53:31,D001,OFF
2024-01-04,19:54:00,M001,ON
2024-01-04,19:54:00,M003,ON
2024-01-04,19:54:00,D001,ON
2024-01-04,19:54:11,M003,OFF
2024-01-04,19:54:16,D001,OFF
2024-01-04,19:54:53,M001,OFF
2024-01-04,19:56:00,D001,ON
2024-01-04,19:56:33,D001,OFF
2024-01-04,19:58:00,M001,ON
2024-01-04,19:58:00,M003,ON
2024-01-04,19:58:19,M003,OFF
2024-01-04,19:58:46,M001,OFF
2024-01-04,19:59:00,M001,ON
2024-01-04,19:59:18,M001,OFF
2024-01-04,20:01:00,M001,ON
2024-01-04,20:01:00,M003,ON
2024-01-04,20:01:26,M001,OFF
2024-01-04,20:01:57,M003,OFF
2024-01-04,20:03:00,D001,ON
2024-01-04,20:03:36,D001,OFF
2024-01-04,20:04:00,M002,ON
2024-01-04,20:04:00,M003,ON
2024-01-04,20:04:00,D001,ON
2024-01-04,20:04:15,D001,OFF
2024-01-04,20:04:51,M003,OFF
2024-01-04,20:04:58,M002,OFF
2024-01-04,20:05:00,M001,ON
2024-01-04,20:05:00,M003,ON
2024-01-04,20:05:00,D001,ON
2024-01-04,20:05:11,D001,OFF
2024-01-04,20:05:34,M003,OFF
2024-01-04,20:05:45,M001,OFF
2024-01-04,20:06:00,M001,ON
2024-01-04,20:06:44,M001,OFF
2024-01-04,20:07:00,M001,ON
2024-01-04,20:07:00,M003,ON
2024-01-04,20:07:44,M003,OFF
2024-01-04,20:07:46,M001,OFF
2024-01-04,20:10:00,M001,ON
2024-01-04,20:10:35,M001,OFF
2024-01-04,20:11:00,M002,ON
2024-01-04,20:11:17,M002,OFF
2024-01-04,20:12:00,M001,ON
2024-01-04,20:12:58,M001,OFF
2024-01-04,20:13:00,M001,ON
2024-01-04,20:13:45,M001,OFF
2024-01-04,20:14:00,M001,ON
2024-01-04,20:14:11,M001,OFF
2024-01-04,20:15:00,D001,ON
2024-01-04,20:15:45,D001,OFF
2024-01-04,20:16:00,M001,ON
2024-01-04,20:16:00,M002,ON
2024-01-04,20:16:00,M003,ON
2024-01-04,20:16:17,M001,OFF
2024-01-04,20:16:26,M002,OFF
2024-01-04,20:16:42,M003,OFF
2024-01-04,20:17:00,D001,ON
2024-01-04,20:17:41,D001,OFF
2024-01-04,20:18:00,M003,ON
2024-01-04,20:18:52,M003,OFF
2024-01-04,20:19:00,D001,ON
2024-01-04,20:19:13,D001,OFF
2024-01-04,20:20:00,D001,ON
2024-01-04,20:20:50,D001,OFF
2024-01-04,20:22:00,M002,ON
2024-01-04,20:22:00,M003,ON
2024-01-04,20:22:00,D001,ON
2024-01-04,20:22:07,D001,OFF
2024-01-04,20:22:26,M002,OFF
2024-01-04,20:22:37,M003,OFF
2024-01-04,20:23:00,M001,ON
2024-01-04,20:23:55,M001,OFF
2024-01-04,20:24:00,M001,ON
2024-01-04,20:24:20,M001,OFF
2024-01-04,20:25:00,M001,ON
2024-01-04,20:25:00,D001,ON
2024-01-04,20:25:14,M001,OFF
2024-01-04,20:25:58,D001,OFF
2024-01-04,20:26:00,M001,ON
2024-01-04,20:26:50,M001,OFF
2024-01-04,20:27:00,D001,ON
2024-01-04,20:27:53,D001,OFF
2024-01-04,20:28:00,M001,ON
2024-01-04,20:28:00,D001,ON
2024-01-04,20:28:00,I001,ON
2024-01-04,20:28:10,M001,OFF
2024-01-04,20:28:42,D001,OFF
2024-01-04,20:30:00,I002,OFF
2024-01-04,20:31:00,M002,ON
2024-01-04,20:31:00,M003,ON
2024-01-04,20:31:18,M002,OFF
2024-01-04,20:31:54,M003,OFF
2024-01-04,20:32:00,M003,ON
2024-01-04,20:32:53,M003,OFF
2024-01-04,20:33:00,M002,ON
2024-01-04,20:33:00,I001,OFF
2024-01-04,20:33:20,M002,OFF
2024-01-04,20:36:00,M002,ON
2024-01-04,20:36:00,M003,ON
2024-01-04,20:36:25,M003,OFF
2024-01-04,20:36:31,M002,OFF
2024-01-04,20:38:00,M001,ON
2024-01-04,20:38:00,M003,ON
2024-01-04,20:38:00,D001,ON
2024-01-04,20:38:18,M003,OFF
2024-01-04,20:38:24,M001,OFF
2024-01-04,20:38:43,D001,OFF
2024-01-04,20:39:00,M001,ON
2024-01-04,20:39:00,M002,ON
2024-01-04,20:39:07,M002,OFF
2024-01-04,20:39:12,M001,OFF
2024-01-04,20:40:00,M003,ON
2024-01-04,20:40:00,I002,ON
2024-01-04,20:40:12,M003,OFF
2024-01-04,20:42:00,D001,ON
2024-01-04,20:42:06,D001,OFF
2024-01-04,20:43:00,D001,ON
2024-01-04,20:43:00,I001,ON
2024-01-04,20:43:44,D001,OFF
2024-01-04,20:44:00,D001,ON
2024-01-04,20:44:34,D001,OFF
2024-01-04,20:46:00,M001,ON
2024-01-04,20:46:00,M002,ON
2024-01-04,20:46:00,M003,ON
2024-01-04,20:46:31,M002,OFF
2024-01-04,20:46:33,M003,OFF
2024-01-04,20:46:45,M001,OFF
2024-01-04,20:48:00,M002,ON
2024-01-04,20:48:00,M003,ON
2024-01-04,20:48:31,M003,OFF
2024-01-04,20:48:45,M002,OFF
2024-01-04,20:49:00,M003,ON
2024-01-04,20:49:00,I002,OFF
2024-01-04,20:49:34,M003,OFF
2024-01-04,20:50:00,M002,ON
2024-01-04,20:50:00,D001,ON
2024-01-04,20:50:28,D001,OFF
2024-01-04,20:50:44,M002,OFF
2024-01-04,20:52:00,M002,ON
2024-01-04,20:52:29,M002,OFF
2024-01-04,20:53:00,M002,ON
2024-01-04,20:53:00,D001,ON
2024-01-04,20:53:37,M002,OFF
2024-01-04,20:53:58,D001,OFF
2024-01-04,20:54:00,M002,ON
2024-01-04,20:54:46,M002,OFF
2024-01-04,20:55:00,M003,ON
2024-01-04,20:55:24,M003,OFF
2024-01-04,20:56:00,M002,ON
2024-01-04,20:56:22,M002,OFF
2024-01-04,20:57:00,M001,ON
2024-01-04,20:57:00,M003,ON
2024-01-04,20:57:00,D001,ON
2024-01-04,20:57:06,D001,OFF
2024-01-04,20:57:15,M001,OFF
2024-01-04,20:57:22,M003,OFF
2024-01-04,21:03:00,M001,ON
2024-01-04,21:03:11,M001,OFF
2024-01-04,21:09:00,M003,ON
2024-01-04,21:09:33,M003,OFF
2024-01-04,21:12:00,M002,ON
2024-01-04,21:12:55,M002,OFF
2024-01-04,21:31:00,M001,ON
2024-01-04,21:31:33,M001,OFF
2024-01-04,21:41:00,M001,ON
2024-01-04,21:41:30,M001,OFF
2024-01-04,22:06:00,D001,ON
2024-01-04,22:06:22,D001,OFF
2024-01-04,22:07:00,M003,ON
2024-01-04,22:07:33,M003,OFF
2024-01-04,22:08:00,M002,ON
2024-01-04,22:08:53,M002,OFF
2024-01-04,22:10:00,M001,ON
2024-01-04,22:10:23,M001,OFF
2024-01-04,22:16:00,M003,ON
2024-01-04,22:16:11,M003,OFF
2024-01-04,22:18:00,M003,ON
2024-01-04,22:18:14,M003,OFF
2024-01-04,22:20:00,D001,ON
2024-01-04,22:20:38,D001,OFF
2024-01-04,22:32:00,M003,ON
2024-01-04,22:32:11,M003,OFF
2024-01-04,22:50:00,M001,ON
2024-01-04,22:50:00,D001,ON
2024-01-04,22:50:21,D001,OFF
2024-01-04,22:50:44,M001,OFF
2024-01-04,22:55:00,D001,ON
2024-01-04,22:55:27,D001,OFF
2024-01-04,23:06:00,D001,ON
2024-01-04,23:06:34,D001,OFF
2024-01-04,23:20:00,M003,ON
2024-01-04,23:20:08,M003,OFF
2024-01-04,23:22:00,D001,ON
2024-01-04,23:22:51,D001,OFF
2024-01-04,23:27:00,D001,ON
2024-01-04,23:27:43,D001,OFF
2024-01-04,23:29:00,D001,ON
2024-01-04,23:29:24,D001,OFF
2024-01-04,23:32:00,M003,ON
2024-01-04,23:32:27,M003,OFF
2024-01-04,23:38:00,M001,ON
2024-01-04,23:38:00,M002,ON
2024-01-04,23:38:31,M001,OFF
2024-01-04,23:38:55,M002,OFF
2024-01-04,23:39:00,M002,ON
2024-01-04,23:39:53,M002,OFF
2024-01-04,23:42:00,M002,ON
2024-01-04,23:42:19,M002,OFF
2024-01-04,23:55:00,M003,ON
2024-01-04,23:55:41,M003,OFF
2024-01-05,00:00:00,M002,ON
2024-01-05,00:00:15,M002,OFF
2024-01-05,00:06:00,M003,ON
2024-01-05,00:06:15,M003,OFF
2024-01-05,00:13:00,M002,ON
2024-01-05,00:13:29,M002,OFF
2024-01-05,00:14:00,D001,ON
2024-01-05,00:14:11,D001,OFF
2024-01-05,00:17:00,I001,OFF
2024-01-05,00:20:00,M003,ON
2024-01-05,00:20:42,M003,OFF
2024-01-05,00:25:00,M001,ON
2024-01-05,00:25:55,M001,OFF
2024-01-05,00:46:00,M001,ON
2024-01-05,00:46:19,M001,OFF
2024-01-05,00:47:00,D001,ON
2024-01-05,00:47:07,D001,OFF
2024-01-05,00:54:00,M003,ON
2024-01-05,00:54:00,D001,ON
2024-01-05,00:54:23,D001,OFF
2024-01-05,00:54:43,M003,OFF
2024-01-05,01:08:00,M003,ON
2024-01-05,01:08:15,M003,OFF
2024-01-05,01:20:00,I001,ON
2024-01-05,01:25:00,M002,ON
2024-01-05,01:25:39,M002,OFF
2024-01-05,01:33:00,D001,ON
2024-01-05,01:33:28,D001,OFF
2024-01-05,01:38:00,D001,ON
2024-01-05,01:38:59,D001,OFF
2024-01-05,01:45:00,M001,ON
2024-01-05,01:45:22,M001,OFF
2024-01-05,01:46:00,M003,ON
2024-01-05,01:46:06,M003,OFF
2024-01-05,01:52:00,M001,ON
2024-01-05,01:52:54,M001,OFF
2024-01-05,02:11:00,D001,ON
2024-01-05,02:11:46,D001,OFF
2024-01-05,02:15:00,D001,ON
2024-01-05,02:15:47,D001,OFF
2024-01-05,02:29:00,M001,ON
2024-01-05,02:29:20,M001,OFF
2024-01-05,02:31:00,M003,ON
2024-01-05,02:31:45,M003,OFF
2024-01-05,02:45:00,M002,ON
2024-01-05,02:45:28,M002,OFF
2024-01-05,02:46:00,M001,ON
2024-01-05,02:46:00,M003,ON
2024-01-05,02:46:11,M001,OFF
2024-01-05,02:46:54,M003,OFF
2024-01-05,03:03:00,M001,ON
2024-01-05,03:03:58,M001,OFF
2024-01-05,03:15:00,M001,ON
2024-01-05,03:15:15,M001,OFF
2024-01-05,03:16:00,D001,ON
2024-01-05,03:16:21,D001,OFF
2024-01-05,03:17:00,M003,ON
2024-01-05,03:17:58,M003,OFF
2024-01-05,03:19:00,D001,ON
2024-01-05,03:19:14,D001,OFF
2024-01-05,03:20:00,I001,OFF
2024-01-05,03:24:00,D001,ON
2024-01-05,03:24:41,D001,OFF
2024-01-05,03:34:00,M002,ON
2024-01-05,03:34:00,M003,ON
2024-01-05,03:34:00,D001,ON
2024-01-05,03:34:09,D001,OFF
2024-01-05,03:34:37,M002,OFF
2024-01-05,03:34:49,M003,OFF
2024-01-05,03:50:00,D001,ON
2024-01-05,03:50:22,D001,OFF
2024-01-05,03:52:00,M001,ON
2024-01-05,03:52:41,M001,OFF
2024-01-05,03:56:00,M002,ON
2024-01-05,03:56:59,M002,OFF
2024-01-05,04:00:00,D001,ON
2024-01-05,04:00:49,D001,OFF
2024-01-05,04:03:00,M001,ON
2024-01-05,04:03:35,M001,OFF
2024-01-05,04:17:00,M002,ON
2024-01-05,04:17:32,M002,OFF
2024-01-05,04:21:00,M003,ON
2024-01-05,04:21:43,M003,OFF
2024-01-05,04:24:00,M002,ON
2024-01-05,04:24:16,M002,OFF
2024-01-05,04:27:00,I002,ON
2024-01-05,04:39:00,M001,ON
2024-01-05,04:39:25,M001,OFF
2024-01-05,04:50:00,D001,ON
2024-01-05,04:50:33,D001,OFF
2024-01-05,04:51:00,M001,ON
2024-01-05,04:51:43,M001,OFF
2024-01-05,04:59:00,M001,ON
2024-01-05,04:59:21,M001,OFF
2024-01-05,05:00:00,M001,ON
2024-01-05,05:00:00,I001,ON
2024-01-05,05:00:53,M001,OFF
2024-01-05,05:01:00,D001,ON
2024-01-05,05:01:39,D001,OFF
2024-01-05,05:03:00,M001,ON
2024-01-05,05:03:36,M001,OFF
2024-01-05,05:06:00,M002,ON
2024-01-05,05:06:15,M002,OFF
2024-01-05,05:16:00,D001,ON
2024-01-05,05:16:40,D001,OFF
2024-01-05,05:17:00,D001,ON
2024-01-05,05:17:11,D001,OFF
2024-01-05,05:21:00,M001,ON
2024-01-05,05:21:05,M001,OFF
2024-01-05,05:28:00,M003,ON
2024-01-05,05:28:28,M003,OFF
2024-01-05,05:42:00,M002,ON
2024-01-05,05:42:48,M002,OFF
2024-01-05,05:50:00,M003,ON
2024-01-05,05:50:58,M003,OFF
2024-01-05,05:55:00,M002,ON
2024-01-05,05:55:35,M002,OFF
2024-01-05,05:59:00,D001,ON
2024-01-05,05:59:35,D001,OFF
2024-01-05,06:02:00,D001,ON
2024-01-05,06:02:21,D001,OFF
2024-01-05,06:19:00,D001,ON
2024-01-05,06:19:11,D001,OFF
2024-01-05,06:27:00,D001,ON
2024-01-05,06:27:33,D001,OFF
2024-01-05,06:29:00,M001,ON
2024-01-05,06:29:54,M001,OFF
2024-01-05,06:30:00,M003,ON
2024-01-05,06:30:24,M003,OFF
2024-01-05,06:39:00,M003,ON
2024-01-05,06:39:38,M003,OFF
2024-01-05,06:41:00,M003,ON
2024-01-05,06:41:14,M003,OFF
2024-01-05,06:45:00,D001,ON
2024-01-05,06:45:44,D001,OFF
2024-01-05,06:53:00,D001,ON
2024-01-05,06:53:44,D001,OFF
2024-01-05,06:54:00,M002,ON
2024-01-05,06:54:52,M002,OFF
2024-01-05,06:55:00,D001,ON
2024-01-05,06:55:11,D001,OFF
2024-01-05,07:00:00,M001,ON
2024-01-05,07:00:00,M002,ON
2024-01-05,07:00:19,M002,OFF
2024-01-05,07:00:40,M001,OFF
2024-01-05,07:01:00,M003,ON
2024-01-05,07:01:00,D001,ON
2024-01-05,07:01:18,M003,OFF
2024-01-05,07:01:45,D001,OFF
2024-01-05,07:03:00,M003,ON
2024-01-05,07:03:25,M003,OFF
2024-01-05,07:04:00,M002,ON
2024-01-05,07:04:00,M003,ON
2024-01-05,07:04:28,M003,OFF
2024-01-05,07:04:45,M002,OFF
2024-01-05,07:05:00,M001,ON
2024-01-05,07:05:27,M001,OFF
2024-01-05,07:07:00,M002,ON
2024-01-05,07:07:00,M003,ON
2024-01-05,07:07:37,M003,OFF
2024-01-05,07:07:54,M002,OFF
2024-01-05,07:09:00,M001,ON
2024-01-05,07:09:00,M002,ON
2024-01-05,07:09:00,M003,ON
2024-01-05,07:09:00,D001,ON
2024-01-05,07:09:35,M001,OFF
2024-01-05,07:09:55,M002,OFF
2024-01-05,07:09:56,M003,OFF
2024-01-05,07:09:57,D001,OFF
2024-01-05,07:10:00,M001,ON
2024-01-05,07:10:23,M001,OFF
2024-01-05,07:11:00,M001,ON
2024-01-05,07:11:11,M001,OFF
2024-01-05,07:12:00,D001,ON
2024-01-05,07:12:08,D001,OFF
2024-01-05,07:14:00,M001,ON
2024-01-05,07:14:00,M003,ON
2024-01-05,07:14:08,M003,OFF
2024-01-05,07:14:55,M001,OFF
2024-01-05,07:15:00,D001,ON
2024-01-05,07:15:16,D001,OFF
2024-01-05,07:17:00,M001,ON
2024-01-05,07:17:27,M001,OFF
2024-01-05,07:18:00,D001,ON
2024-01-05,07:18:27,D001,OFF
2024-01-05,07:19:00,M001,ON
2024-01-05,07:19:27,M001,OFF
2024-01-05,07:20:00,D001,ON
2024-01-05,07:20:33,D001,OFF
2024-01-05,07:21:00,M001,ON
2024-01-05,07:21:00,M002,ON
2024-01-05,07:21:00,M003,ON
2024-01-05,07:21:23,M001,OFF
2024-01-05,07:21:42,M002,OFF
2024-01-05,07:21:43,M003,OFF
2024-01-05,07:24:00,M001,ON
2024-01-05,07:24:23,M001,OFF
2024-01-05,07:25:00,M003,ON
2024-01-05,07:25:30,M003,OFF
2024-01-05,07:26:00,M001,ON
2024-01-05,07:26:00,D001,ON
2024-01-05,07:26:15,M001,OFF
2024-01-05,07:26:37,D001,OFF
2024-01-05,07:27:00,M002,ON
2024-01-05,07:27:32,M002,OFF
2024-01-05,07:28:00,M001,ON
2024-01-05,07:28:00,M002,ON
2024-01-05,07:28:00,I001,OFF
2024-01-05,07:28:34,M002,OFF
2024-01-05,07:28:45,M001,OFF
2024-01-05,07:31:00,M001,ON
2024-01-05,07:31:00,D001,ON
2024-01-05,07:31:37,D001,OFF
2024-01-05,07:31:41,M001,OFF
2024-01-05,07:32:00,M001,ON
2024-01-05,07:32:45,M001,OFF
2024-01-05,07:34:00,I001,ON
2024-01-05,07:35:00,M003,ON
2024-01-05,07:35:00,D001,ON
2024-01-05,07:35:25,M003,OFF
2024-01-05,07:35:37,D001,OFF
2024-01-05,07:36:00,M002,ON
2024-01-05,07:36:00,M003,ON
2024-01-05,07:36:00,D001,ON
2024-01-05,07:36:17,M002,OFF
2024-01-05,07:36:36,M003,OFF
2024-01-05,07:36:48,D001,OFF
2024-01-05,07:37:00,M001,ON
2024-01-05,07:37:32,M001,OFF
2024-01-05,07:38:00,M001,ON
2024-01-05,07:38:00,M003,ON
2024-01-05,07:38:11,M001,OFF
2024-01-05,07:38:27,M003,OFF
2024-01-05,07:39:00,M001,ON
2024-01-05,07:39:00,M002,ON
2024-01-05,07:39:00,D001,ON
2024-01-05,07:39:36,M001,OFF
2024-01-05,07:39:36,D001,OFF
2024-01-05,07:39:57,M002,OFF
2024-01-05,07:40:00,M002,ON
2024-01-05,07:40:57,M002,OFF
2024-01-05,07:41:00,M001,ON
2024-01-05,07:41:43,M001,OFF
2024-01-05,07:42:00,M002,ON
2024-01-05,07:42:36,M002,OFF
2024-01-05,07:43:00,M002,ON
2024-01-05,07:43:00,M003,ON
2024-01-05,07:43:33,M003,OFF
2024-01-05,07:43:34,M002,OFF
2024-01-05,07:44:00,M002,ON
2024-01-05,07:44:00,D001,ON
2024-01-05,07:44:45,D001,OFF
2024-01-05,07:44:51,M002,OFF
2024-01-05,07:45:00,M003,ON
2024-01-05,07:45:56,M003,OFF
2024-01-05,07:46:00,M002,ON
2024-01-05,07:46:00,M003,ON
2024-01-05,07:46:08,M003,OFF
2024-01-05,07:46:21,M002,OFF
2024-01-05,07:47:00,M003,ON
2024-01-05,07:47:00,D001,ON
2024-01-05,07:47:24,M003,OFF
2024-01-05,07:47:58,D001,OFF
2024-01-05,07:49:00,M001,ON
2024-01-05,07:49:32,M001,OFF
2024-01-05,07:50:00,M001,ON
2024-01-05,07:50:28,M001,OFF
2024-01-05,07:51:00,M001,ON
2024-01-05,07:51:00,M003,ON
2024-01-05,07:51:30,M003,OFF
2024-01-05,07:51:50,M001,OFF
2024-01-05,07:52:00,M001,ON
2024-01-05,07:52:00,M003,ON
2024-01-05,07:52:00,D001,ON
2024-01-05,07:52:30,M001,OFF
2024-01-05,07:52:35,M003,OFF
2024-01-05,07:52:51,D001,OFF
2024-01-05,07:53:00,M001,ON
2024-01-05,07:53:00,D001,ON
2024-01-05,07:53:41,M001,OFF
2024-01-05,07:53:46,D001,OFF
2024-01-05,07:54:00,M001,ON
2024-01-05,07:54:21,M001,OFF
2024-01-05,07:56:00,M001,ON
2024-01-05,07:56:00,M002,ON
2024-01-05,07:56:27,M002,OFF
2024-01-05,07:56:51,M001,OFF
2024-01-05,07:57:00,M001,ON
2024-01-05,07:57:00,M003,ON
2024-01-05,07:57:00,D001,ON
2024-01-05,07:57:10,M003,OFF
2024-01-05,07:57:32,M001,OFF
2024-01-05,07:57:35,D001,OFF
2024-01-05,07:59:00,M001,ON
2024-01-05,07:59:00,M002,ON
2024-01-05,07:59:39,M001,OFF
2024-01-05,07:59:49,M002,OFF
2024-01-05,08:00:00,D001,ON
2024-01-05,08:00:53,D001,OFF
2024-01-05,08:01:00,M002,ON
2024-01-05,08:01:00,M003,ON
2024-01-05,08:01:17,M003,OFF
2024-01-05,08:01:35,M002,OFF
2024-01-05,08:02:00,M001,ON
2024-01-05,08:02:42,M001,OFF
2024-01-05,08:03:00,M001,ON
2024-01-05,08:03:00,M002,ON
2024-01-05,08:03:33,M002,OFF
2024-01-05,08:03:54,M001,OFF
2024-01-05,08:04:00,M001,ON
2024-01-05,08:04:48,M001,OFF
2024-01-05,08:05:00,M002,ON
2024-01-05,08:05:59,M002,OFF
2024-01-05,08:08:00,M002,ON
2024-01-05,08:08:20,M002,OFF
2024-01-05,08:09:00,M003,ON
2024-01-05,08:09:00,D001,ON
2024-01-05,08:09:27,D001,OFF
2024-01-05,08:09:57,M003,OFF
2024-01-05,08:10:00,M002,ON
2024-01-05,08:10:00,D001,ON
2024-01-05,08:10:15,M002,OFF
2024-01-05,08:10:27,D001,OFF
2024-01-05,08:11:00,M001,ON
2024-01-05,08:11:54,M001,OFF
2024-01-05,08:12:00,M001,ON
2024-01-05,08:12:56,M001,OFF
2024-01-05,08:13:00,D001,ON
2024-01-05,08:13:55,D001,OFF
2024-01-05,08:14:00,M001,ON
2024-01-05,08:14:00,I001,OFF
2024-01-05,08:14:19,M001,OFF
2024-01-05,08:15:00,M003,ON
2024-01-05,08:15:05,M003,OFF
2024-01-05,08:16:00,D001,ON
2024-01-05,08:16:11,D001,OFF
2024-01-05,08:18:00,D001,ON
2024-01-05,08:18:29,D001,OFF
2024-01-05,08:19:00,M003,ON
2024-01-05,08:19:38,M003,OFF
2024-01-05,08:20:00,M001,ON
2024-01-05,08:20:29,M001,OFF
2024-01-05,08:21:00,M001,ON
2024-01-05,08:21:00,D001,ON
2024-01-05,08:21:10,D001,OFF
2024-01-05,08:21:11,M001,OFF
2024-01-05,08:22:00,M001,ON
2024-01-05,08:22:00,D001,ON
2024-01-05,08:22:52,M001,OFF
2024-01-05,08:22:59,D001,OFF
2024-01-05,08:23:00,D001,ON
2024-01-05,08:23:33,D001,OFF
2024-01-05,08:26:00,M001,ON
2024-01-05,08:26:00,D001,ON
2024-01-05,08:26:34,M001,OFF
2024-01-05,08:26:56,D001,OFF
2024-01-05,08:29:00,M003,ON
2024-01-05,08:29:32,M003,OFF
2024-01-05,08:32:00,M003,ON
2024-01-05,08:32:55,M003,OFF
2024-01-05,08:33:00,M002,ON
2024-01-05,08:33:00,D001,ON
2024-01-05,08:33:49,M002,OFF
2024-01-05,08:33:54,D001,OFF
2024-01-05,08:34:00,M003,ON
2024-01-05,08:34:00,D001,ON
2024-01-05,08:34:36,D001,OFF
2024-01-05,08:34:37,M003,OFF
2024-01-05,08:35:00,D001,ON
2024-01-05,08:35:09,D001,OFF
2024-01-05,08:36:00,D001,ON
2024-01-05,08:36:54,D001,OFF
2024-01-05,08:37:00,M001,ON
2024-01-05,08:37:00,M002,ON
2024-01-05,08:37:00,D001,ON
2024-01-05,08:37:16,M002,OFF
2024-01-05,08:37:32,D001,OFF
2024-01-05,08:37:57,M001,OFF
2024-01-05,08:38:00,D001,ON
2024-01-05,08:38:08,D001,OFF
2024-01-05,08:40:00,I002,OFF
2024-01-05,08:41:00,M001,ON
2024-01-05,08:41:00,M002,ON
2024-01-05,08:41:32,M001,OFF
2024-01-05,08:41:53,M002,OFF
2024-01-05,08:42:00,M002,ON
2024-01-05,08:42:00,M003,ON
2024-01-05,08:42:06,M002,OFF
2024-01-05,08:42:27,M003,OFF
2024-01-05,08:43:00,M003,ON
2024-01-05,08:43:50,M003,OFF
2024-01-05,08:44:00,M003,ON
2024-01-05,08:44:00,D001,ON
2024-01-05,08:44:06,M003,OFF
2024-01-05,08:44:09,D001,OFF
2024-01-05,08:45:00,M001,ON
2024-01-05,08:45:27,M001,OFF
2024-01-05,08:46:00,M002,ON
2024-01-05,08:46:50,M002,OFF
2024-01-05,08:47:00,M001,ON
2024-01-05,08:47:06,M001,OFF
2024-01-05,08:48:00,M002,ON
2024-01-05,08:48:59,M002,OFF
2024-01-05,08:51:00,M001,ON
2024-01-05,08:51:38,M001,OFF
2024-01-05,08:52:00,M001,ON
2024-01-05,08:52:00,M003,ON
2024-01-05,08:52:18,M001,OFF
2024-01-05,08:52:31,M003,OFF
2024-01-05,08:53:00,M001,ON
2024-01-05,08:53:08,M001,OFF
2024-01-05,08:55:00,M001,ON
2024-01-05,08:55:32,M001,OFF
2024-01-05,08:58:00,M002,ON
2024-01-05,08:58:00,I002,ON
2024-01-05,08:58:18,M002,OFF
2024-01-05,08:59:00,D001,ON
2024-01-05,08:59:54,D001,OFF
2024-01-05,09:02:00,M002,ON
2024-01-05,09:02:00,D001,ON
2024-01-05,09:02:10,D001,OFF
2024-01-05,09:02:38,M002,OFF
2024-01-05,09:03:00,M002,ON
2024-01-05,09:03:41,M002,OFF
2024-01-05,09:04:00,M001,ON
2024-01-05,09:04:42,M001,OFF
2024-01-05,09:06:00,M001,ON
2024-01-05,09:06:00,M002,ON
2024-01-05,09:06:15,M001,OFF
2024-01-05,09:06:19,M002,OFF
2024-01-05,09:08:00,M002,ON
2024-01-05,09:08:00,I001,ON
2024-01-05,09:08:56,M002,OFF
2024-01-05,09:09:00,M002,ON
2024-01-05,09:09:00,D001,ON
2024-01-05,09:09:54,M002,OFF
2024-01-05,09:09:59,D001,OFF
2024-01-05,09:10:00,M003,ON
2024-01-05,09:10:05,M003,OFF
2024-01-05,09:11:00,D001,ON
2024-01-05,09:11:30,D001,OFF
2024-01-05,09:14:00,M003,ON
2024-01-05,09:14:00,D001,ON
2024-01-05,09:14:05,M003,OFF
2024-01-05,09:14:10,D001,OFF
2024-01-05,09:15:00,M003,ON
2024-01-05,09:15:48,M003,OFF
2024-01-05,09:16:00,D001,ON
2024-01-05,09:16:48,D001,OFF
2024-01-05,09:17:00,M003,ON
2024-01-05,09:17:00,D001,ON
2024-01-05,09:17:34,D001,OFF
2024-01-05,09:17:56,M003,OFF
2024-01-05,09:18:00,D001,ON
2024-01-05,09:18:58,D001,OFF
2024-01-05,09:19:00,M002,ON
2024-01-05,09:19:00,D001,ON
2024-01-05,09:19:22,D001,OFF
2024-01-05,09:19:55,M002,OFF
2024-01-05,09:20:00,M002,ON
2024-01-05,09:20:00,D001,ON
2024-01-05,09:20:18,D001,OFF
2024-01-05,09:20:20,M002,OFF
2024-01-05,09:22:00,M003,ON
2024-01-05,09:22:26,M003,OFF
2024-01-05,09:23:00,M003,ON
2024-01-05,09:23:00,I002,OFF
2024-01-05,09:23:12,M003,OFF
2024-01-05,09:25:00,M002,ON
2024-01-05,09:25:00,D001,ON
2024-01-05,09:25:48,M002,OFF
2024-01-05,09:25:53,D001,OFF
2024-01-05,09:26:00,M003,ON
2024-01-05,09:26:00,D001,ON
2024-01-05,09:26:25,D001,OFF
2024-01-05,09:26:40,M003,OFF
2024-01-05,09:27:00,M003,ON
2024-01-05,09:27:34,M003,OFF
2024-01-05,09:29:00,D001,ON
2024-01-05,09:29:00,I002,ON
2024-01-05,09:29:53,D001,OFF
2024-01-05,09:30:00,M002,ON
2024-01-05,09:30:16,M002,OFF
2024-01-05,09:32:00,M002,ON
2024-01-05,09:32:00,D001,ON
2024-01-05,09:32:29,D001,OFF
2024-01-05,09:32:52,M002,OFF
2024-01-05,09:33:00,I002,OFF
2024-01-05,09:35:00,M002,ON
2024-01-05,09:35:00,D001,ON
2024-01-05,09:35:26,M002,OFF
2024-01-05,09:35:31,D001,OFF
2024-01-05,09:36:00,M003,ON
2024-01-05,09:36:54,M003,OFF
2024-01-05,09:37:00,M002,ON
2024-01-05,09:37:49,M002,OFF
2024-01-05,09:38:00,D001,ON
2024-01-05,09:38:00,I002,ON
2024-01-05,09:38:09,D001,OFF
2024-01-05,09:39:00,D001,ON
2024-01-05,09:39:30,D001,OFF
2024-01-05,09:40:00,M001,ON
2024-01-05,09:40:29,M001,OFF
2024-01-05,09:43:00,M001,ON
2024-01-05,09:43:00,M003,ON
2024-01-05,09:43:00,D001,ON
2024-01-05,09:43:09,D001,OFF
2024-01-05,09:43:19,M003,OFF
2024-01-05,09:43:47,M001,OFF
2024-01-05,09:44:00,M003,ON
2024-01-05,09:44:00,D001,ON
2024-01-05,09:44:12,D001,OFF
2024-01-05,09:44:27,M003,OFF
2024-01-05,09:48:00,M003,ON
2024-01-05,09:48:09,M003,OFF
2024-01-05,09:49:00,M001,ON
2024-01-05,09:49:00,M002,ON
2024-01-05,09:49:38,M001,OFF
2024-01-05,09:49:39,M002,OFF
2024-01-05,09:50:00,D001,ON
2024-01-05,09:50:31,D001,OFF
2024-01-05,09:52:00,M001,ON
2024-01-05,09:52:52,M001,OFF
2024-01-05,09:54:00,M001,ON
2024-01-05,09:54:48,M001,OFF
2024-01-05,09:55:00,D001,ON
2024-01-05,09:55:00,I002,OFF
2024-01-05,09:55:11,D001,OFF
2024-01-05,09:56:00,D001,ON
2024-01-05,09:56:47,D001,OFF
2024-01-05,09:57:00,M001,ON
2024-01-05,09:57:15,M001,OFF
2024-01-05,09:58:00,M002,ON
2024-01-05,09:58:00,I001,OFF
2024-01-05,09:58:34,M002,OFF
2024-01-05,09:59:00,M001,ON
2024-01-05,09:59:00,M003,ON
2024-01-05,09:59:00,D001,ON
2024-01-05,09:59:09,M003,OFF
2024-01-05,09:59:15,M001,OFF
2024-01-05,09:59:56,D001,OFF
2024-01-05,10:02:00,M002,ON
2024-01-05,10:02:48,M002,OFF
2024-01-05,10:06:00,I001,ON
2024-01-05,10:21:00,M001,ON
2024-01-05,10:21:32,M001,OFF
2024-01-05,10:31:00,M001,ON
2024-01-05,10:31:33,M001,OFF
2024-01-05,10:34:00,M002,ON
2024-01-05,10:34:36,M002,OFF
2024-01-05,10:41:00,D001,ON
2024-01-05,10:41:53,D001,OFF
2024-01-05,10:47:00,M001,ON
2024-01-05,10:47:40,M001,OFF
2024-01-05,10:53:00,M003,ON
2024-01-05,10:53:49,M003,OFF
2024-01-05,11:07:00,M002,ON
2024-01-05,11:07:29,M002,OFF
2024-01-05,11:21:00,M001,ON
2024-01-05,11:21:31,M001,OFF
2024-01-05,11:34:00,M002,ON
2024-01-05,11:34:10,M002,OFF
2024-01-05,11:35:00,M001,ON
2024-01-05,11:35:40,M001,OFF
2024-01-05,11:43:00,M003,ON
2024-01-05,11:43:20,M003,OFF
2024-01-05,11:48:00,D001,ON
2024-01-05,11:48:19,D001,OFF
2024-01-05,11:51:00,M002,ON
2024-01-05,11:51:30,M002,OFF
2024-01-05,12:00:00,M002,ON
2024-01-05,12:00:00,M003,ON
2024-01-05,12:00:00,D001,ON
2024-01-05,12:00:14,M002,OFF
2024-01-05,12:00:18,D001,OFF
2024-01-05,12:00:51,M003,OFF
2024-01-05,12:01:00,M001,ON
2024-01-05,12:01:00,M002,ON
2024-01-05,12:01:00,D001,ON
2024-01-05,12:01:12,D001,OFF
2024-01-05,12:01:19,M001,OFF
2024-01-05,12:01:51,M002,OFF
2024-01-05,12:02:00,M001,ON
2024-01-05,12:02:25,M001,OFF
2024-01-05,12:03:00,M003,ON
2024-01-05,12:03:42,M003,OFF
2024-01-05,12:04:00,M002,ON
2024-01-05,12:04:12,M002,OFF
2024-01-05,12:06:00,D001,ON
2024-01-05,12:06:51,D001,OFF
2024-01-05,12:07:00,M002,ON
2024-01-05,12:07:00,M003,ON
2024-01-05,12:07:00,D001,ON
2024-01-05,12:07:08,M003,OFF
2024-01-05,12:07:38,D001,OFF
2024-01-05,12:07:50,M002,OFF
2024-01-05,12:08:00,D001,ON
2024-01-05,12:08:51,D001,OFF
2024-01-05,12:09:00,M001,ON
2024-01-05,12:09:00,M003,ON
2024-01-05,12:09:08,M003,OFF
2024-01-05,12:09:39,M001,OFF
2024-01-05,12:10:00,M001,ON
2024-01-05,12:10:00,M002,ON
2024-01-05,12:10:27,M001,OFF
2024-01-05,12:10:32,M002,OFF
2024-01-05,12:11:00,M001,ON
2024-01-05,12:11:09,M001,OFF
2024-01-05,12:12:00,M003,ON
2024-01-05,12:12:48,M003,OFF
2024-01-05,12:13:00,M001,ON
2024-01-05,12:13:37,M001,OFF
2024-01-05,12:14:00,M002,ON
2024-01-05,12:14:09,M002,OFF
2024-01-05,12:15:00,D001,ON
2024-01-05,12:15:00,I002,ON
2024-01-05,12:15:11,D001,OFF
2024-01-05,12:17:00,M002,ON
2024-01-05,12:17:23,M002,OFF
2024-01-05,12:18:00,D001,ON
2024-01-05,12:18:15,D001,OFF
2024-01-05,12:19:00,M002,ON
2024-01-05,12:19:12,M002,OFF
2024-01-05,12:20:00,D001,ON
2024-01-05,12:20:25,D001,OFF
2024-01-05,12:22:00,M003,ON
2024-01-05,12:22:00,D001,ON
2024-01-05,12:22:12,M003,OFF
2024-01-05,12:22:52,D001,OFF
2024-01-05,12:23:00,M001,ON
2024-01-05,12:23:32,M001,OFF
2024-01-05,12:24:00,M001,ON
2024-01-05,12:24:00,M003,ON
2024-01-05,12:24:05,M003,OFF
2024-01-05,12:24:50,M001,OFF
2024-01-05,12:26:00,M001,ON
2024-01-05,12:26:00,I002,OFF
2024-01-05,12:26:51,M001,OFF
2024-01-05,12:27:00,M001,ON
2024-01-05,12:27:00,D001,ON
2024-01-05,12:27:19,D001,OFF
2024-01-05,12:27:21,M001,OFF
2024-01-05,12:29:00,M003,ON
2024-01-05,12:29:34,M003,OFF
2024-01-05,12:30:00,M002,ON
2024-01-05,12:30:09,M002,OFF
2024-01-05,12:31:00,M001,ON
2024-01-05,12:31:35,M001,OFF
2024-01-05,12:32:00,M001,ON
2024-01-05,12:32:00,M002,ON
2024-01-05,12:32:00,I002,ON
2024-01-05,12:32:13,M002,OFF
2024-01-05,12:32:45,M001,OFF
2024-01-05,12:35:00,D001,ON
2024-01-05,12:35:48,D001,OFF
2024-01-05,12:37:00,I002,OFF
2024-01-05,12:38:00,D001,ON
2024-01-05,12:38:39,D001,OFF
2024-01-05,12:39:00,D001,ON
2024-01-05,12:39:00,I001,OFF
2024-01-05,12:39:44,D001,OFF
2024-01-05,12:40:00,I002,ON
2024-01-05,12:41:00,M003,ON
2024-01-05,12:41:46,M003,OFF
2024-01-05,12:43:00,M002,ON
2024-01-05,12:43:50,M002,OFF
2024-01-05,12:46:00,M001,ON
2024-01-05,12:46:00,D001,ON
2024-01-05,12:46:36,D001,OFF
2024-01-05,12:46:52,M001,OFF
2024-01-05,12:47:00,M001,ON
2024-01-05,12:47:00,M002,ON
2024-01-05,12:47:16,M001,OFF
2024-01-05,12:47:33,M002,OFF
2024-01-05,12:49:00,D001,ON
2024-01-05,12:49:10,D001,OFF
2024-01-05,12:50:00,M003,ON
2024-01-05,12:50:50,M003,OFF
2024-01-05,12:51:00,M001,ON
2024-01-05,12:51:32,M001,OFF
2024-01-05,12:53:00,M002,ON
2024-01-05,12:53:27,M002,OFF
2024-01-05,12:54:00,M001,ON
2024-01-05,12:54:40,M001,OFF
2024-01-05,12:55:00,M001,ON
2024-01-05,12:55:00,M003,ON
2024-01-05,12:55:09,M003,OFF
2024-01-05,12:55:43,M001,OFF
2024-01-05,12:56:00,M002,ON
2024-01-05,12:56:27,M002,OFF
2024-01-05,12:58:00,M003,ON
2024-01-05,12:58:00,D001,ON
2024-01-05,12:58:15,M003,OFF
2024-01-05,12:58:52,D001,OFF
2024-01-05,13:00:00,M002,ON
2024-01-05,13:00:15,M002,OFF
2024-01-05,13:01:00,M003,ON
2024-01-05,13:01:20,M003,OFF
2024-01-05,13:03:00,M003,ON
2024-01-05,13:03:40,M003,OFF
2024-01-05,13:04:00,M001,ON
2024-01-05,13:04:00,M002,ON
2024-01-05,13:04:38,M002,OFF
2024-01-05,13:04:42,M001,OFF
2024-01-05,13:05:00,M001,ON
2024-01-05,13:05:26,M001,OFF
2024-01-05,13:07:00,M002,ON
2024-01-05,13:07:52,M002,OFF
2024-01-05,13:08:00,D001,ON
2024-01-05,13:08:11,D001,OFF
2024-01-05,13:09:00,M001,ON
2024-01-05,13:09:00,M003,ON
2024-01-05,13:09:10,M001,OFF
2024-01-05,13:09:11,M003,OFF
2024-01-05,13:11:00,M001,ON
2024-01-05,13:11:23,M001,OFF
2024-01-05,13:13:00,M001,ON
2024-01-05,13:13:00,M003,ON
2024-01-05,13:13:00,I002,OFF
2024-01-05,13:13:24,M003,OFF
2024-01-05,13:13:40,M001,OFF
2024-01-05,13:14:00,M001,ON
2024-01-05,13:14:22,M001,OFF
2024-01-05,13:15:00,M001,ON
2024-01-05,13:15:50,M001,OFF
2024-01-05,13:17:00,M001,ON
2024-01-05,13:17:55,M001,OFF
2024-01-05,13:18:00,M001,ON
2024-01-05,13:18:00,D001,ON
2024-01-05,13:18:16,M001,OFF
2024-01-05,13:18:55,D001,OFF
2024-01-05,13:19:00,M003,ON
2024-01-05,13:19:26,M003,OFF
2024-01-05,13:20:00,M001,ON
2024-01-05,13:20:00,M002,ON
2024-01-05,13:20:00,D001,ON
2024-01-05,13:20:22,M002,OFF
2024-01-05,13:20:29,M001,OFF
2024-01-05,13:20:41,D001,OFF
2024-01-05,13:21:00,M001,ON
2024-01-05,13:21:00,D001,ON
2024-01-05,13:21:05,D001,OFF
2024-01-05,13:21:51,M001,OFF
2024-01-05,13:23:00,M002,ON
2024-01-05,13:23:07,M002,OFF
2024-01-05,13:24:00,M001,ON
2024-01-05,13:24:00,M003,ON
2024-01-05,13:24:52,M001,OFF
2024-01-05,13:24:52,M003,OFF
2024-01-05,13:26:00,M002,ON
2024-01-05,13:26:00,M003,ON
2024-01-05,13:26:06,M002,OFF
2024-01-05,13:26:44,M003,OFF
2024-01-05,13:27:00,D001,ON
2024-01-05,13:27:27,D001,OFF
2024-01-05,13:30:00,M003,ON
2024-01-05,13:30:29,M003,OFF
2024-01-05,13:32:00,M003,ON
2024-01-05,13:32:40,M003,OFF
2024-01-05,13:33:00,M001,ON
2024-01-05,13:33:00,M002,ON
2024-01-05,13:33:53,M002,OFF
2024-01-05,13:33:59,M001,OFF
2024-01-05,13:35:00,M002,ON
2024-01-05,13:35:00,M003,ON
2024-01-05,13:35:00,D001,ON
2024-01-05,13:35:26,M003,OFF
2024-01-05,13:35:27,D001,OFF
2024-01-05,13:35:53,M002,OFF
2024-01-05,13:37:00,M001,ON
2024-01-05,13:37:58,M001,OFF
2024-01-05,13:40:00,M003,ON
2024-01-05,13:40:25,M003,OFF
2024-01-05,13:42:00,D001,ON
2024-01-05,13:42:58,D001,OFF
2024-01-05,13:45:00,M002,ON
2024-01-05,13:45:25,M002,OFF
2024-01-05,13:46:00,M003,ON
2024-01-05,13:46:53,M003,OFF
2024-01-05,13:48:00,M001,ON
2024-01-05,13:48:00,M003,ON
2024-01-05,13:48:52,M003,OFF
2024-01-05,13:48:56,M001,OFF
2024-01-05,13:49:00,M003,ON
2024-01-05,13:49:22,M003,OFF
2024-01-05,13:50:00,M001,ON
2024-01-05,13:50:00,D001,ON
2024-01-05,13:50:05,M001,OFF
2024-01-05,13:50:14,D001,OFF
2024-01-05,13:51:00,M003,ON
2024-01-05,13:51:50,M003,OFF
2024-01-05,13:53:00,D001,ON
2024-01-05,13:53:11,D001,OFF
2024-01-05,13:54:00,M003,ON
2024-01-05,13:54:00,I001,ON
2024-01-05,13:54:52,M003,OFF
2024-01-05,13:55:00,M001,ON
2024-01-05,13:55:00,D001,ON
2024-01-05,13:55:22,D001,OFF
2024-01-05,13:55:45,M001,OFF
2024-01-05,13:56:00,M003,ON
2024-01-05,13:56:20,M003,OFF
2024-01-05,13:57:00,M002,ON
2024-01-05,13:57:00,D001,ON
2024-01-05,13:57:27,D001,OFF
2024-01-05,13:57:46,M002,OFF
2024-01-05,13:58:00,M003,ON
2024-01-05,13:58:24,M003,OFF
2024-01-05,13:59:00,M001,ON
2024-01-05,13:59:43,M001,OFF
2024-01-05,14:01:00,M003,ON
2024-01-05,14:01:59,M003,OFF
2024-01-05,14:04:00,M001,ON
2024-01-05,14:04:51,M001,OFF
2024-01-05,14:10:00,M002,ON
2024-01-05,14:10:42,M002,OFF
2024-01-05,14:14:00,M001,ON
2024-01-05,14:14:21,M001,OFF
2024-01-05,14:17:00,D001,ON
2024-01-05,14:17:09,D001,OFF
2024-01-05,14:19:00,M001,ON
2024-01-05,14:19:00,M003,ON
2024-01-05,14:19:21,M003,OFF
2024-01-05,14:19:51,M001,OFF
2024-01-05,14:21:00,M003,ON
2024-01-05,14:21:20,M003,OFF
2024-01-05,14:26:00,M003,ON
2024-01-05,14:26:41,M003,OFF
2024-01-05,14:34:00,D001,ON
2024-01-05,14:34:46,D001,OFF
2024-01-05,14:35:00,M001,ON
2024-01-05,14:35:00,D001,ON
2024-01-05,14:35:45,D001,OFF
2024-01-05,14:35:46,M001,OFF
2024-01-05,14:43:00,M003,ON
2024-01-05,14:43:46,M003,OFF
2024-01-05,14:54:00,M002,ON
2024-01-05,14:54:42,M002,OFF
2024-01-05,15:19:00,M003,ON
2024-01-05,15:19:17,M003,OFF
2024-01-05,15:26:00,M003,ON
2024-01-05,15:26:27,M003,OFF
2024-01-05,15:32:00,M003,ON
2024-01-05,15:32:22,M003,OFF
2024-01-05,15:33:00,M002,ON
2024-01-05,15:33:24,M002,OFF
2024-01-05,15:39:00,M003,ON
2024-01-05,15:39:23,M003,OFF
2024-01-05,15:40:00,M003,ON
2024-01-05,15:40:39,M003,OFF
2024-01-05,16:04:00,M001,ON
2024-01-05,16:04:25,M001,OFF
2024-01-05,16:05:00,M001,ON
2024-01-05,16:05:56,M001,OFF
2024-01-05,16:17:00,M003,ON
2024-01-05,16:17:38,M003,OFF
2024-01-05,16:23:00,M002,ON
2024-01-05,16:23:48,M002,OFF
2024-01-05,16:33:00,M002,ON
2024-01-05,16:33:32,M002,OFF
2024-01-05,16:52:00,M001,ON
2024-01-05,16:52:19,M001,OFF
2024-01-05,17:05:00,M001,ON
2024-01-05,17:05:00,D001,ON
2024-01-05,17:05:47,M001,OFF
2024-01-05,17:05:53,D001,OFF
2024-01-05,17:14:00,M003,ON
2024-01-05,17:14:30,M003,OFF
2024-01-05,17:15:00,M003,ON
2024-01-05,17:15:42,M003,OFF
2024-01-05,17:17:00,M003,ON
2024-01-05,17:17:15,M003,OFF
2024-01-05,17:27:00,M003,ON
2024-01-05,17:27:14,M003,OFF
2024-01-05,17:30:00,M003,ON
2024-01-05,17:30:10,M003,OFF
2024-01-05,17:37:00,M001,ON
2024-01-05,17:37:12,M001,OFF
2024-01-05,17:43:00,M002,ON
2024-01-05,17:43:25,M002,OFF
2024-01-05,17:46:00,M003,ON
2024-01-05,17:46:36,M003,OFF
2024-01-05,17:48:00,M001,ON
2024-01-05,17:48:42,M001,OFF
2024-01-05,17:54:00,M002,ON
2024-01-05,17:54:00,M003,ON
2024-01-05,17:54:18,M003,OFF
2024-01-05,17:54:31,M002,OFF
2024-01-05,18:00:00,M001,ON
2024-01-05,18:00:00,D001,ON
2024-01-05,18:00:09,D001,OFF
2024-01-05,18:00:35,M001,OFF
2024-01-05,18:06:00,M001,ON
2024-01-05,18:06:13,M001,OFF
2024-01-05,18:07:00,D001,ON
2024-01-05,18:07:42,D001,OFF
2024-01-05,18:08:00,M001,ON
2024-01-05,18:08:17,M001,OFF
2024-01-05,18:09:00,M001,ON
2024-01-05,18:09:00,M002,ON
2024-01-05,18:09:29,M001,OFF
2024-01-05,18:09:50,M002,OFF
2024-01-05,18:10:00,M001,ON
2024-01-05,18:10:27,M001,OFF
2024-01-05,18:11:00,M001,ON
2024-01-05,18:11:59,M001,OFF
2024-01-05,18:12:00,M001,ON
2024-01-05,18:12:00,M003,ON
2024-01-05,18:12:00,D001,ON
2024-01-05,18:12:15,D001,OFF
2024-01-05,18:12:36,M001,OFF
2024-01-05,18:12:51,M003,OFF
2024-01-05,18:13:00,M001,ON
2024-01-05,18:13:00,M002,ON
2024-01-05,18:13:00,M003,ON
2024-01-05,18:13:11,M001,OFF
2024-01-05,18:13:26,M002,OFF
2024-01-05,18:13:26,M003,OFF
2024-01-05,18:14:00,M003,ON
2024-01-05,18:14:57,M003,OFF
2024-01-05,18:15:00,M001,ON
2024-01-05,18:15:00,M003,ON
2024-01-05,18:15:00,D001,ON
2024-01-05,18:15:44,D001,OFF
2024-01-05,18:15:52,M003,OFF
2024-01-05,18:15:59,M001,OFF
2024-01-05,18:16:00,M003,ON
2024-01-05,18:16:00,D001,ON
2024-01-05,18:16:41,M003,OFF
2024-01-05,18:16:51,D001,OFF
2024-01-05,18:17:00,D001,ON
2024-01-05,18:17:09,D001,OFF
2024-01-05,18:21:00,D001,ON
2024-01-05,18:21:32,D001,OFF
2024-01-05,18:22:00,M001,ON
2024-01-05,18:22:10,M001,OFF
2024-01-05,18:23:00,M002,ON
2024-01-05,18:23:51,M002,OFF
2024-01-05,18:28:00,M002,ON
2024-01-05,18:28:00,D001,ON
2024-01-05,18:28:05,M002,OFF
2024-01-05,18:28:05,D001,OFF
2024-01-05,18:30:00,M001,ON
2024-01-05,18:30:45,M001,OFF
2024-01-05,18:31:00,D001,ON
2024-01-05,18:31:16,D001,OFF
2024-01-05,18:32:00,M002,ON
2024-01-05,18:32:20,M002,OFF
2024-01-05,18:33:00,M001,ON
2024-01-05,18:33:42,M001,OFF
2024-01-05,18:35:00,D001,ON
2024-01-05,18:35:55,D001,OFF
2024-01-05,18:37:00,M001,ON
2024-01-05,18:37:00,M003,ON
2024-01-05,18:37:19,M003,OFF
2024-01-05,18:37:20,M001,OFF
2024-01-05,18:38:00,M002,ON
2024-01-05,18:38:28,M002,OFF
2024-01-05,18:39:00,M002,ON
2024-01-05,18:39:54,M002,OFF
2024-01-05,18:41:00,M001,ON
2024-01-05,18:41:00,M003,ON
2024-01-05,18:41:00,I002,ON
2024-01-05,18:41:36,M001,OFF
2024-01-05,18:41:44,M003,OFF
2024-01-05,18:42:00,M003,ON
2024-01-05,18:42:26,M003,OFF
2024-01-05,18:44:00,M001,ON
2024-01-05,18:44:52,M001,OFF
2024-01-05,18:45:00,M001,ON
2024-01-05,18:45:00,M002,ON
2024-01-05,18:45:20,M002,OFF
2024-01-05,18:45:23,M001,OFF
2024-01-05,18:46:00,M001,ON
2024-01-05,18:46:21,M001,OFF
2024-01-05,18:49:00,M001,ON
2024-01-05,18:49:00,D001,ON
2024-01-05,18:49:29,D001,OFF
2024-01-05,18:49:32,M001,OFF
2024-01-05,18:50:00,M001,ON
2024-01-05,18:50:00,M002,ON
2024-01-05,18:50:00,M003,ON
2024-01-05,18:50:00,D001,ON
2024-01-05,18:50:23,M003,OFF
2024-01-05,18:50:39,M002,OFF
2024-01-05,18:50:40,M001,OFF
2024-01-05,18:50:45,D001,OFF
2024-01-05,18:51:00,M001,ON
2024-01-05,18:51:07,M001,OFF
2024-01-05,18:53:00,M002,ON
2024-01-05,18:53:00,D001,ON
2024-01-05,18:53:25,D001,OFF
2024-01-05,18:53:43,M002,OFF
2024-01-05,18:55:00,M001,ON
2024-01-05,18:55:16,M001,OFF
2024-01-05,18:56:00,M002,ON
2024-01-05,18:56:00,D001,ON
2024-01-05,18:56:32,M002,OFF
2024-01-05,18:56:45,D001,OFF
2024-01-05,18:57:00,M001,ON
2024-01-05,18:57:00,M003,ON
2024-01-05,18:57:43,M003,OFF
2024-01-05,18:57:44,M001,OFF
2024-01-05,18:58:00,M003,ON
2024-01-05,18:58:39,M003,OFF
2024-01-05,18:59:00,M002,ON
2024-01-05,18:59:00,M003,ON
2024-01-05,18:59:20,M002,OFF
2024-01-05,18:59:30,M003,OFF
2024-01-05,19:00:00,M003,ON
2024-01-05,19:00:35,M003,OFF
2024-01-05,19:02:00,M001,ON
2024-01-05,19:02:00,M002,ON
2024-01-05,19:02:00,D001,ON
2024-01-05,19:02:00,I001,OFF
2024-01-05,19:02:10,D001,OFF
2024-01-05,19:02:54,M002,OFF
2024-01-05,19:02:59,M001,OFF
2024-01-05,19:03:00,M002,ON
2024-01-05,19:03:54,M002,OFF
2024-01-05,19:05:00,M001,ON
2024-01-05,19:05:00,M003,ON
2024-01-05,19:05:08,M001,OFF
2024-01-05,19:05:27,M003,OFF
2024-01-05,19:06:00,M003,ON
2024-01-05,19:06:41,M003,OFF
2024-01-05,19:07:00,M001,ON
2024-01-05,19:07:08,M001,OFF
2024-01-05,19:08:00,M001,ON
2024-01-05,19:08:07,M001,OFF
2024-01-05,19:09:00,M002,ON
2024-01-05,19:09:25,M002,OFF
2024-01-05,19:10:00,M002,ON
2024-01-05,19:10:28,M002,OFF
2024-01-05,19:14:00,D001,ON
2024-01-05,19:14:36,D001,OFF
2024-01-05,19:15:00,M001,ON
2024-01-05,19:15:51,M001,OFF
2024-01-05,19:16:00,M003,ON
2024-01-05,19:16:00,D001,ON
2024-01-05,19:16:05,D001,OFF
2024-01-05,19:16:22,M003,OFF
2024-01-05,19:17:00,D001,ON
2024-01-05,19:17:19,D001,OFF
2024-01-05,19:18:00,M002,ON
2024-01-05,19:18:43,M002,OFF
2024-01-05,19:20:00,M002,ON
2024-01-05,19:20:44,M002,OFF
2024-01-05,19:22:00,M002,ON
2024-01-05,19:22:00,D001,ON
2024-01-05,19:22:24,M002,OFF
2024-01-05,19:22:26,D001,OFF
2024-01-05,19:23:00,M002,ON
2024-01-05,19:23:43,M002,OFF
2024-01-05,19:25:00,M002,ON
2024-01-05,19:25:42,M002,OFF
2024-01-05,19:27:00,M003,ON
2024-01-05,19:27:46,M003,OFF
2024-01-05,19:28:00,M003,ON
2024-01-05,19:28:00,D001,ON
2024-01-05,19:28:10,D001,OFF
2024-01-05,19:28:37,M003,OFF
2024-01-05,19:29:00,M001,ON
2024-01-05,19:29:00,M003,ON
2024-01-05,19:29:18,M003,OFF
2024-01-05,19:29:59,M001,OFF
2024-01-05,19:30:00,M003,ON
2024-01-05,19:30:36,M003,OFF
2024-01-05,19:32:00,M002,ON
2024-01-05,19:32:37,M002,OFF
2024-01-05,19:34:00,M002,ON
2024-01-05,19:34:00,D001,ON
2024-01-05,19:34:18,D001,OFF
2024-01-05,19:34:28,M002,OFF
2024-01-05,19:35:00,M003,ON
2024-01-05,19:35:48,M003,OFF
2024-01-05,19:36:00,D001,ON
2024-01-05,19:36:42,D001,OFF
2024-01-05,19:37:00,M003,ON
2024-01-05,19:37:00,D001,ON
2024-01-05,19:37:28,D001,OFF
2024-01-05,19:37:58,M003,OFF
2024-01-05,19:38:00,M003,ON
2024-01-05,19:38:00,D001,ON
2024-01-05,19:38:19,M003,OFF
2024-01-05,19:38:24,D001,OFF
2024-01-05,19:39:00,M001,ON
2024-01-05,19:39:00,M003,ON
2024-01-05,19:39:32,M003,OFF
2024-01-05,19:39:58,M001,OFF
2024-01-05,19:40:00,M002,ON
2024-01-05,19:40:00,M003,ON
2024-01-05,19:40:16,M002,OFF
2024-01-05,19:40:40,M003,OFF
2024-01-05,19:41:00,M001,ON
2024-01-05,19:41:50,M001,OFF
2024-01-05,19:46:00,D001,ON
2024-01-05,19:46:22,D001,OFF
2024-01-05,19:47:00,M001,ON
2024-01-05,19:47:22,M001,OFF
2024-01-05,19:49:00,D001,ON
2024-01-05,19:49:05,D001,OFF
2024-01-05,19:50:00,M002,ON
2024-01-05,19:50:19,M002,OFF
2024-01-05,19:52:00,M001,ON
2024-01-05,19:52:28,M001,OFF
2024-01-05,19:56:00,D001,ON
2024-01-05,19:56:53,D001,OFF
2024-01-05,19:57:00,M003,ON
2024-01-05,19:57:22,M003,OFF
2024-01-05,19:58:00,M001,ON
2024-01-05,19:58:00,D001,ON
2024-01-05,19:58:06,D001,OFF
2024-01-05,19:58:16,M001,OFF
2024-01-05,19:59:00,M003,ON
2024-01-05,19:59:26,M003,OFF
2024-01-05,20:01:00,M003,ON
2024-01-05,20:01:00,D001,ON
2024-01-05,20:01:14,M003,OFF
2024-01-05,20:01:36,D001,OFF
2024-01-05,20:02:00,M001,ON
2024-01-05,20:02:08,M001,OFF
2024-01-05,20:03:00,M001,ON
2024-01-05,20:03:00,D001,ON
2024-01-05,20:03:17,M001,OFF
2024-01-05,20:03:59,D001,OFF
2024-01-05,20:04:00,M002,ON
2024-01-05,20:04:53,M002,OFF
2024-01-05,20:05:00,D001,ON
2024-01-05,20:05:46,D001,OFF
2024-01-05,20:06:00,M001,ON
2024-01-05,20:06:36,M001,OFF
2024-01-05,20:07:00,M001,ON
2024-01-05,20:07:15,M001,OFF
2024-01-05,20:08:00,M001,ON
2024-01-05,20:08:00,M003,ON
2024-01-05,20:08:27,M003,OFF
2024-01-05,20:08:51,M001,OFF
2024-01-05,20:09:00,D001,ON
2024-01-05,20:09:21,D001,OFF
2024-01-05,20:10:00,M001,ON
2024-01-05,20:10:00,D001,ON
2024-01-05,20:10:11,D001,OFF
2024-01-05,20:10:41,M001,OFF
2024-01-05,20:11:00,M001,ON
2024-01-05,20:11:00,M002,ON
2024-01-05,20:11:00,D001,ON
2024-01-05,20:11:00,I002,OFF
2024-01-05,20:11:11,M001,OFF
2024-01-05,20:11:51,M002,OFF
2024-01-05,20:11:59,D001,OFF
2024-01-05,20:12:00,M002,ON
2024-01-05,20:12:00,D001,ON
2024-01-05,20:12:36,D001,OFF
2024-01-05,20:12:53,M002,OFF
2024-01-05,20:13:00,D001,ON
2024-01-05,20:13:49,D001,OFF
2024-01-05,20:14:00,D001,ON
2024-01-05,20:14:36,D001,OFF
2024-01-05,20:16:00,M001,ON
2024-01-05,20:16:00,M002,ON
2024-01-05,20:16:08,M002,OFF
2024-01-05,20:16:17,M001,OFF
2024-01-05,20:17:00,M003,ON
2024-01-05,20:17:33,M003,OFF
2024-01-05,20:18:00,M002,ON
2024-01-05,20:18:00,M003,ON
2024-01-05,20:18:31,M002,OFF
2024-01-05,20:18:39,M003,OFF
2024-01-05,20:19:00,D001,ON
2024-01-05,20:19:47,D001,OFF
2024-01-05,20:20:00,D001,ON
2024-01-05,20:20:46,D001,OFF
2024-01-05,20:21:00,M001,ON
2024-01-05,20:21:38,M001,OFF
2024-01-05,20:22:00,M003,ON
2024-01-05,20:22:22,M003,OFF
2024-01-05,20:24:00,D001,ON
2024-01-05,20:24:21,D001,OFF
2024-01-05,20:25:00,M002,ON
2024-01-05,20:25:00,D001,ON
2024-01-05,20:25:07,M002,OFF
2024-01-05,20:25:24,D001,OFF
2024-01-05,20:27:00,D001,ON
2024-01-05,20:27:14,D001,OFF
2024-01-05,20:28:00,M001,ON
2024-01-05,20:28:00,M003,ON
2024-01-05,20:28:52,M001,OFF
2024-01-05,20:28:53,M003,OFF
2024-01-05,20:30:00,M001,ON
2024-01-05,20:30:00,D001,ON
2024-01-05,20:30:29,M001,OFF
2024-01-05,20:30:34,D001,OFF
2024-01-05,20:31:00,M001,ON
2024-01-05,20:31:00,M003,ON
2024-01-05,20:31:00,D001,ON
2024-01-05,20:31:15,D001,OFF
2024-01-05,20:31:24,M001,OFF
2024-01-05,20:31:43,M003,OFF
2024-01-05,20:32:00,M001,ON
2024-01-05,20:32:22,M001,OFF
2024-01-05,20:34:00,M003,ON
2024-01-05,20:34:57,M003,OFF
2024-01-05,20:35:00,M003,ON
2024-01-05,20:35:28,M003,OFF
2024-01-05,20:37:00,M001,ON
2024-01-05,20:37:42,M001,OFF
2024-01-05,20:39:00,D001,ON
2024-01-05,20:39:58,D001,OFF
2024-01-05,20:40:00,M003,ON
2024-01-05,20:40:06,M003,OFF
2024-01-05,20:41:00,M003,ON
2024-01-05,20:41:42,M003,OFF
2024-01-05,20:43:00,M001,ON
2024-01-05,20:43:28,M001,OFF
2024-01-05,20:44:00,M001,ON
2024-01-05,20:44:00,M003,ON
2024-01-05,20:44:00,D001,ON
2024-01-05,20:44:39,M003,OFF
2024-01-05,20:44:40,M001,OFF
2024-01-05,20:44:45,D001,OFF
2024-01-05,20:47:00,M001,ON
2024-01-05,20:47:00,M002,ON
2024-01-05,20:47:00,D001,ON
2024-01-05,20:47:30,D001,OFF
2024-01-05,20:47:40,M002,OFF
2024-01-05,20:47:42,M001,OFF
2024-01-05,20:49:00,M003,ON
2024-01-05,20:49:00,D001,ON
2024-01-05,20:49:21,D001,OFF
2024-01-05,20:49:49,M003,OFF
2024-01-05,20:50:00,M001,ON
2024-01-05,20:50:00,M003,ON
2024-01-05,20:50:00,D001,ON
2024-01-05,20:50:38,M003,OFF
2024-01-05,20:50:38,D001,OFF
2024-01-05,20:50:45,M001,OFF
2024-01-05,20:51:00,M003,ON
2024-01-05,20:51:00,D001,ON
2024-01-05,20:51:51,M003,OFF
2024-01-05,20:51:53,D001,OFF
2024-01-05,20:52:00,D001,ON
2024-01-05,20:52:52,D001,OFF
2024-01-05,20:53:00,M001,ON
2024-01-05,20:53:00,D001,ON
2024-01-05,20:53:16,D001,OFF
2024-01-05,20:53:50,M001,OFF
2024-01-05,20:54:00,M003,ON
2024-01-05,20:54:00,I001,ON
2024-01-05,20:54:50,M003,OFF
2024-01-05,20:57:00,M003,ON
2024-01-05,20:57:00,D001,ON
2024-01-05,20:57:00,I002,ON
2024-01-05,20:57:46,M003,OFF
2024-01-05,20:57:47,D001,OFF
2024-01-05,20:58:00,M001,ON
2024-01-05,20:58:25,M001,OFF
2024-01-05,20:59:00,M002,ON
2024-01-05,20:59:24,M002,OFF
2024-01-05,21:14:00,D001,ON
2024-01-05,21:14:13,D001,OFF
2024-01-05,21:24:00,M002,ON
2024-01-05,21:24:27,M002,OFF
2024-01-05,21:35:00,D001,ON
2024-01-05,21:35:05,D001,OFF
2024-01-05,21:36:00,M002,ON
2024-01-05,21:36:41,M002,OFF
2024-01-05,21:44:00,M001,ON
2024-01-05,21:44:56,M001,OFF
2024-01-05,21:48:00,M002,ON
2024-01-05,21:48:59,M002,OFF
2024-01-05,21:54:00,M003,ON
2024-01-05,21:54:00,D001,ON
2024-01-05,21:54:17,M003,OFF
2024-01-05,21:54:43,D001,OFF
2024-01-05,22:01:00,M001,ON
2024-01-05,22:01:21,M001,OFF
2024-01-05,22:04:00,M002,ON
2024-01-05,22:04:47,M002,OFF
2024-01-05,22:07:00,M001,ON
2024-01-05,22:07:19,M001,OFF
2024-01-05,22:10:00,M001,ON
2024-01-05,22:10:53,M001,OFF
2024-01-05,22:18:00,M003,ON
2024-01-05,22:18:46,M003,OFF
2024-01-05,22:25:00,M002,ON
2024-01-05,22:25:15,M002,OFF
2024-01-05,22:29:00,M003,ON
2024-01-05,22:29:37,M003,OFF
2024-01-05,22:34:00,M002,ON
2024-01-05,22:34:48,M002,OFF
2024-01-05,22:37:00,M002,ON
2024-01-05,22:37:32,M002,OFF
2024-01-05,22:54:00,M003,ON
2024-01-05,22:54:47,M003,OFF
2024-01-05,22:57:00,M003,ON
2024-01-05,22:57:38,M003,OFF
2024-01-05,23:02:00,M002,ON
2024-01-05,23:02:55,M002,OFF
2024-01-05,23:27:00,M003,ON
2024-01-05,23:27:35,M003,OFF
2024-01-05,23:35:00,M001,ON
2024-01-05,23:35:57,M001,OFF
2024-01-05,23:53:00,M001,ON
2024-01-05,23:53:24,M001,OFF
2024-01-06,00:13:00,D001,ON
2024-01-06,00:13:45,D001,OFF
2024-01-06,00:23:00,M001,ON
2024-01-06,00:23:06,M001,OFF
2024-01-06,00:39:00,I001,OFF
2024-01-06,00:46:00,M002,ON
2024-01-06,00:46:17,M002,OFF
2024-01-06,00:53:00,M002,ON
2024-01-06,00:53:50,M002,OFF
2024-01-06,01:06:00,M001,ON
2024-01-06,01:06:15,M001,OFF
2024-01-06,01:10:00,M002,ON
2024-01-06,01:10:45,M002,OFF
2024-01-06,01:16:00,D001,ON
2024-01-06,01:16:37,D001,OFF
2024-01-06,01:31:00,D001,ON
2024-01-06,01:31:40,D001,OFF
2024-01-06,01:34:00,M002,ON
2024-01-06,01:34:00,D001,ON
2024-01-06,01:34:17,D001,OFF
2024-01-06,01:34:24,M002,OFF
2024-01-06,01:43:00,I002,OFF
2024-01-06,01:44:00,D001,ON
2024-01-06,01:44:54,D001,OFF
2024-01-06,01:57:00,D001,ON
2024-01-06,01:57:34,D001,OFF
2024-01-06,01:58:00,M002,ON
2024-01-06,01:58:33,M002,OFF
2024-01-06,02:00:00,M002,ON
2024-01-06,02:00:35,M002,OFF
2024-01-06,02:03:00,M002,ON
2024-01-06,02:03:23,M002,OFF
2024-01-06,02:05:00,M002,ON
2024-01-06,02:05:00,M003,ON
2024-01-06,02:05:28,M003,OFF
2024-01-06,02:05:51,M002,OFF
2024-01-06,02:09:00,M001,ON
2024-01-06,02:09:30,M001,OFF
2024-01-06,02:10:00,M002,ON
2024-01-06,02:10:47,M002,OFF
2024-01-06,02:22:00,M003,ON
2024-01-06,02:22:23,M003,OFF
2024-01-06,02:34:00,M001,ON
2024-01-06,02:34:56,M001,OFF
2024-01-06,02:37:00,M001,ON
2024-01-06,02:37:42,M001,OFF
2024-01-06,02:39:00,M001,ON
2024-01-06,02:39:55,M001,OFF
2024-01-06,03:22:00,M002,ON
2024-01-06,03:22:26,M002,OFF
2024-01-06,03:26:00,I001,ON
2024-01-06,03:34:00,M001,ON
2024-01-06,03:34:00,M003,ON
2024-01-06,03:34:34,M001,OFF
2024-01-06,03:34:44,M003,OFF
2024-01-06,03:39:00,M002,ON
2024-01-06,03:39:27,M002,OFF
2024-01-06,03:52:00,M003,ON
2024-01-06,03:52:48,M003,OFF
2024-01-06,04:03:00,M002,ON
2024-01-06,04:03:36,M002,OFF
2024-01-06,04:15:00,M003,ON
2024-01-06,04:15:56,M003,OFF
2024-01-06,04:17:00,M003,ON
2024-01-06,04:17:05,M003,OFF
2024-01-06,04:40:00,M003,ON
2024-01-06,04:40:05,M003,OFF
2024-01-06,04:52:00,M001,ON
2024-01-06,04:52:53,M001,OFF
2024-01-06,04:55:00,M002,ON
2024-01-06,04:55:00,D001,ON
2024-01-06,04:55:27,M002,OFF
2024-01-06,04:55:54,D001,OFF
2024-01-06,04:56:00,M002,ON
2024-01-06,04:56:12,M002,OFF
2024-01-06,04:57:00,D001,ON
2024-01-06,04:57:50,D001,OFF
2024-01-06,04:58:00,M002,ON
2024-01-06,04:58:55,M002,OFF
2024-01-06,05:06:00,M001,ON
2024-01-06,05:06:15,M001,OFF
2024-01-06,05:08:00,M002,ON
2024-01-06,05:08:13,M002,OFF
2024-01-06,05:20:00,D001,ON
2024-01-06,05:20:35,D001,OFF
2024-01-06,05:22:00,M002,ON
2024-01-06,05:22:41,M002,OFF
2024-01-06,05:33:00,I002,ON
2024-01-06,05:35:00,D001,ON
2024-01-06,05:35:06,D001,OFF
2024-01-06,05:42:00,D001,ON
2024-01-06,05:42:52,D001,OFF
2024-01-06,05:43:00,M001,ON
2024-01-06,05:43:47,M001,OFF
2024-01-06,05:53:00,M001,ON
2024-01-06,05:53:38,M001,OFF
2024-01-06,05:54:00,M002,ON
2024-01-06,05:54:08,M002,OFF
2024-01-06,05:56:00,M003,ON
2024-01-06,05:56:36,M003,OFF
2024-01-06,05:59:00,M002,ON
2024-01-06,05:59:51,M002,OFF
2024-01-06,06:00:00,M001,ON
2024-01-06,06:00:40,M001,OFF
2024-01-06,06:08:00,M003,ON
2024-01-06,06:08:52,M003,OFF
2024-01-06,06:11:00,D001,ON
2024-01-06,06:11:26,D001,OFF
2024-01-06,06:37:00,M003,ON
2024-01-06,06:37:45,M003,OFF
2024-01-06,06:40:00,M002,ON
2024-01-06,06:40:17,M002,OFF
2024-01-06,06:41:00,D001,ON
2024-01-06,06:41:45,D001,OFF
2024-01-06,06:46:00,M001,ON
2024-01-06,06:46:42,M001,OFF
2024-01-06,06:51:00,M003,ON
2024-01-06,06:51:28,M003,OFF
2024-01-06,06:55:00,M002,ON
2024-01-06,06:55:23,M002,OFF
2024-01-06,07:01:00,D001,ON
2024-01-06,07:01:33,D001,OFF
2024-01-06,07:02:00,M003,ON
2024-01-06,07:02:00,D001,ON
2024-01-06,07:02:23,M003,OFF
2024-01-06,07:02:39,D001,OFF
2024-01-06,07:03:00,M002,ON
2024-01-06,07:03:25,M002,OFF
2024-01-06,07:04:00,M003,ON
2024-01-06,07:04:00,D001,ON
2024-01-06,07:04:07,D001,OFF
2024-01-06,07:04:56,M003,OFF
2024-01-06,07:06:00,M001,ON
2024-01-06,07:06:33,M001,OFF
2024-01-06,07:07:00,M002,ON
2024-01-06,07:07:13,M002,OFF
2024-01-06,07:09:00,M003,ON
2024-01-06,07:09:00,D001,ON
2024-01-06,07:09:08,M003,OFF
2024-01-06,07:09:34,D001,OFF
2024-01-06,07:10:00,M001,ON
2024-01-06,07:10:00,M002,ON
2024-01-06,07:10:00,D001,ON
2024-01-06,07:10:25,M001,OFF
2024-01-06,07:10:46,M002,OFF
2024-01-06,07:10:53,D001,OFF
2024-01-06,07:12:00,D001,ON
2024-01-06,07:12:42,D001,OFF
2024-01-06,07:13:00,M002,ON
2024-01-06,07:13:39,M002,OFF
2024-01-06,07:14:00,M001,ON
2024-01-06,07:14:00,M003,ON
2024-01-06,07:14:00,D001,ON
2024-01-06,07:14:21,M001,OFF
2024-01-06,07:14:25,D001,OFF
2024-01-06,07:14:40,M003,OFF
2024-01-06,07:15:00,M003,ON
2024-01-06,07:15:59,M003,OFF
2024-01-06,07:16:00,I001,OFF
2024-01-06,07:17:00,M001,ON
2024-01-06,07:17:00,M002,ON
2024-01-06,07:17:00,D001,ON
2024-01-06,07:17:00,I001,ON
2024-01-06,07:17:07,M002,OFF
2024-01-06,07:17:46,M001,OFF
2024-01-06,07:17:55,D001,OFF
2024-01-06,07:20:00,M001,ON
2024-01-06,07:20:00,M003,ON
2024-01-06,07:20:07,M003,OFF
2024-01-06,07:20:26,M001,OFF
2024-01-06,07:21:00,M001,ON
2024-01-06,07:21:00,M002,ON
2024-01-06,07:21:00,D001,ON
2024-01-06,07:21:05,M001,OFF
2024-01-06,07:21:28,D001,OFF
2024-01-06,07:21:56,M002,OFF
2024-01-06,07:23:00,M002,ON
2024-01-06,07:23:50,M002,OFF
2024-01-06,07:25:00,M001,ON
2024-01-06,07:25:00,M003,ON
2024-01-06,07:25:12,M001,OFF
2024-01-06,07:25:12,M003,OFF
2024-01-06,07:28:00,D001,ON
2024-01-06,07:28:17,D001,OFF
2024-01-06,07:30:00,D001,ON
2024-01-06,07:30:17,D001,OFF
2024-01-06,07:31:00,M002,ON
2024-01-06,07:31:00,D001,ON
2024-01-06,07:31:09,D001,OFF
2024-01-06,07:31:36,M002,OFF
2024-01-06,07:32:00,M002,ON
2024-01-06,07:32:00,M003,ON
2024-01-06,07:32:12,M002,OFF
2024-01-06,07:32:32,M003,OFF
2024-01-06,07:34:00,M003,ON
2024-01-06,07:34:39,M003,OFF
2024-01-06,07:35:00,I001,OFF
2024-01-06,07:35:00,I002,OFF
2024-01-06,07:36:00,M001,ON
2024-01-06,07:36:22,M001,OFF
2024-01-06,07:37:00,M001,ON
2024-01-06,07:37:56,M001,OFF
2024-01-06,07:39:00,M001,ON
2024-01-06,07:39:10,M001,OFF
2024-01-06,07:40:00,M003,ON
2024-01-06,07:40:00,D001,ON
2024-01-06,07:40:40,D001,OFF
2024-01-06,07:40:41,M003,OFF
2024-01-06,07:41:00,M001,ON
2024-01-06,07:41:00,M002,ON
2024-01-06,07:41:00,D001,ON
2024-01-06,07:41:16,M001,OFF
2024-01-06,07:41:19,M002,OFF
2024-01-06,07:41:38,D001,OFF
2024-01-06,07:43:00,M001,ON
2024-01-06,07:43:34,M001,OFF
2024-01-06,07:45:00,M002,ON
2024-01-06,07:45:29,M002,OFF
2024-01-06,07:46:00,M003,ON
2024-01-06,07:46:06,M003,OFF
2024-01-06,07:47:00,D001,ON
2024-01-06,07:47:43,D001,OFF
2024-01-06,07:48:00,D001,ON
2024-01-06,07:48:35,D001,OFF
2024-01-06,07:49:00,M002,ON
2024-01-06,07:49:15,M002,OFF
2024-01-06,07:50:00,M002,ON
2024-01-06,07:50:00,D001,ON
2024-01-06,07:50:10,M002,OFF
2024-01-06,07:50:24,D001,OFF
2024-01-06,07:51:00,M003,ON
2024-01-06,07:51:54,M003,OFF
2024-01-06,07:52:00,M001,ON
2024-01-06,07:52:00,M003,ON
2024-01-06,07:52:00,D001,ON
2024-01-06,07:52:06,D001,OFF
2024-01-06,07:52:14,M001,OFF
2024-01-06,07:52:33,M003,OFF
2024-01-06,07:53:00,M002,ON
2024-01-06,07:53:05,M002,OFF
2024-01-06,07:54:00,M003,ON
2024-01-06,07:54:16,M003,OFF
2024-01-06,07:55:00,M001,ON
2024-01-06,07:55:00,D001,ON
2024-01-06,07:55:05,M001,OFF
2024-01-06,07:55:08,D001,OFF
2024-01-06,07:56:00,M001,ON
2024-01-06,07:56:00,M002,ON
2024-01-06,07:56:49,M001,OFF
2024-01-06,07:56:53,M002,OFF
2024-01-06,07:57:00,M002,ON
2024-01-06,07:57:33,M002,OFF
2024-01-06,07:58:00,M002,ON
2024-01-06,07:58:19,M002,OFF
2024-01-06,07:59:00,M001,ON
2024-01-06,07:59:00,I002,ON
2024-01-06,07:59:58,M001,OFF
2024-01-06,08:00:00,M003,ON
2024-01-06,08:00:54,M003,OFF
2024-01-06,08:01:00,D001,ON
2024-01-06,08:01:13,D001,OFF
2024-01-06,08:02:00,M002,ON
2024-01-06,08:02:00,M003,ON
2024-01-06,08:02:00,D001,ON
2024-01-06,08:02:43,M003,OFF
2024-01-06,08:02:47,M002,OFF
2024-01-06,08:02:54,D001,OFF
2024-01-06,08:04:00,M002,ON
2024-01-06,08:04:00,M003,ON
2024-01-06,08:04:00,I002,OFF
2024-01-06,08:04:49,M002,OFF
2024-01-06,08:04:49,M003,OFF
2024-01-06,08:05:00,M002,ON
2024-01-06,08:05:00,D001,ON
2024-01-06,08:05:35,D001,OFF
2024-01-06,08:05:41,M002,OFF
2024-01-06,08:07:00,D001,ON
2024-01-06,08:07:11,D001,OFF
2024-01-06,08:08:00,M003,ON
2024-01-06,08:08:13,M003,OFF
2024-01-06,08:09:00,M002,ON
2024-01-06,08:09:00,M003,ON
2024-01-06,08:09:28,M002,OFF
2024-01-06,08:09:39,M003,OFF
2024-01-06,08:10:00,M001,ON
2024-01-06,08:10:58,M001,OFF
2024-01-06,08:12:00,M001,ON
2024-01-06,08:12:00,M003,ON
2024-01-06,08:12:00,D001,ON
2024-01-06,08:12:10,M003,OFF
2024-01-06,08:12:30,M001,OFF
2024-01-06,08:12:44,D001,OFF
2024-01-06,08:13:00,M001,ON
2024-01-06,08:13:58,M001,OFF
2024-01-06,08:14:00,M001,ON
2024-01-06,08:14:00,D001,ON
2024-01-06,08:14:21,D001,OFF
2024-01-06,08:14:43,M001,OFF
2024-01-06,08:15:00,M001,ON
2024-01-06,08:15:00,M002,ON
2024-01-06,08:15:00,M003,ON
2024-01-06,08:15:00,D001,ON
2024-01-06,08:15:11,M003,OFF
2024-01-06,08:15:25,M001,OFF
2024-01-06,08:15:26,D001,OFF
2024-01-06,08:15:32,M002,OFF
2024-01-06,08:17:00,M003,ON
2024-01-06,08:17:00,I002,ON
2024-01-06,08:17:44,M003,OFF
2024-01-06,08:18:00,M001,ON
2024-01-06,08:18:00,M002,ON
2024-01-06,08:18:00,M003,ON
2024-01-06,08:18:06,M002,OFF
2024-01-06,08:18:25,M003,OFF
2024-01-06,08:18:45,M001,OFF
2024-01-06,08:19:00,D001,ON
2024-01-06,08:19:51,D001,OFF
2024-01-06,08:20:00,M002,ON
2024-01-06,08:20:00,M003,ON
2024-01-06,08:20:00,D001,ON
2024-01-06,08:20:21,M003,OFF
2024-01-06,08:20:29,M002,OFF
2024-01-06,08:20:44,D001,OFF
2024-01-06,08:21:00,M002,ON
2024-01-06,08:21:11,M002,OFF
2024-01-06,08:22:00,M002,ON
2024-01-06,08:22:16,M002,OFF
2024-01-06,08:23:00,M003,ON
2024-01-06,08:23:50,M003,OFF
2024-01-06,08:30:00,M001,ON
2024-01-06,08:30:17,M001,OFF
2024-01-06,08:31:00,M001,ON
2024-01-06,08:31:00,M003,ON
2024-01-06,08:31:20,M001,OFF
2024-01-06,08:31:46,M003,OFF
2024-01-06,08:32:00,D001,ON
2024-01-06,08:32:41,D001,OFF
2024-01-06,08:33:00,M001,ON
2024-01-06,08:33:22,M001,OFF
2024-01-06,08:34:00,M001,ON
2024-01-06,08:34:05,M001,OFF
2024-01-06,08:35:00,M001,ON
2024-01-06,08:35:00,M003,ON
2024-01-06,08:35:00,D001,ON
2024-01-06,08:35:22,D001,OFF
2024-01-06,08:35:38,M001,OFF
2024-01-06,08:35:42,M003,OFF
2024-01-06,08:36:00,M003,ON
2024-01-06,08:36:38,M003,OFF
2024-01-06,08:37:00,M001,ON
2024-01-06,08:37:00,M003,ON
2024-01-06,08:37:27,M001,OFF
2024-01-06,08:37:35,M003,OFF
2024-01-06,08:38:00,M003,ON
2024-01-06,08:38:25,M003,OFF
2024-01-06,08:39:00,M002,ON
2024-01-06,08:39:32,M002,OFF
2024-01-06,08:40:00,M003,ON
2024-01-06,08:40:00,D001,ON
2024-01-06,08:40:34,M003,OFF
2024-01-06,08:40:46,D001,OFF
2024-01-06,08:42:00,M002,ON
2024-01-06,08:42:25,M002,OFF
2024-01-06,08:44:00,M002,ON
2024-01-06,08:44:00,D001,ON
2024-01-06,08:44:00,I002,OFF
2024-01-06,08:44:13,D001,OFF
2024-01-06,08:44:14,M002,OFF
2024-01-06,08:45:00,M001,ON
2024-01-06,08:45:11,M001,OFF
2024-01-06,08:46:00,D001,ON
2024-01-06,08:46:50,D001,OFF
2024-01-06,08:49:00,D001,ON
2024-01-06,08:49:05,D001,OFF
2024-01-06,08:50:00,M002,ON
2024-01-06,08:50:00,D001,ON
2024-01-06,08:50:19,D001,OFF
2024-01-06,08:50:37,M002,OFF
2024-01-06,08:51:00,M002,ON
2024-01-06,08:51:00,D001,ON
2024-01-06,08:51:14,M002,OFF
2024-01-06,08:51:52,D001,OFF
2024-01-06,08:56:00,D001,ON
2024-01-06,08:56:47,D001,OFF
2024-01-06,08:59:00,M003,ON
2024-01-06,08:59:55,M003,OFF
2024-01-06,09:00:00,M003,ON
2024-01-06,09:00:22,M003,OFF
2024-01-06,09:01:00,M002,ON
2024-01-06,09:01:00,M003,ON
2024-01-06,09:01:47,M003,OFF
2024-01-06,09:01:51,M002,OFF
2024-01-06,09:03:00,M003,ON
2024-01-06,09:03:14,M003,OFF
2024-01-06,09:04:00,M002,ON
2024-01-06,09:04:00,D001,ON
2024-01-06,09:04:15,M002,OFF
2024-01-06,09:04:25,D001,OFF
2024-01-06,09:05:00,M003,ON
2024-01-06,09:05:19,M003,OFF
2024-01-06,09:06:00,M002,ON
2024-01-06,09:06:38,M002,OFF
2024-01-06,09:07:00,M002,ON
2024-01-06,09:07:00,M003,ON
2024-01-06,09:07:23,M003,OFF
2024-01-06,09:07:47,M002,OFF
2024-01-06,09:08:00,M003,ON
2024-01-06,09:08:00,D001,ON
2024-01-06,09:08:06,M003,OFF
2024-01-06,09:08:41,D001,OFF
2024-01-06,09:09:00,M001,ON
2024-01-06,09:09:00,M002,ON
2024-01-06,09:09:00,I001,ON
2024-01-06,09:09:21,M002,OFF
2024-01-06,09:09:59,M001,OFF
2024-01-06,09:11:00,M001,ON
2024-01-06,09:11:00,M003,ON
2024-01-06,09:11:00,D001,ON
2024-01-06,09:11:15,M003,OFF
2024-01-06,09:11:35,D001,OFF
2024-01-06,09:11:52,M001,OFF
2024-01-06,09:12:00,M001,ON
2024-01-06,09:12:00,D001,ON
2024-01-06,09:12:32,D001,OFF
2024-01-06,09:12:35,M001,OFF
2024-01-06,09:13:00,M001,ON
2024-01-06,09:13:35,M001,OFF
2024-01-06,09:17:00,M001,ON
2024-01-06,09:17:30,M001,OFF
2024-01-06,09:19:00,M002,ON
2024-01-06,09:19:22,M002,OFF
2024-01-06,09:21:00,M001,ON
2024-01-06,09:21:51,M001,OFF
2024-01-06,09:22:00,M002,ON
2024-01-06,09:22:19,M002,OFF
2024-01-06,09:24:00,M001,ON
2024-01-06,09:24:00,M002,ON
2024-01-06,09:24:00,M003,ON
2024-01-06,09:24:07,M002,OFF
2024-01-06,09:24:58,M001,OFF
2024-01-06,09:24:59,M003,OFF
2024-01-06,09:25:00,D001,ON
2024-01-06,09:25:45,D001,OFF
2024-01-06,09:26:00,D001,ON
2024-01-06,09:26:38,D001,OFF
2024-01-06,09:27:00,D001,ON
2024-01-06,09:27:26,D001,OFF
2024-01-06,09:29:00,M001,ON
2024-01-06,09:29:55,M001,OFF
2024-01-06,09:30:00,M003,ON
2024-01-06,09:30:00,D001,ON
2024-01-06,09:30:32,D001,OFF
2024-01-06,09:30:35,M003,OFF
2024-01-06,09:31:00,M001,ON
2024-01-06,09:31:57,M001,OFF
2024-01-06,09:33:00,M002,ON
2024-01-06,09:33:43,M002,OFF
2024-01-06,09:34:00,M001,ON
2024-01-06,09:34:00,M002,ON
2024-01-06,09:34:00,I001,OFF
2024-01-06,09:34:37,M001,OFF
2024-01-06,09:34:47,M002,OFF
2024-01-06,09:35:00,M001,ON
2024-01-06,09:35:55,M001,OFF
2024-01-06,09:36:00,M001,ON
2024-01-06,09:36:00,D001,ON
2024-01-06,09:36:18,M001,OFF
2024-01-06,09:36:33,D001,OFF
2024-01-06,09:37:00,M002,ON
2024-01-06,09:37:57,M002,OFF
2024-01-06,09:38:00,M001,ON
2024-01-06,09:38:16,M001,OFF
2024-01-06,09:40:00,D001,ON
2024-01-06,09:40:42,D001,OFF
2024-01-06,09:41:00,M002,ON
2024-01-06,09:41:57,M002,OFF
2024-01-06,09:42:00,M001,ON
2024-01-06,09:42:55,M001,OFF
2024-01-06,09:45:00,M003,ON
2024-01-06,09:45:14,M003,OFF
2024-01-06,09:46:00,M001,ON
2024-01-06,09:46:00,D001,ON
2024-01-06,09:46:07,M001,OFF
2024-01-06,09:46:34,D001,OFF
2024-01-06,09:47:00,D001,ON
2024-01-06,09:47:00,I002,ON
2024-01-06,09:47:42,D001,OFF
2024-01-06,09:49:00,M001,ON
2024-01-06,09:49:39,M001,OFF
2024-01-06,09:51:00,M002,ON
2024-01-06,09:51:32,M002,OFF
2024-01-06,09:54:00,M002,ON
2024-01-06,09:54:24,M002,OFF
2024-01-06,09:55:00,M001,ON
2024-01-06,09:55:00,M002,ON
2024-01-06,09:55:40,M001,OFF
2024-01-06,09:55:51,M002,OFF
2024-01-06,09:57:00,M003,ON
2024-01-06,09:57:58,M003,OFF
2024-01-06,09:58:00,D001,ON
2024-01-06,09:58:24,D001,OFF
2024-01-06,10:08:00,D001,ON
2024-01-06,10:08:33,D001,OFF
2024-01-06,10:10:00,M002,ON
2024-01-06,10:10:56,M002,OFF
2024-01-06,10:14:00,M001,ON
2024-01-06,10:14:43,M001,OFF
2024-01-06,10:22:00,I001,ON
2024-01-06,10:39:00,M002,ON
2024-01-06,10:39:53,M002,OFF
2024-01-06,10:41:00,I002,OFF
2024-01-06,10:45:00,M001,ON
2024-01-06,10:45:58,M001,OFF
2024-01-06,10:46:00,I002,ON
2024-01-06,10:47:00,M003,ON
2024-01-06,10:47:29,M003,OFF
2024-01-06,10:48:00,D001,ON
2024-01-06,10:48:50,D001,OFF
2024-01-06,11:02:00,M002,ON
2024-01-06,11:02:50,M002,OFF
2024-01-06,11:03:00,M002,ON
2024-01-06,11:03:17,M002,OFF
2024-01-06,11:10:00,M001,ON
2024-01-06,11:10:43,M001,OFF
2024-01-06,11:15:00,D001,ON
2024-01-06,11:15:35,D001,OFF
2024-01-06,11:17:00,I002,OFF
2024-01-06,11:19:00,M001,ON
2024-01-06,11:19:00,M003,ON
2024-01-06,11:19:19,M003,OFF
2024-01-06,11:19:43,M001,OFF
2024-01-06,11:21:00,M002,ON
2024-01-06,11:21:48,M002,OFF
2024-01-06,11:23:00,M002,ON
2024-01-06,11:23:19,M002,OFF
2024-01-06,11:25:00,I002,ON
2024-01-06,11:26:00,M002,ON
2024-01-06,11:26:40,M002,OFF
2024-01-06,11:35:00,M002,ON
2024-01-06,11:35:23,M002,OFF
2024-01-06,11:45:00,M003,ON
2024-01-06,11:45:40,M003,OFF
2024-01-06,11:47:00,M001,ON
2024-01-06,11:47:47,M001,OFF
2024-01-06,11:50:00,M003,ON
2024-01-06,11:50:24,M003,OFF
2024-01-06,11:54:00,M002,ON
2024-01-06,11:54:19,M002,OFF
2024-01-06,11:56:00,D001,ON
2024-01-06,11:56:26,D001,OFF
2024-01-06,11:57:00,M001,ON
2024-01-06,11:57:45,M001,OFF
2024-01-06,11:59:00,M001,ON
2024-01-06,11:59:41,M001,OFF
2024-01-06,12:00:00,M001,ON
2024-01-06,12:00:00,M002,ON
2024-01-06,12:00:00,D001,ON
2024-01-06,12:00:00,I001,OFF
2024-01-06,12:00:32,M001,OFF
2024-01-06,12:00:43,D001,OFF
2024-01-06,12:00:52,M002,OFF
2024-01-06,12:01:00,M002,ON
2024-01-06,12:01:00,M003,ON
2024-01-06,12:01:00,D001,ON
2024-01-06,12:01:21,M003,OFF
2024-01-06,12:01:31,M002,OFF
2024-01-06,12:01:42,D001,OFF
2024-01-06,12:02:00,M002,ON
2024-01-06,12:02:19,M002,OFF
2024-01-06,12:03:00,M001,ON
2024-01-06,12:03:00,M002,ON
2024-01-06,12:03:00,M003,ON
2024-01-06,12:03:12,M003,OFF
2024-01-06,12:03:19,M001,OFF
2024-01-06,12:03:37,M002,OFF
2024-01-06,12:04:00,M001,ON
2024-01-06,12:04:00,M002,ON
2024-01-06,12:04:00,M003,ON
2024-01-06,12:04:13,M002,OFF
2024-01-06,12:04:46,M001,OFF
2024-01-06,12:04:53,M003,OFF
2024-01-06,12:05:00,M003,ON
2024-01-06,12:05:00,D001,ON
2024-01-06,12:05:14,D001,OFF
2024-01-06,12:05:34,M003,OFF
2024-01-06,12:06:00,M002,ON
2024-01-06,12:06:00,M003,ON
2024-01-06,12:06:43,M002,OFF
2024-01-06,12:06:47,M003,OFF
2024-01-06,12:07:00,M001,ON
2024-01-06,12:07:21,M001,OFF
2024-01-06,12:08:00,M002,ON
2024-01-06,12:08:00,M003,ON
2024-01-06,12:08:12,M002,OFF
2024-01-06,12:08:56,M003,OFF
2024-01-06,12:09:00,D001,ON
2024-01-06,12:09:28,D001,OFF
2024-01-06,12:11:00,M001,ON
2024-01-06,12:11:00,M002,ON
2024-01-06,12:11:00,M003,ON
2024-01-06,12:11:07,M003,OFF
2024-01-06,12:11:08,M001,OFF
2024-01-06,12:11:36,M002,OFF
2024-01-06,12:14:00,D001,ON
2024-01-06,12:14:28,D001,OFF
2024-01-06,12:15:00,M002,ON
2024-01-06,12:15:00,M003,ON
2024-01-06,12:15:30,M002,OFF
2024-01-06,12:15:32,M003,OFF
2024-01-06,12:16:00,M001,ON
2024-01-06,12:16:48,M001,OFF
2024-01-06,12:17:00,D001,ON
2024-01-06,12:17:42,D001,OFF
2024-01-06,12:19:00,M002,ON
2024-01-06,12:19:54,M002,OFF
2024-01-06,12:24:00,M002,ON
2024-01-06,12:24:17,M002,OFF
2024-01-06,12:26:00,M003,ON
2024-01-06,12:26:00,D001,ON
2024-01-06,12:26:18,M003,OFF
2024-01-06,12:26:56,D001,OFF
2024-01-06,12:27:00,D001,ON
2024-01-06,12:27:21,D001,OFF
2024-01-06,12:28:00,M001,ON
2024-01-06,12:28:08,M001,OFF
2024-01-06,12:29:00,M002,ON
2024-01-06,12:29:19,M002,OFF
2024-01-06,12:30:00,M001,ON
2024-01-06,12:30:23,M001,OFF
2024-01-06,12:32:00,M002,ON
2024-01-06,12:32:00,D001,ON
2024-01-06,12:32:41,D001,OFF
2024-01-06,12:32:54,M002,OFF
2024-01-06,12:33:00,D001,ON
2024-01-06,12:33:26,D001,OFF
2024-01-06,12:35:00,M001,ON
2024-01-06,12:35:00,M002,ON
2024-01-06,12:35:11,M002,OFF
2024-01-06,12:35:52,M001,OFF
2024-01-06,12:36:00,M003,ON
2024-01-06,12:36:00,D001,ON
2024-01-06,12:36:00,I001,ON
2024-01-06,12:36:09,D001,OFF
2024-01-06,12:36:54,M003,OFF
2024-01-06,12:38:00,D001,ON
2024-01-06,12:38:00,I001,OFF
2024-01-06,12:38:20,D001,OFF
2024-01-06,12:39:00,M001,ON
2024-01-06,12:39:28,M001,OFF
2024-01-06,12:40:00,M003,ON
2024-01-06,12:40:30,M003,OFF
2024-01-06,12:41:00,M002,ON
2024-01-06,12:41:26,M002,OFF
2024-01-06,12:43:00,M001,ON
2024-01-06,12:43:00,M002,ON
2024-01-06,12:43:29,M001,OFF
2024-01-06,12:43:55,M002,OFF
2024-01-06,12:44:00,M001,ON
2024-01-06,12:44:17,M001,OFF
2024-01-06,12:45:00,M002,ON
2024-01-06,12:45:00,D001,ON
2024-01-06,12:45:46,D001,OFF
2024-01-06,12:45:58,M002,OFF
2024-01-06,12:46:00,M003,ON
2024-01-06,12:46:07,M003,OFF
2024-01-06,12:47:00,M002,ON
2024-01-06,12:47:40,M002,OFF
2024-01-06,12:49:00,M002,ON
2024-01-06,12:49:00,M003,ON
2024-01-06,12:49:36,M002,OFF
2024-01-06,12:49:46,M003,OFF
2024-01-06,12:50:00,M002,ON
2024-01-06,12:50:24,M002,OFF
2024-01-06,12:51:00,D001,ON
2024-01-06,12:51:17,D001,OFF
2024-01-06,12:53:00,M003,ON
2024-01-06,12:53:26,M003,OFF
2024-01-06,12:55:00,M001,ON
2024-01-06,12:55:38,M001,OFF
2024-01-06,12:56:00,M001,ON
2024-01-06,12:56:00,D001,ON
2024-01-06,12:56:27,D001,OFF
2024-01-06,12:56:30,M001,OFF
2024-01-06,12:57:00,D001,ON
2024-01-06,12:57:12,D001,OFF
2024-01-06,12:59:00,M001,ON
2024-01-06,12:59:00,M003,ON
2024-01-06,12:59:37,M001,OFF
2024-01-06,12:59:47,M003,OFF
2024-01-06,13:00:00,M002,ON
2024-01-06,13:00:34,M002,OFF
2024-01-06,13:01:00,M001,ON
2024-01-06,13:01:08,M001,OFF
2024-01-06,13:04:00,M002,ON
2024-01-06,13:04:43,M002,OFF
2024-01-06,13:05:00,M002,ON
2024-01-06,13:05:19,M002,OFF
2024-01-06,13:06:00,D001,ON
2024-01-06,13:06:07,D001,OFF
2024-01-06,13:07:00,M002,ON
2024-01-06,13:07:00,D001,ON
2024-01-06,13:07:00,I001,ON
2024-01-06,13:07:40,M002,OFF
2024-01-06,13:07:46,D001,OFF
2024-01-06,13:09:00,M001,ON
2024-01-06,13:09:24,M001,OFF
2024-01-06,13:10:00,D001,ON
2024-01-06,13:10:08,D001,OFF
2024-01-06,13:11:00,M003,ON
2024-01-06,13:11:51,M003,OFF
2024-01-06,13:15:00,M001,ON
2024-01-06,13:15:11,M001,OFF
2024-01-06,13:16:00,D001,ON
2024-01-06,13:16:49,D001,OFF
2024-01-06,13:19:00,M001,ON
2024-01-06,13:19:00,D001,ON
2024-01-06,13:19:07,M001,OFF
2024-01-06,13:19:26,D001,OFF
2024-01-06,13:20:00,M003,ON
2024-01-06,13:20:00,D001,ON
2024-01-06,13:20:50,M003,OFF
2024-01-06,13:20:53,D001,OFF
2024-01-06,13:21:00,D001,ON
2024-01-06,13:21:41,D001,OFF
2024-01-06,13:22:00,M003,ON
2024-01-06,13:22:56,M003,OFF
2024-01-06,13:23:00,M001,ON
2024-01-06,13:23:00,M002,ON
2024-01-06,13:23:37,M002,OFF
2024-01-06,13:23:45,M001,OFF
2024-01-06,13:25:00,M001,ON
2024-01-06,13:25:06,M001,OFF
2024-01-06,13:26:00,D001,ON
2024-01-06,13:26:51,D001,OFF
2024-01-06,13:27:00,M001,ON
2024-01-06,13:27:26,M001,OFF
2024-01-06,13:28:00,M003,ON
2024-01-06,13:28:16,M003,OFF
2024-01-06,13:30:00,M003,ON
2024-01-06,13:30:52,M003,OFF
2024-01-06,13:31:00,M001,ON
2024-01-06,13:31:36,M001,OFF
2024-01-06,13:33:00,M002,ON
2024-01-06,13:33:38,M002,OFF
2024-01-06,13:34:00,D001,ON
2024-01-06,13:34:00,I001,OFF
2024-01-06,13:34:17,D001,OFF
2024-01-06,13:36:00,M003,ON
2024-01-06,13:36:00,I001,ON
2024-01-06,13:36:35,M003,OFF
2024-01-06,13:37:00,M002,ON
2024-01-06,13:37:00,M003,ON
2024-01-06,13:37:14,M003,OFF
2024-01-06,13:37:55,M002,OFF
2024-01-06,13:38:00,D001,ON
2024-01-06,13:38:48,D001,OFF
2024-01-06,13:39:00,D001,ON
2024-01-06,13:39:16,D001,OFF
2024-01-06,13:41:00,M003,ON
2024-01-06,13:41:53,M003,OFF
2024-01-06,13:43:00,M002,ON
2024-01-06,13:43:59,M002,OFF
2024-01-06,13:44:00,M003,ON
2024-01-06,13:44:00,D001,ON
2024-01-06,13:44:22,D001,OFF
2024-01-06,13:44:30,M003,OFF
2024-01-06,13:46:00,M001,ON
2024-01-06,13:46:00,M002,ON
2024-01-06,13:46:27,M001,OFF
2024-01-06,13:46:38,M002,OFF
2024-01-06,13:47:00,M002,ON
2024-01-06,13:47:00,M003,ON
2024-01-06,13:47:00,D001,ON
2024-01-06,13:47:06,M002,OFF
2024-01-06,13:47:27,D001,OFF
2024-01-06,13:47:43,M003,OFF
2024-01-06,13:48:00,M001,ON
2024-01-06,13:48:00,M003,ON
2024-01-06,13:48:18,M003,OFF
2024-01-06,13:48:40,M001,OFF
2024-01-06,13:49:00,I001,OFF
2024-01-06,13:49:00,I002,OFF
2024-01-06,13:51:00,M001,ON
2024-01-06,13:51:00,D001,ON
2024-01-06,13:51:20,D001,OFF
2024-01-06,13:51:27,M001,OFF
2024-01-06,13:52:00,M001,ON
2024-01-06,13:52:00,M002,ON
2024-01-06,13:52:00,M003,ON
2024-01-06,13:52:42,M002,OFF
2024-01-06,13:52:52,M003,OFF
2024-01-06,13:52:59,M001,OFF
2024-01-06,13:53:00,D001,ON
2024-01-06,13:53:28,D001,OFF
2024-01-06,13:56:00,D001,ON
2024-01-06,13:56:19,D001,OFF
2024-01-06,13:57:00,M003,ON
2024-01-06,13:57:29,M003,OFF
2024-01-06,13:59:00,M001,ON
2024-01-06,13:59:00,M003,ON
2024-01-06,13:59:26,M003,OFF
2024-01-06,13:59:28,M001,OFF
2024-01-06,14:05:00,M003,ON
2024-01-06,14:05:00,D001,ON
2024-01-06,14:05:19,M003,OFF
2024-01-06,14:05:59,D001,OFF
2024-01-06,14:06:00,M003,ON
2024-01-06,14:06:00,D001,ON
2024-01-06,14:06:32,M003,OFF
2024-01-06,14:06:48,D001,OFF
2024-01-06,14:22:00,M002,ON
2024-01-06,14:22:00,D001,ON
2024-01-06,14:22:10,D001,OFF
2024-01-06,14:22:34,M002,OFF
2024-01-06,14:38:00,M002,ON
2024-01-06,14:38:34,M002,OFF
2024-01-06,14:41:00,M003,ON
2024-01-06,14:41:34,M003,OFF
2024-01-06,14:53:00,M002,ON
2024-01-06,14:53:30,M002,OFF
2024-01-06,15:04:00,M002,ON
2024-01-06,15:04:38,M002,OFF
2024-01-06,15:05:00,D001,ON
2024-01-06,15:05:10,D001,OFF
2024-01-06,15:20:00,I001,ON
2024-01-06,15:28:00,I001,OFF
2024-01-06,15:29:00,M001,ON
2024-01-06,15:29:11,M001,OFF
2024-01-06,15:32:00,D001,ON
2024-01-06,15:32:10,D001,OFF
2024-01-06,15:41:00,D001,ON
2024-01-06,15:41:52,D001,OFF
2024-01-06,15:55:00,M001,ON
2024-01-06,15:55:36,M001,OFF
2024-01-06,15:59:00,M002,ON
2024-01-06,15:59:26,M002,OFF
2024-01-06,16:09:00,I001,ON
2024-01-06,16:12:00,D001,ON
2024-01-06,16:12:45,D001,OFF
2024-01-06,16:13:00,M001,ON
2024-01-06,16:13:14,M001,OFF
2024-01-06,16:17:00,D001,ON
2024-01-06,16:17:39,D001,OFF
2024-01-06,16:25:00,M001,ON
2024-01-06,16:25:05,M001,OFF
2024-01-06,16:32:00,M003,ON
2024-01-06,16:32:25,M003,OFF
2024-01-06,16:35:00,M001,ON
2024-01-06,16:35:17,M001,OFF
2024-01-06,16:40:00,D001,ON
2024-01-06,16:40:11,D001,OFF
2024-01-06,16:43:00,M001,ON
2024-01-06,16:43:00,M003,ON
2024-01-06,16:43:35,M003,OFF
2024-01-06,16:43:37,M001,OFF
2024-01-06,16:51:00,D001,ON
2024-01-06,16:51:45,D001,OFF
2024-01-06,16:53:00,M002,ON
2024-01-06,16:53:00,M003,ON
2024-01-06,16:53:12,M003,OFF
2024-01-06,16:53:46,M002,OFF
2024-01-06,16:56:00,M003,ON
2024-01-06,16:56:51,M003,OFF
2024-01-06,17:08:00,M002,ON
2024-01-06,17:08:53,M002,OFF
2024-01-06,17:15:00,I002,ON
2024-01-06,17:21:00,M003,ON
2024-01-06,17:21:13,M003,OFF
2024-01-06,17:32:00,M001,ON
2024-01-06,17:32:52,M001,OFF
2024-01-06,17:38:00,M002,ON
2024-01-06,17:38:13,M002,OFF
2024-01-06,17:40:00,M003,ON
2024-01-06,17:40:51,M003,OFF
2024-01-06,17:41:00,M001,ON
2024-01-06,17:41:49,M001,OFF
2024-01-06,17:53:00,M001,ON
2024-01-06,17:53:57,M001,OFF
2024-01-06,17:58:00,D001,ON
2024-01-06,17:58:15,D001,OFF
2024-01-06,18:00:00,M001,ON
2024-01-06,18:00:00,M003,ON
2024-01-06,18:00:11,M003,OFF
2024-01-06,18:00:12,M001,OFF
2024-01-06,18:01:00,M003,ON
2024-01-06,18:01:53,M003,OFF
2024-01-06,18:03:00,M003,ON
2024-01-06,18:03:00,D001,ON
2024-01-06,18:03:16,M003,OFF
2024-01-06,18:03:30,D001,OFF
2024-01-06,18:04:00,M002,ON
2024-01-06,18:04:00,M003,ON
2024-01-06,18:04:13,M003,OFF
2024-01-06,18:04:55,M002,OFF
2024-01-06,18:05:00,M002,ON
2024-01-06,18:05:00,D001,ON
2024-01-06,18:05:29,M002,OFF
2024-01-06,18:05:35,D001,OFF
2024-01-06,18:06:00,D001,ON
2024-01-06,18:06:56,D001,OFF
2024-01-06,18:07:00,M002,ON
2024-01-06,18:07:00,M003,ON
2024-01-06,18:07:43,M003,OFF
2024-01-06,18:07:44,M002,OFF
2024-01-06,18:08:00,M003,ON
2024-01-06,18:08:00,D001,ON
2024-01-06,18:08:20,D001,OFF
2024-01-06,18:08:57,M003,OFF
2024-01-06,18:09:00,M002,ON
2024-01-06,18:09:46,M002,OFF
2024-01-06,18:10:00,M001,ON
2024-01-06,18:10:29,M001,OFF
2024-01-06,18:11:00,M003,ON
2024-01-06,18:11:00,D001,ON
2024-01-06,18:11:46,D001,OFF
2024-01-06,18:11:51,M003,OFF
2024-01-06,18:12:00,M002,ON
2024-01-06,18:12:00,M003,ON
2024-01-06,18:12:00,D001,ON
2024-01-06,18:12:12,D001,OFF
2024-01-06,18:12:29,M003,OFF
2024-01-06,18:12:42,M002,OFF
2024-01-06,18:13:00,M001,ON
2024-01-06,18:13:00,M003,ON
2024-01-06,18:13:26,M003,OFF
2024-01-06,18:13:27,M001,OFF
2024-01-06,18:14:00,M001,ON
2024-01-06,18:14:10,M001,OFF
2024-01-06,18:15:00,D001,ON
2024-01-06,18:15:12,D001,OFF
2024-01-06,18:16:00,M002,ON
2024-01-06,18:16:37,M002,OFF
2024-01-06,18:17:00,M002,ON
2024-01-06,18:17:38,M002,OFF
2024-01-06,18:18:00,M002,ON
2024-01-06,18:18:00,M003,ON
2024-01-06,18:18:34,M003,OFF
2024-01-06,18:18:54,M002,OFF
2024-01-06,18:19:00,M001,ON
2024-01-06,18:19:00,M002,ON
2024-01-06,18:19:10,M002,OFF
2024-01-06,18:19:27,M001,OFF
2024-01-06,18:20:00,M002,ON
2024-01-06,18:20:29,M002,OFF
2024-01-06,18:21:00,M001,ON
2024-01-06,18:21:00,D001,ON
2024-01-06,18:21:11,M001,OFF
2024-01-06,18:21:56,D001,OFF
2024-01-06,18:24:00,D001,ON
2024-01-06,18:24:45,D001,OFF
2024-01-06,18:26:00,M003,ON
2024-01-06,18:26:00,D001,ON
2024-01-06,18:26:23,M003,OFF
2024-01-06,18:26:39,D001,OFF
2024-01-06,18:27:00,M002,ON
2024-01-06,18:27:48,M002,OFF
2024-01-06,18:29:00,M001,ON
2024-01-06,18:29:00,M003,ON
2024-01-06,18:29:10,M003,OFF
2024-01-06,18:29:46,M001,OFF
2024-01-06,18:31:00,D001,ON
2024-01-06,18:31:11,D001,OFF
2024-01-06,18:32:00,M003,ON
2024-01-06,18:32:00,D001,ON
2024-01-06,18:32:00,I001,OFF
2024-01-06,18:32:14,M003,OFF
2024-01-06,18:32:23,D001,OFF
2024-01-06,18:33:00,M001,ON
2024-01-06,18:33:19,M001,OFF
2024-01-06,18:34:00,M002,ON
2024-01-06,18:34:25,M002,OFF
2024-01-06,18:36:00,M001,ON
2024-01-06,18:36:00,D001,ON
2024-01-06,18:36:10,M001,OFF
2024-01-06,18:36:31,D001,OFF
2024-01-06,18:38:00,D001,ON
2024-01-06,18:38:10,D001,OFF
2024-01-06,18:39:00,M002,ON
2024-01-06,18:39:00,D001,ON
2024-01-06,18:39:35,D001,OFF
2024-01-06,18:39:58,M002,OFF
2024-01-06,18:40:00,M002,ON
2024-01-06,18:40:00,M003,ON
2024-01-06,18:40:00,I002,OFF
2024-01-06,18:40:50,M003,OFF
2024-01-06,18:40:59,M002,OFF
2024-01-06,18:41:00,M001,ON
2024-01-06,18:41:34,M001,OFF
2024-01-06,18:42:00,M002,ON
2024-01-06,18:42:20,M002,OFF
2024-01-06,18:49:00,M001,ON
2024-01-06,18:49:33,M001,OFF
2024-01-06,18:50:00,M001,ON
2024-01-06,18:50:45,M001,OFF
2024-01-06,18:51:00,M001,ON
2024-01-06,18:51:00,D001,ON
2024-01-06,18:51:10,M001,OFF
2024-01-06,18:51:23,D001,OFF
2024-01-06,18:54:00,D001,ON
2024-01-06,18:54:59,D001,OFF
2024-01-06,18:56:00,M001,ON
2024-01-06,18:56:00,M002,ON
2024-01-06,18:56:52,M001,OFF
2024-01-06,18:56:57,M002,OFF
2024-01-06,19:00:00,M002,ON
2024-01-06,19:00:00,D001,ON
2024-01-06,19:00:00,I002,ON
2024-01-06,19:00:44,D001,OFF
2024-01-06,19:00:48,M002,OFF
2024-01-06,19:02:00,M001,ON
2024-01-06,19:02:00,D001,ON
2024-01-06,19:02:24,M001,OFF
2024-01-06,19:02:42,D001,OFF
2024-01-06,19:04:00,M001,ON
2024-01-06,19:04:29,M001,OFF
2024-01-06,19:05:00,M001,ON
2024-01-06,19:05:07,M001,OFF
2024-01-06,19:06:00,D001,ON
2024-01-06,19:06:59,D001,OFF
2024-01-06,19:08:00,M001,ON
2024-01-06,19:08:07,M001,OFF
2024-01-06,19:09:00,D001,ON
2024-01-06,19:09:51,D001,OFF
2024-01-06,19:10:00,M001,ON
2024-01-06,19:10:33,M001,OFF
2024-01-06,19:11:00,M002,ON
2024-01-06,19:11:46,M002,OFF
2024-01-06,19:13:00,M001,ON
2024-01-06,19:13:41,M001,OFF
2024-01-06,19:19:00,M002,ON
2024-01-06,19:19:00,D001,ON
2024-01-06,19:19:10,D001,OFF
2024-01-06,19:19:32,M002,OFF
2024-01-06,19:20:00,D001,ON
2024-01-06,19:20:23,D001,OFF
2024-01-06,19:24:00,M002,ON
2024-01-06,19:24:38,M002,OFF
2024-01-06,19:25:00,M001,ON
2024-01-06,19:25:00,M002,ON
2024-01-06,19:25:00,D001,ON
2024-01-06,19:25:14,D001,OFF
2024-01-06,19:25:19,M002,OFF
2024-01-06,19:25:37,M001,OFF
2024-01-06,19:26:00,M001,ON
2024-01-06,19:26:14,M001,OFF
2024-01-06,19:27:00,D001,ON
2024-01-06,19:27:17,D001,OFF
2024-01-06,19:28:00,M001,ON
2024-01-06,19:28:55,M001,OFF
2024-01-06,19:29:00,M003,ON
2024-01-06,19:29:00,D001,ON
2024-01-06,19:29:21,D001,OFF
2024-01-06,19:29:49,M003,OFF
2024-01-06,19:32:00,M001,ON
2024-01-06,19:32:56,M001,OFF
2024-01-06,19:33:00,M001,ON
2024-01-06,19:33:00,D001,ON
2024-01-06,19:33:32,D001,OFF
2024-01-06,19:33:47,M001,OFF
2024-01-06,19:34:00,M002,ON
2024-01-06,19:34:17,M002,OFF
2024-01-06,19:35:00,M002,ON
2024-01-06,19:35:29,M002,OFF
2024-01-06,19:36:00,M003,ON
2024-01-06,19:36:00,D001,ON
2024-01-06,19:36:34,D001,OFF
2024-01-06,19:36:35,M003,OFF
2024-01-06,19:37:00,D001,ON
2024-01-06,19:37:32,D001,OFF
2024-01-06,19:38:00,D001,ON
2024-01-06,19:38:00,I001,ON
2024-01-06,19:38:00,I002,OFF
2024-01-06,19:38:05,D001,OFF
2024-01-06,19:39:00,M001,ON
2024-01-06,19:39:32,M001,OFF
2024-01-06,19:40:00,M001,ON
2024-01-06,19:40:00,M002,ON
2024-01-06,19:40:00,M003,ON
2024-01-06,19:40:00,D001,ON
2024-01-06,19:40:06,M003,OFF
2024-01-06,19:40:53,M001,OFF
2024-01-06,19:40:56,M002,OFF
2024-01-06,19:40:59,D001,OFF
2024-01-06,19:41:00,M003,ON
2024-01-06,19:41:42,M003,OFF
2024-01-06,19:44:00,M003,ON
2024-01-06,19:44:56,M003,OFF
2024-01-06,19:45:00,D001,ON
2024-01-06,19:45:28,D001,OFF
2024-01-06,19:46:00,M003,ON
2024-01-06,19:46:00,D001,ON
2024-01-06,19:46:47,D001,OFF
2024-01-06,19:46:48,M003,OFF
2024-01-06,19:47:00,M001,ON
2024-01-06,19:47:31,M001,OFF
2024-01-06,19:50:00,D001,ON
2024-01-06,19:50:48,D001,OFF
2024-01-06,19:53:00,M001,ON
2024-01-06,19:53:00,M002,ON
2024-01-06,19:53:16,M002,OFF
2024-01-06,19:53:19,M001,OFF
2024-01-06,19:54:00,D001,ON
2024-01-06,19:54:25,D001,OFF
2024-01-06,19:55:00,M002,ON
2024-01-06,19:55:18,M002,OFF
2024-01-06,19:58:00,M003,ON
2024-01-06,19:58:14,M003,OFF
2024-01-06,19:59:00,M003,ON
2024-01-06,19:59:06,M003,OFF
2024-01-06,20:00:00,M002,ON
2024-01-06,20:00:00,I001,OFF
2024-01-06,20:00:47,M002,OFF
2024-01-06,20:02:00,M001,ON
2024-01-06,20:02:48,M001,OFF
2024-01-06,20:03:00,D001,ON
2024-01-06,20:03:57,D001,OFF
2024-01-06,20:04:00,M001,ON
2024-01-06,20:04:09,M001,OFF
2024-01-06,20:05:00,M001,ON
2024-01-06,20:05:00,M002,ON
2024-01-06,20:05:00,I001,ON
2024-01-06,20:05:16,M001,OFF
2024-01-06,20:05:19,M002,OFF
2024-01-06,20:06:00,M001,ON
2024-01-06,20:06:00,M003,ON
2024-01-06,20:06:06,M003,OFF
2024-01-06,20:06:57,M001,OFF
2024-01-06,20:07:00,M001,ON
2024-01-06,20:07:00,M002,ON
2024-01-06,20:07:00,M003,ON
2024-01-06,20:07:35,M002,OFF
2024-01-06,20:07:40,M001,OFF
2024-01-06,20:07:56,M003,OFF
2024-01-06,20:08:00,M003,ON
2024-01-06,20:08:23,M003,OFF
2024-01-06,20:10:00,M003,ON
2024-01-06,20:10:48,M003,OFF
2024-01-06,20:16:00,M002,ON
2024-01-06,20:16:32,M002,OFF
2024-01-06,20:17:00,M001,ON
2024-01-06,20:17:00,M002,ON
2024-01-06,20:17:25,M002,OFF
2024-01-06,20:17:38,M001,OFF
2024-01-06,20:18:00,M001,ON
2024-01-06,20:18:33,M001,OFF
2024-01-06,20:19:00,M003,ON
2024-01-06,20:19:51,M003,OFF
2024-01-06,20:21:00,M001,ON
2024-01-06,20:21:00,M002,ON
2024-01-06,20:21:06,M001,OFF
2024-01-06,20:21:45,M002,OFF
2024-01-06,20:22:00,M001,ON
2024-01-06,20:22:59,M001,OFF
2024-01-06,20:23:00,M001,ON
2024-01-06,20:23:00,M003,ON
2024-01-06,20:23:00,I001,OFF
2024-01-06,20:23:33,M003,OFF
2024-01-06,20:23:54,M001,OFF
2024-01-06,20:24:00,M001,ON
2024-01-06,20:24:00,M002,ON
2024-01-06,20:24:27,M002,OFF
2024-01-06,20:24:48,M001,OFF
2024-01-06,20:25:00,M002,ON
2024-01-06,20:25:05,M002,OFF
2024-01-06,20:26:00,M001,ON
2024-01-06,20:26:23,M001,OFF
2024-01-06,20:27:00,M001,ON
2024-01-06,20:27:00,M002,ON
2024-01-06,20:27:05,M002,OFF
2024-01-06,20:27:43,M001,OFF
2024-01-06,20:31:00,M003,ON
2024-01-06,20:31:00,D001,ON
2024-01-06,20:31:21,D001,OFF
2024-01-06,20:31:44,M003,OFF
2024-01-06,20:32:00,M002,ON
2024-01-06,20:32:00,D001,ON
2024-01-06,20:32:08,D001,OFF
2024-01-06,20:32:48,M002,OFF
2024-01-06,20:33:00,D001,ON
2024-01-06,20:33:29,D001,OFF
2024-01-06,20:34:00,D001,ON
2024-01-06,20:34:41,D001,OFF
2024-01-06,20:35:00,M002,ON
2024-01-06,20:35:18,M002,OFF
2024-01-06,20:36:00,M002,ON
2024-01-06,20:36:35,M002,OFF
2024-01-06,20:38:00,M001,ON
2024-01-06,20:38:00,M002,ON
2024-01-06,20:38:32,M001,OFF
2024-01-06,20:38:51,M002,OFF
2024-01-06,20:39:00,M001,ON
2024-01-06,20:39:56,M001,OFF
2024-01-06,20:41:00,M001,ON
2024-01-06,20:41:00,M003,ON
2024-01-06,20:41:10,M003,OFF
2024-01-06,20:41:42,M001,OFF
2024-01-06,20:43:00,M002,ON
2024-01-06,20:43:00,M003,ON
2024-01-06,20:43:00,D001,ON
2024-01-06,20:43:12,D001,OFF
2024-01-06,20:43:41,M002,OFF
2024-01-06,20:43:54,M003,OFF
2024-01-06,20:47:00,M003,ON
2024-01-06,20:47:31,M003,OFF
2024-01-06,20:49:00,M002,ON
2024-01-06,20:49:00,M003,ON
2024-01-06,20:49:29,M003,OFF
2024-01-06,20:49:41,M002,OFF
2024-01-06,20:50:00,M003,ON
2024-01-06,20:50:00,D001,ON
2024-01-06,20:50:14,M003,OFF
2024-01-06,20:50:29,D001,OFF
2024-01-06,20:51:00,I001,ON
2024-01-06,20:52:00,M001,ON
2024-01-06,20:52:00,D001,ON
2024-01-06,20:52:37,M001,OFF
2024-01-06,20:52:38,D001,OFF
2024-01-06,20:53:00,M001,ON
2024-01-06,20:53:00,M003,ON
2024-01-06,20:53:00,D001,ON
2024-01-06,20:53:09,D001,OFF
2024-01-06,20:53:14,M003,OFF
2024-01-06,20:53:59,M001,OFF
2024-01-06,20:54:00,M002,ON
2024-01-06,20:54:55,M002,OFF
2024-01-06,20:56:00,M001,ON
2024-01-06,20:56:00,M002,ON
2024-01-06,20:56:11,M001,OFF
2024-01-06,20:56:18,M002,OFF
2024-01-06,20:59:00,M003,ON
2024-01-06,20:59:00,D001,ON
2024-01-06,20:59:22,M003,OFF
2024-01-06,20:59:45,D001,OFF
2024-01-06,21:11:00,M003,ON
2024-01-06,21:11:16,M003,OFF
2024-01-06,21:14:00,D001,ON
2024-01-06,21:14:45,D001,OFF
2024-01-06,21:20:00,M003,ON
2024-01-06,21:20:54,M003,OFF
2024-01-06,21:33:00,M003,ON
2024-01-06,21:33:41,M003,OFF
2024-01-06,21:34:00,M003,ON
2024-01-06,21:34:39,M003,OFF
2024-01-06,21:37:00,M001,ON
2024-01-06,21:37:38,M001,OFF
2024-01-06,21:42:00,M003,ON
2024-01-06,21:42:11,M003,OFF
2024-01-06,21:43:00,M001,ON
2024-01-06,21:43:00,D001,ON
2024-01-06,21:43:29,D001,OFF
2024-01-06,21:43:48,M001,OFF
2024-01-06,21:50:00,D001,ON
2024-01-06,21:50:17,D001,OFF
2024-01-06,21:52:00,D001,ON
2024-01-06,21:52:06,D001,OFF
2024-01-06,22:05:00,M003,ON
2024-01-06,22:05:50,M003,OFF
2024-01-06,22:30:00,M002,ON
2024-01-06,22:30:40,M002,OFF
2024-01-06,22:33:00,M003,ON
2024-01-06,22:33:16,M003,OFF
2024-01-06,22:34:00,M003,ON
2024-01-06,22:34:19,M003,OFF
2024-01-06,22:39:00,M001,ON
2024-01-06,22:39:30,M001,OFF
2024-01-06,22:46:00,M001,ON
2024-01-06,22:46:46,M001,OFF
2024-01-06,22:48:00,M003,ON
2024-01-06,22:48:17,M003,OFF
2024-01-06,22:54:00,M002,ON
2024-01-06,22:54:33,M002,OFF
2024-01-06,23:00:00,M003,ON
2024-01-06,23:00:43,M003,OFF
2024-01-06,23:01:00,M002,ON
2024-01-06,23:01:00,D001,ON
2024-01-06,23:01:06,M002,OFF
2024-01-06,23:01:38,D001,OFF
2024-01-06,23:02:00,M002,ON
2024-01-06,23:02:10,M002,OFF
2024-01-06,23:03:00,M001,ON
2024-01-06,23:03:37,M001,OFF
2024-01-06,23:04:00,M003,ON
2024-01-06,23:04:50,M003,OFF
2024-01-06,23:13:00,I001,OFF
2024-01-06,23:20:00,M003,ON
2024-01-06,23:20:38,M003,OFF
2024-01-06,23:34:00,M003,ON
2024-01-06,23:34:40,M003,OFF
2024-01-06,23:48:00,M001,ON
2024-01-06,23:48:56,M001,OFF
2024-01-06,23:54:00,M001,ON
2024-01-06,23:54:06,M001,OFF
2024-01-07,00:00:00,M001,ON
2024-01-07,00:00:00,M003,ON
2024-01-07,00:00:14,M001,OFF
2024-01-07,00:00:53,M003,OFF
2024-01-07,00:04:00,M002,ON
2024-01-07,00:04:11,M002,OFF
2024-01-07,00:06:00,I002,ON
2024-01-07,00:07:00,M002,ON
2024-01-07,00:07:32,M002,OFF
2024-01-07,00:09:00,M001,ON
2024-01-07,00:09:00,M003,ON
2024-01-07,00:09:22,M001,OFF
2024-01-07,00:09:37,M003,OFF
2024-01-07,00:27:00,M001,ON
2024-01-07,00:27:11,M001,OFF
2024-01-07,00:29:00,I001,ON
2024-01-07,00:32:00,D001,ON
2024-01-07,00:32:30,D001,OFF
2024-01-07,00:36:00,D001,ON
2024-01-07,00:36:15,D001,OFF
2024-01-07,00:38:00,M003,ON
2024-01-07,00:38:20,M003,OFF
2024-01-07,00:41:00,D001,ON
2024-01-07,00:41:39,D001,OFF
2024-01-07,00:51:00,M002,ON
2024-01-07,00:51:10,M002,OFF
2024-01-07,00:53:00,M001,ON
2024-01-07,00:53:53,M001,OFF
2024-01-07,00:57:00,M003,ON
2024-01-07,00:57:26,M003,OFF
2024-01-07,01:01:00,M001,ON
2024-01-07,01:01:00,I002,OFF
2024-01-07,01:01:54,M001,OFF
2024-01-07,01:05:00,M001,ON
2024-01-07,01:05:12,M001,OFF
2024-01-07,01:07:00,M001,ON
2024-01-07,01:07:47,M001,OFF
2024-01-07,01:12:00,M001,ON
2024-01-07,01:12:12,M001,OFF
2024-01-07,01:14:00,M001,ON
2024-01-07,01:14:30,M001,OFF
2024-01-07,01:16:00,D001,ON
2024-01-07,01:16:56,D001,OFF
2024-01-07,01:19:00,M003,ON
2024-01-07,01:19:48,M003,OFF
2024-01-07,01:20:00,D001,ON
2024-01-07,01:20:08,D001,OFF
2024-01-07,01:23:00,M002,ON
2024-01-07,01:23:00,M003,ON
2024-01-07,01:23:17,M002,OFF
2024-01-07,01:23:54,M003,OFF
2024-01-07,01:25:00,M001,ON
2024-01-07,01:25:27,M001,OFF
2024-01-07,01:32:00,M002,ON
2024-01-07,01:32:46,M002,OFF
2024-01-07,01:39:00,D001,ON
2024-01-07,01:39:11,D001,OFF
2024-01-07,01:52:00,M001,ON
2024-01-07,01:52:00,M003,ON
2024-01-07,01:52:00,I002,ON
2024-01-07,01:52:50,M003,OFF
2024-01-07,01:52:53,M001,OFF
2024-01-07,01:54:00,M002,ON
2024-01-07,01:54:20,M002,OFF
2024-01-07,01:59:00,I002,OFF
2024-01-07,02:00:00,M003,ON
2024-01-07,02:00:12,M003,OFF
2024-01-07,02:18:00,M002,ON
2024-01-07,02:18:49,M002,OFF
2024-01-07,02:26:00,D001,ON
2024-01-07,02:26:14,D001,OFF
2024-01-07,02:33:00,M002,ON
2024-01-07,02:33:12,M002,OFF
2024-01-07,02:42:00,M003,ON
2024-01-07,02:42:41,M003,OFF
2024-01-07,02:46:00,M003,ON
2024-01-07,02:46:06,M003,OFF
2024-01-07,03:15:00,M002,ON
2024-01-07,03:15:15,M002,OFF
2024-01-07,03:23:00,M003,ON
2024-01-07,03:23:32,M003,OFF
2024-01-07,03:27:00,M003,ON
2024-01-07,03:27:53,M003,OFF
2024-01-07,03:28:00,M001,ON
2024-01-07,03:28:32,M001,OFF
2024-01-07,03:31:00,D001,ON
2024-01-07,03:31:07,D001,OFF
2024-01-07,03:34:00,M002,ON
2024-01-07,03:34:51,M002,OFF
2024-01-07,03:35:00,D001,ON
2024-01-07,03:35:44,D001,OFF
2024-01-07,03:38:00,M001,ON
2024-01-07,03:38:17,M001,OFF
2024-01-07,03:39:00,M002,ON
2024-01-07,03:39:52,M002,OFF
2024-01-07,03:48:00,M001,ON
2024-01-07,03:48:00,M002,ON
2024-01-07,03:48:49,M001,OFF
2024-01-07,03:48:53,M002,OFF
2024-01-07,03:52:00,M003,ON
2024-01-07,03:52:23,M003,OFF
2024-01-07,03:56:00,M002,ON
2024-01-07,03:56:14,M002,OFF
2024-01-07,03:57:00,I002,ON
2024-01-07,03:59:00,M003,ON
2024-01-07,03:59:26,M003,OFF
2024-01-07,04:02:00,M001,ON
2024-01-07,04:02:13,M001,OFF
2024-01-07,04:03:00,M001,ON
2024-01-07,04:03:09,M001,OFF
2024-01-07,04:04:00,M003,ON
2024-01-07,04:04:22,M003,OFF
2024-01-07,04:26:00,M001,ON
2024-01-07,04:26:20,M001,OFF
2024-01-07,04:27:00,M001,ON
2024-01-07,04:27:27,M001,OFF
2024-01-07,04:28:00,D001,ON
2024-01-07,04:28:16,D001,OFF
2024-01-07,04:30:00,M002,ON
2024-01-07,04:30:22,M002,OFF
2024-01-07,04:37:00,D001,ON
2024-01-07,04:37:57,D001,OFF
2024-01-07,04:43:00,M001,ON
2024-01-07,04:43:57,M001,OFF
2024-01-07,04:46:00,M001,ON
2024-01-07,04:46:00,M002,ON
2024-01-07,04:46:26,M001,OFF
2024-01-07,04:46:59,M002,OFF
2024-01-07,05:06:00,M003,ON
2024-01-07,05:06:24,M003,OFF
2024-01-07,05:07:00,D001,ON
2024-01-07,05:07:59,D001,OFF
2024-01-07,05:28:00,M002,ON
2024-01-07,05:28:05,M002,OFF
2024-01-07,05:32:00,M001,ON
2024-01-07,05:32:10,M001,OFF
2024-01-07,05:34:00,M001,ON
2024-01-07,05:34:00,D001,ON
2024-01-07,05:34:39,D001,OFF
2024-01-07,05:34:53,M001,OFF
2024-01-07,05:36:00,M003,ON
2024-01-07,05:36:19,M003,OFF
2024-01-07,05:53:00,D001,ON
2024-01-07,05:53:07,D001,OFF
2024-01-07,05:57:00,M002,ON
2024-01-07,05:57:17,M002,OFF
2024-01-07,05:58:00,M001,ON
2024-01-07,05:58:23,M001,OFF
2024-01-07,06:05:00,M002,ON
2024-01-07,06:05:22,M002,OFF
2024-01-07,06:12:00,M003,ON
2024-01-07,06:12:10,M003,OFF
2024-01-07,06:15:00,D001,ON
2024-01-07,06:15:33,D001,OFF
2024-01-07,06:24:00,M001,ON
2024-01-07,06:24:44,M001,OFF
2024-01-07,06:27:00,M003,ON
2024-01-07,06:27:54,M003,OFF
2024-01-07,06:32:00,I001,OFF
2024-01-07,06:34:00,M001,ON
2024-01-07,06:34:50,M001,OFF
2024-01-07,06:36:00,D001,ON
2024-01-07,06:36:56,D001,OFF
2024-01-07,06:37:00,M002,ON
2024-01-07,06:37:58,M002,OFF
2024-01-07,06:51:00,M002,ON
2024-01-07,06:51:50,M002,OFF
2024-01-07,07:00:00,M001,ON
2024-01-07,07:00:00,M002,ON
2024-01-07,07:00:21,M001,OFF
2024-01-07,07:00:50,M002,OFF
2024-01-07,07:01:00,I001,ON
2024-01-07,07:02:00,M001,ON
2024-01-07,07:02:00,M002,ON
2024-01-07,07:02:20,M002,OFF
2024-01-07,07:02:54,M001,OFF
2024-01-07,07:03:00,M002,ON
2024-01-07,07:03:00,M003,ON
2024-01-07,07:03:21,M003,OFF
2024-01-07,07:03:37,M002,OFF
2024-01-07,07:04:00,M003,ON
2024-01-07,07:04:00,D001,ON
2024-01-07,07:04:29,M003,OFF
2024-01-07,07:04:30,D001,OFF
2024-01-07,07:05:00,M001,ON
2024-01-07,07:05:16,M001,OFF
2024-01-07,07:07:00,M001,ON
2024-01-07,07:07:17,M001,OFF
2024-01-07,07:08:00,M002,ON
2024-01-07,07:08:00,D001,ON
2024-01-07,07:08:25,M002,OFF
2024-01-07,07:08:28,D001,OFF
2024-01-07,07:12:00,M002,ON
2024-01-07,07:12:36,M002,OFF
2024-01-07,07:13:00,M003,ON
2024-01-07,07:13:50,M003,OFF
2024-01-07,07:14:00,M001,ON
2024-01-07,07:14:00,M002,ON
2024-01-07,07:14:00,I001,OFF
2024-01-07,07:14:00,I002,OFF
2024-01-07,07:14:10,M002,OFF
2024-01-07,07:14:51,M001,OFF
2024-01-07,07:15:00,M002,ON
2024-01-07,07:15:00,M003,ON
2024-01-07,07:15:00,D001,ON
2024-01-07,07:15:29,M002,OFF
2024-01-07,07:15:34,M003,OFF
2024-01-07,07:15:43,D001,OFF
2024-01-07,07:16:00,D001,ON
2024-01-07,07:16:43,D001,OFF
2024-01-07,07:17:00,I001,ON
2024-01-07,07:18:00,D001,ON
2024-01-07,07:18:57,D001,OFF
2024-01-07,07:19:00,M001,ON
2024-01-07,07:19:00,D001,ON
2024-01-07,07:19:05,D001,OFF
2024-01-07,07:19:55,M001,OFF
2024-01-07,07:20:00,D001,ON
2024-01-07,07:20:16,D001,OFF
2024-01-07,07:21:00,D001,ON
2024-01-07,07:21:46,D001,OFF
2024-01-07,07:22:00,M001,ON
2024-01-07,07:22:27,M001,OFF
2024-01-07,07:24:00,M002,ON
2024-01-07,07:24:00,M003,ON
2024-01-07,07:24:06,M002,OFF
2024-01-07,07:24:11,M003,OFF
2024-01-07,07:27:00,D001,ON
2024-01-07,07:27:59,D001,OFF
2024-01-07,07:28:00,M001,ON
2024-01-07,07:28:43,M001,OFF
2024-01-07,07:29:00,M002,ON
2024-01-07,07:29:00,M003,ON
2024-01-07,07:29:00,I002,ON
2024-01-07,07:29:17,M002,OFF
2024-01-07,07:29:59,M003,OFF
2024-01-07,07:30:00,M002,ON
2024-01-07,07:30:12,M002,OFF
2024-01-07,07:32:00,M001,ON
2024-01-07,07:32:08,M001,OFF
2024-01-07,07:33:00,I002,OFF
2024-01-07,07:34:00,M002,ON
2024-01-07,07:34:00,M003,ON
2024-01-07,07:34:09,M002,OFF
2024-01-07,07:34:46,M003,OFF
2024-01-07,07:35:00,M003,ON
2024-01-07,07:35:14,M003,OFF
2024-01-07,07:36:00,M001,ON
2024-01-07,07:36:00,D001,ON
2024-01-07,07:36:40,D001,OFF
2024-01-07,07:36:42,M001,OFF
2024-01-07,07:37:00,M003,ON
2024-01-07,07:37:00,D001,ON
2024-01-07,07:37:07,M003,OFF
2024-01-07,07:37:37,D001,OFF
2024-01-07,07:38:00,M001,ON
2024-01-07,07:38:00,M002,ON
2024-01-07,07:38:00,I001,OFF
2024-01-07,07:38:17,M002,OFF
2024-01-07,07:38:18,M001,OFF
2024-01-07,07:39:00,M003,ON
2024-01-07,07:39:26,M003,OFF
2024-01-07,07:40:00,M002,ON
2024-01-07,07:40:00,D001,ON
2024-01-07,07:40:43,D001,OFF
2024-01-07,07:40:50,M002,OFF
2024-01-07,07:46:00,M003,ON
2024-01-07,07:46:00,I001,ON
2024-01-07,07:46:46,M003,OFF
2024-01-07,07:47:00,M003,ON
2024-01-07,07:47:44,M003,OFF
2024-01-07,07:49:00,M001,ON
2024-01-07,07:49:00,M003,ON
2024-01-07,07:49:41,M003,OFF
2024-01-07,07:49:49,M001,OFF
2024-01-07,07:50:00,M001,ON
2024-01-07,07:50:40,M001,OFF
2024-01-07,07:52:00,M002,ON
2024-01-07,07:52:41,M002,OFF
2024-01-07,07:53:00,M001,ON
2024-01-07,07:53:00,D001,ON
2024-01-07,07:53:15,D001,OFF
2024-01-07,07:53:16,M001,OFF
2024-01-07,07:56:00,M001,ON
2024-01-07,07:56:00,I001,OFF
2024-01-07,07:56:41,M001,OFF
2024-01-07,07:58:00,M002,ON
2024-01-07,07:58:23,M002,OFF
2024-01-07,07:59:00,D001,ON
2024-01-07,07:59:51,D001,OFF
2024-01-07,08:00:00,M001,ON
2024-01-07,08:00:00,M002,ON
2024-01-07,08:00:19,M001,OFF
2024-01-07,08:00:52,M002,OFF
2024-01-07,08:01:00,M001,ON
2024-01-07,08:01:12,M001,OFF
2024-01-07,08:03:00,M002,ON
2024-01-07,08:03:00,I001,ON
2024-01-07,08:03:51,M002,OFF
2024-01-07,08:04:00,M001,ON
2024-01-07,08:04:06,M001,OFF
2024-01-07,08:05:00,M003,ON
2024-01-07,08:05:18,M003,OFF
2024-01-07,08:06:00,M003,ON
2024-01-07,08:06:22,M003,OFF
2024-01-07,08:07:00,M002,ON
2024-01-07,08:07:00,M003,ON
2024-01-07,08:07:00,D001,ON
2024-01-07,08:07:21,M002,OFF
2024-01-07,08:07:42,M003,OFF
2024-01-07,08:07:53,D001,OFF
2024-01-07,08:08:00,M002,ON
2024-01-07,08:08:00,M003,ON
2024-01-07,08:08:12,M002,OFF
2024-01-07,08:08:35,M003,OFF
2024-01-07,08:10:00,M002,ON
2024-01-07,08:10:28,M002,OFF
2024-01-07,08:12:00,M001,ON
2024-01-07,08:12:00,M002,ON
2024-01-07,08:12:00,D001,ON
2024-01-07,08:12:14,M002,OFF
2024-01-07,08:12:19,M001,OFF
2024-01-07,08:12:42,D001,OFF
2024-01-07,08:14:00,M001,ON
2024-01-07,08:14:00,M002,ON
2024-01-07,08:14:00,D001,ON
2024-01-07,08:14:17,D001,OFF
2024-01-07,08:14:32,M001,OFF
2024-01-07,08:14:52,M002,OFF
2024-01-07,08:16:00,D001,ON
2024-01-07,08:16:11,D001,OFF
2024-01-07,08:18:00,M003,ON
2024-01-07,08:18:47,M003,OFF
2024-01-07,08:20:00,M001,ON
2024-01-07,08:20:00,M003,ON
2024-01-07,08:20:00,D001,ON
2024-01-07,08:20:08,M001,OFF
2024-01-07,08:20:16,M003,OFF
2024-01-07,08:20:24,D001,OFF
2024-01-07,08:21:00,M001,ON
2024-01-07,08:21:00,M002,ON
2024-01-07,08:21:12,M002,OFF
2024-01-07,08:21:52,M001,OFF
2024-01-07,08:23:00,M001,ON
2024-01-07,08:23:35,M001,OFF
2024-01-07,08:24:00,M002,ON
2024-01-07,08:24:00,M003,ON
2024-01-07,08:24:00,D001,ON
2024-01-07,08:24:22,D001,OFF
2024-01-07,08:24:35,M003,OFF
2024-01-07,08:24:38,M002,OFF
2024-01-07,08:25:00,M003,ON
2024-01-07,08:25:00,I001,OFF
2024-01-07,08:25:39,M003,OFF
2024-01-07,08:27:00,M003,ON
2024-01-07,08:27:58,M003,OFF
2024-01-07,08:28:00,M001,ON
2024-01-07,08:28:00,M002,ON
2024-01-07,08:28:23,M001,OFF
2024-01-07,08:28:53,M002,OFF
2024-01-07,08:29:00,M002,ON
2024-01-07,08:29:00,D001,ON
2024-01-07,08:29:05,D001,OFF
2024-01-07,08:29:09,M002,OFF
2024-01-07,08:31:00,D001,ON
2024-01-07,08:31:27,D001,OFF
2024-01-07,08:32:00,M001,ON
2024-01-07,08:32:00,M003,ON
2024-01-07,08:32:15,M001,OFF
2024-01-07,08:32:36,M003,OFF
2024-01-07,08:33:00,I001,ON
2024-01-07,08:35:00,D001,ON
2024-01-07,08:35:55,D001,OFF
2024-01-07,08:39:00,D001,ON
2024-01-07,08:39:26,D001,OFF
2024-01-07,08:44:00,M003,ON
2024-01-07,08:44:42,M003,OFF
2024-01-07,08:45:00,M002,ON
2024-01-07,08:45:28,M002,OFF
2024-01-07,08:46:00,M001,ON
2024-01-07,08:46:40,M001,OFF
2024-01-07,08:47:00,M002,ON
2024-01-07,08:47:00,D001,ON
2024-01-07,08:47:11,M002,OFF
2024-01-07,08:47:23,D001,OFF
2024-01-07,08:48:00,M001,ON
2024-01-07,08:48:00,M002,ON
2024-01-07,08:48:06,M002,OFF
2024-01-07,08:48:13,M001,OFF
2024-01-07,08:49:00,M001,ON
2024-01-07,08:49:00,M003,ON
2024-01-07,08:49:19,M003,OFF
2024-01-07,08:49:36,M001,OFF
2024-01-07,08:51:00,M003,ON
2024-01-07,08:51:15,M003,OFF
2024-01-07,08:52:00,M003,ON
2024-01-07,08:52:12,M003,OFF
2024-01-07,08:54:00,M001,ON
2024-01-07,08:54:00,M002,ON
2024-01-07,08:54:00,D001,ON
2024-01-07,08:54:43,M002,OFF
2024-01-07,08:54:47,D001,OFF
2024-01-07,08:54:49,M001,OFF
2024-01-07,08:57:00,M002,ON
2024-01-07,08:57:17,M002,OFF
2024-01-07,08:58:00,M002,ON
2024-01-07,08:58:00,D001,ON
2024-01-07,08:58:26,M002,OFF
2024-01-07,08:58:29,D001,OFF
2024-01-07,08:59:00,M002,ON
2024-01-07,08:59:00,D001,ON
2024-01-07,08:59:09,D001,OFF
2024-01-07,08:59:59,M002,OFF
2024-01-07,09:01:00,M001,ON
2024-01-07,09:01:46,M001,OFF
2024-01-07,09:02:00,M003,ON
2024-01-07,09:02:42,M003,OFF
2024-01-07,09:04:00,M002,ON
2024-01-07,09:04:31,M002,OFF
2024-01-07,09:06:00,M003,ON
2024-01-07,09:06:06,M003,OFF
2024-01-07,09:07:00,M003,ON
2024-01-07,09:07:00,D001,ON
2024-01-07,09:07:12,D001,OFF
2024-01-07,09:07:14,M003,OFF
2024-01-07,09:08:00,M002,ON
2024-01-07,09:08:00,M003,ON
2024-01-07,09:08:00,I001,OFF
2024-01-07,09:08:24,M003,OFF
2024-01-07,09:08:44,M002,OFF
2024-01-07,09:11:00,M001,ON
2024-01-07,09:11:15,M001,OFF
2024-01-07,09:16:00,M003,ON
2024-01-07,09:16:19,M003,OFF
2024-01-07,09:22:00,D001,ON
2024-01-07,09:22:41,D001,OFF
2024-01-07,09:23:00,M001,ON
2024-01-07,09:23:00,M003,ON
2024-01-07,09:23:18,M001,OFF
2024-01-07,09:23:48,M003,OFF
2024-01-07,09:24:00,M001,ON
2024-01-07,09:24:00,M002,ON
2024-01-07,09:24:40,M001,OFF
2024-01-07,09:24:48,M002,OFF
2024-01-07,09:25:00,M003,ON
2024-01-07,09:25:24,M003,OFF
2024-01-07,09:26:00,M001,ON
2024-01-07,09:26:00,D001,ON
2024-01-07,09:26:13,D001,OFF
2024-01-07,09:26:34,M001,OFF
2024-01-07,09:27:00,M001,ON
2024-01-07,09:27:00,M003,ON
2024-01-07,09:27:12,M003,OFF
2024-01-07,09:27:59,M001,OFF
2024-01-07,09:28:00,M003,ON
2024-01-07,09:28:35,M003,OFF
2024-01-07,09:30:00,M002,ON
2024-01-07,09:30:27,M002,OFF
2024-01-07,09:32:00,M001,ON
2024-01-07,09:32:31,M001,OFF
2024-01-07,09:33:00,M003,ON
2024-01-07,09:33:32,M003,OFF
2024-01-07,09:34:00,M003,ON
2024-01-07,09:34:36,M003,OFF
2024-01-07,09:36:00,M001,ON
2024-01-07,09:36:00,M002,ON
2024-01-07,09:36:00,I001,ON
2024-01-07,09:36:18,M001,OFF
2024-01-07,09:36:42,M002,OFF
2024-01-07,09:37:00,M003,ON
2024-01-07,09:37:00,D001,ON
2024-01-07,09:37:31,D001,OFF
2024-01-07,09:37:59,M003,OFF
2024-01-07,09:38:00,M001,ON
2024-01-07,09:38:50,M001,OFF
2024-01-07,09:39:00,M003,ON
2024-01-07,09:39:00,D001,ON
2024-01-07,09:39:21,D001,OFF
2024-01-07,09:39:39,M003,OFF
2024-01-07,09:40:00,M001,ON
2024-01-07,09:40:44,M001,OFF
2024-01-07,09:42:00,M003,ON
2024-01-07,09:42:00,D001,ON
2024-01-07,09:42:14,D001,OFF
2024-01-07,09:42:50,M003,OFF
2024-01-07,09:44:00,M001,ON
2024-01-07,09:44:00,M003,ON
2024-01-07,09:44:00,D001,ON
2024-01-07,09:44:07,D001,OFF
2024-01-07,09:44:17,M003,OFF
2024-01-07,09:44:58,M001,OFF
2024-01-07,09:47:00,M001,ON
2024-01-07,09:47:00,M002,ON
2024-01-07,09:47:00,D001,ON
2024-01-07,09:47:41,M002,OFF
2024-01-07,09:47:48,D001,OFF
2024-01-07,09:47:59,M001,OFF
2024-01-07,09:48:00,M001,ON
2024-01-07,09:48:00,M002,ON
2024-01-07,09:48:12,M001,OFF
2024-01-07,09:48:58,M002,OFF
2024-01-07,09:50:00,M003,ON
2024-01-07,09:50:46,M003,OFF
2024-01-07,09:51:00,D001,ON
2024-01-07,09:51:27,D001,OFF
2024-01-07,09:52:00,M001,ON
2024-01-07,09:52:56,M001,OFF
2024-01-07,09:54:00,M002,ON
2024-01-07,09:54:37,M002,OFF
2024-01-07,09:55:00,M001,ON
2024-01-07,09:55:00,M002,ON
2024-01-07,09:55:00,M003,ON
2024-01-07,09:55:24,M001,OFF
2024-01-07,09:55:39,M002,OFF
2024-01-07,09:55:49,M003,OFF
2024-01-07,09:56:00,M001,ON
2024-01-07,09:56:00,M003,ON
2024-01-07,09:56:18,M001,OFF
2024-01-07,09:56:39,M003,OFF
2024-01-07,09:58:00,M002,ON
2024-01-07,09:58:36,M002,OFF
2024-01-07,09:59:00,M003,ON
2024-01-07,09:59:13,M003,OFF
2024-01-07,10:09:00,M003,ON
2024-01-07,10:09:41,M003,OFF
2024-01-07,10:21:00,D001,ON
2024-01-07,10:21:14,D001,OFF
2024-01-07,10:26:00,M003,ON
2024-01-07,10:26:19,M003,OFF
2024-01-07,10:29:00,M003,ON
2024-01-07,10:29:17,M003,OFF
2024-01-07,10:30:00,M003,ON
2024-01-07,10:30:49,M003,OFF
2024-01-07,10:39:00,M003,ON
2024-01-07,10:39:49,M003,OFF
2024-01-07,10:42:00,I001,OFF
2024-01-07,10:58:00,M002,ON
2024-01-07,10:58:54,M002,OFF
2024-01-07,10:59:00,M001,ON
2024-01-07,10:59:50,M001,OFF
2024-01-07,11:01:00,M001,ON
2024-01-07,11:01:56,M001,OFF
2024-01-07,11:05:00,D001,ON
2024-01-07,11:05:46,D001,OFF
2024-01-07,11:14:00,M002,ON
2024-01-07,11:14:57,M002,OFF
2024-01-07,11:15:00,M001,ON
2024-01-07,11:15:29,M001,OFF
2024-01-07,11:19:00,M001,ON
2024-01-07,11:19:44,M001,OFF
2024-01-07,11:23:00,I002,ON
2024-01-07,11:24:00,M002,ON
2024-01-07,11:24:11,M002,OFF
2024-01-07,11:27:00,M001,ON
2024-01-07,11:27:18,M001,OFF
2024-01-07,11:48:00,M001,ON
2024-01-07,11:48:55,M001,OFF
2024-01-07,11:53:00,I002,OFF
2024-01-07,11:54:00,D001,ON
2024-01-07,11:54:38,D001,OFF
2024-01-07,11:59:00,M003,ON
2024-01-07,11:59:08,M003,OFF
2024-01-07,12:02:00,D001,ON
2024-01-07,12:02:24,D001,OFF
2024-01-07,12:03:00,D001,ON
2024-01-07,12:03:32,D001,OFF
2024-01-07,12:04:00,M001,ON
2024-01-07,12:04:15,M001,OFF
2024-01-07,12:05:00,M001,ON
2024-01-07,12:05:00,D001,ON
2024-01-07,12:05:20,D001,OFF
2024-01-07,12:05:50,M001,OFF
2024-01-07,12:07:00,M002,ON
2024-01-07,12:07:00,D001,ON
2024-01-07,12:07:07,M002,OFF
2024-01-07,12:07:46,D001,OFF
2024-01-07,12:10:00,M001,ON
2024-01-07,12:10:00,M003,ON
2024-01-07,12:10:16,M003,OFF
2024-01-07,12:10:44,M001,OFF
2024-01-07,12:11:00,M003,ON
2024-01-07,12:11:22,M003,OFF
2024-01-07,12:12:00,M001,ON
2024-01-07,12:12:19,M001,OFF
2024-01-07,12:13:00,M002,ON
2024-01-07,12:13:00,M003,ON
2024-01-07,12:13:18,M003,OFF
2024-01-07,12:13:57,M002,OFF
2024-01-07,12:14:00,M001,ON
2024-01-07,12:14:00,M003,ON
2024-01-07,12:14:00,D001,ON
2024-01-07,12:14:28,D001,OFF
2024-01-07,12:14:30,M003,OFF
2024-01-07,12:14:58,M001,OFF
2024-01-07,12:15:00,M002,ON
2024-01-07,12:15:00,M003,ON
2024-01-07,12:15:24,M002,OFF
2024-01-07,12:15:54,M003,OFF
2024-01-07,12:16:00,M002,ON
2024-01-07,12:16:14,M002,OFF
2024-01-07,12:17:00,M001,ON
2024-01-07,12:17:39,M001,OFF
2024-01-07,12:19:00,M002,ON
2024-01-07,12:19:16,M002,OFF
2024-01-07,12:22:00,D001,ON
2024-01-07,12:22:32,D001,OFF
2024-01-07,12:23:00,M002,ON
2024-01-07,12:23:00,M003,ON
2024-01-07,12:23:00,D001,ON
2024-01-07,12:23:26,M002,OFF
2024-01-07,12:23:39,M003,OFF
2024-01-07,12:23:43,D001,OFF
2024-01-07,12:24:00,M001,ON
2024-01-07,12:24:00,M002,ON
2024-01-07,12:24:21,M001,OFF
2024-01-07,12:24:40,M002,OFF
2024-01-07,12:25:00,I002,ON
2024-01-07,12:27:00,M003,ON
2024-01-07,12:27:00,D001,ON
2024-01-07,12:27:36,D001,OFF
2024-01-07,12:27:50,M003,OFF
2024-01-07,12:28:00,D001,ON
2024-01-07,12:28:57,D001,OFF
2024-01-07,12:30:00,M003,ON
2024-01-07,12:30:00,D001,ON
2024-01-07,12:30:06,D001,OFF
2024-01-07,12:30:17,M003,OFF
2024-01-07,12:32:00,M003,ON
2024-01-07,12:32:13,M003,OFF
2024-01-07,12:33:00,M001,ON
2024-01-07,12:33:00,D001,ON
2024-01-07,12:33:15,M001,OFF
2024-01-07,12:33:35,D001,OFF
2024-01-07,12:34:00,M002,ON
2024-01-07,12:34:05,M002,OFF
2024-01-07,12:35:00,M001,ON
2024-01-07,12:35:00,M003,ON
2024-01-07,12:35:30,M003,OFF
2024-01-07,12:35:45,M001,OFF
2024-01-07,12:36:00,M003,ON
2024-01-07,12:36:08,M003,OFF
2024-01-07,12:38:00,M001,ON
2024-01-07,12:38:05,M001,OFF
2024-01-07,12:40:00,D001,ON
2024-01-07,12:40:34,D001,OFF
2024-01-07,12:41:00,D001,ON
2024-01-07,12:41:25,D001,OFF
2024-01-07,12:42:00,D001,ON
2024-01-07,12:42:45,D001,OFF
2024-01-07,12:44:00,M001,ON
2024-01-07,12:44:23,M001,OFF
2024-01-07,12:45:00,D001,ON
2024-01-07,12:45:50,D001,OFF
2024-01-07,12:46:00,M002,ON
2024-01-07,12:46:00,D001,ON
2024-01-07,12:46:06,D001,OFF
2024-01-07,12:46:25,M002,OFF
2024-01-07,12:47:00,M001,ON
2024-01-07,12:47:00,D001,ON
2024-01-07,12:47:46,M001,OFF
2024-01-07,12:47:59,D001,OFF
2024-01-07,12:48:00,M001,ON
2024-01-07,12:48:00,M002,ON
2024-01-07,12:48:00,D001,ON
2024-01-07,12:48:15,M001,OFF
2024-01-07,12:48:41,D001,OFF
2024-01-07,12:48:46,M002,OFF
2024-01-07,12:51:00,M002,ON
2024-01-07,12:51:38,M002,OFF
2024-01-07,12:55:00,M001,ON
2024-01-07,12:55:20,M001,OFF
2024-01-07,12:56:00,I001,ON
2024-01-07,12:58:00,M002,ON
2024-01-07,12:58:00,D001,ON
2024-01-07,12:58:29,D001,OFF
2024-01-07,12:58:53,M002,OFF
2024-01-07,13:01:00,M001,ON
2024-01-07,13:01:00,M002,ON
2024-01-07,13:01:26,M001,OFF
2024-01-07,13:01:42,M002,OFF
2024-01-07,13:04:00,M001,ON
2024-01-07,13:04:00,M003,ON
2024-01-07,13:04:23,M001,OFF
2024-01-07,13:04:39,M003,OFF
2024-01-07,13:05:00,M001,ON
2024-01-07,13:05:00,M003,ON
2024-01-07,13:05:00,D001,ON
2024-01-07,13:05:15,D001,OFF
2024-01-07,13:05:16,M001,OFF
2024-01-07,13:05:17,M003,OFF
2024-01-07,13:06:00,M002,ON
2024-01-07,13:06:44,M002,OFF
2024-01-07,13:07:00,D001,ON
2024-01-07,13:07:51,D001,OFF
2024-01-07,13:08:00,M001,ON
2024-01-07,13:08:00,D001,ON
2024-01-07,13:08:09,D001,OFF
2024-01-07,13:08:48,M001,OFF
2024-01-07,13:09:00,M001,ON
2024-01-07,13:09:51,M001,OFF
2024-01-07,13:10:00,M001,ON
2024-01-07,13:10:57,M001,OFF
2024-01-07,13:11:00,M001,ON
2024-01-07,13:11:00,I001,OFF
2024-01-07,13:11:40,M001,OFF
2024-01-07,13:12:00,M003,ON
2024-01-07,13:12:14,M003,OFF
2024-01-07,13:13:00,M001,ON
2024-01-07,13:13:00,M003,ON
2024-01-07,13:13:05,M003,OFF
2024-01-07,13:13:51,M001,OFF
2024-01-07,13:15:00,M003,ON
2024-01-07,13:15:32,M003,OFF
2024-01-07,13:16:00,D001,ON
2024-01-07,13:16:39,D001,OFF
2024-01-07,13:17:00,M001,ON
2024-01-07,13:17:50,M001,OFF
2024-01-07,13:18:00,M002,ON
2024-01-07,13:18:00,M003,ON
2024-01-07,13:18:05,M002,OFF
2024-01-07,13:18:19,M003,OFF
2024-01-07,13:19:00,M002,ON
2024-01-07,13:19:00,D001,ON
2024-01-07,13:19:07,D001,OFF
2024-01-07,13:19:17,M002,OFF
2024-01-07,13:22:00,M001,ON
2024-01-07,13:22:00,D001,ON
2024-01-07,13:22:32,M001,OFF
2024-01-07,13:22:38,D001,OFF
2024-01-07,13:23:00,M003,ON
2024-01-07,13:23:59,M003,OFF
2024-01-07,13:24:00,M001,ON
2024-01-07,13:24:52,M001,OFF
2024-01-07,13:26:00,D001,ON
2024-01-07,13:26:28,D001,OFF
2024-01-07,13:27:00,M002,ON
2024-01-07,13:27:49,M002,OFF
2024-01-07,13:28:00,M003,ON
2024-01-07,13:28:00,D001,ON
2024-01-07,13:28:16,M003,OFF
2024-01-07,13:28:32,D001,OFF
2024-01-07,13:29:00,M001,ON
2024-01-07,13:29:37,M001,OFF
2024-01-07,13:30:00,M003,ON
2024-01-07,13:30:00,D001,ON
2024-01-07,13:30:26,D001,OFF
2024-01-07,13:30:56,M003,OFF
2024-01-07,13:31:00,D001,ON
2024-01-07,13:31:35,D001,OFF
2024-01-07,13:32:00,M002,ON
2024-01-07,13:32:00,D001,ON
2024-01-07,13:32:00,I002,OFF
2024-01-07,13:32:13,D001,OFF
2024-01-07,13:32:44,M002,OFF
2024-01-07,13:33:00,M002,ON
2024-01-07,13:33:00,M003,ON
2024-01-07,13:33:00,D001,ON
2024-01-07,13:33:05,D001,OFF
2024-01-07,13:33:39,M003,OFF
2024-01-07,13:33:43,M002,OFF
2024-01-07,13:37:00,M001,ON
2024-01-07,13:37:00,I002,ON
2024-01-07,13:37:50,M001,OFF
2024-01-07,13:38:00,M002,ON
2024-01-07,13:38:14,M002,OFF
2024-01-07,13:39:00,M001,ON
2024-01-07,13:39:00,M003,ON
2024-01-07,13:39:49,M003,OFF
2024-01-07,13:39:56,M001,OFF
2024-01-07,13:40:00,D001,ON
2024-01-07,13:40:47,D001,OFF
2024-01-07,13:41:00,M001,ON
2024-01-07,13:41:56,M001,OFF
2024-01-07,13:46:00,M003,ON
2024-01-07,13:46:40,M003,OFF
2024-01-07,13:47:00,I001,ON
2024-01-07,13:48:00,M001,ON
2024-01-07,13:48:39,M001,OFF
2024-01-07,13:49:00,M003,ON
2024-01-07,13:49:19,M003,OFF
2024-01-07,13:50:00,M002,ON
2024-01-07,13:50:00,D001,ON
2024-01-07,13:50:15,D001,OFF
2024-01-07,13:50:27,M002,OFF
2024-01-07,13:51:00,M001,ON
2024-01-07,13:51:00,D001,ON
2024-01-07,13:51:18,M001,OFF
2024-01-07,13:51:35,D001,OFF
2024-01-07,13:52:00,M001,ON
2024-01-07,13:52:39,M001,OFF
2024-01-07,13:53:00,D001,ON
2024-01-07,13:53:30,D001,OFF
2024-01-07,13:55:00,M001,ON
2024-01-07,13:55:34,M001,OFF
2024-01-07,13:56:00,D001,ON
2024-01-07,13:56:07,D001,OFF
2024-01-07,13:57:00,M003,ON
2024-01-07,13:57:23,M003,OFF
2024-01-07,14:41:00,D001,ON
2024-01-07,14:41:42,D001,OFF
2024-01-07,14:47:00,M003,ON
2024-01-07,14:47:38,M003,OFF
2024-01-07,14:52:00,M003,ON
2024-01-07,14:52:14,M003,OFF
2024-01-07,14:58:00,M001,ON
2024-01-07,14:58:06,M001,OFF
2024-01-07,15:00:00,D001,ON
2024-01-07,15:00:05,D001,OFF
2024-01-07,15:03:00,M002,ON
2024-01-07,15:03:42,M002,OFF
2024-01-07,15:11:00,M003,ON
2024-01-07,15:11:28,M003,OFF
2024-01-07,15:34:00,D001,ON
2024-01-07,15:34:55,D001,OFF
2024-01-07,15:48:00,I001,OFF
2024-01-07,15:49:00,M001,ON
2024-01-07,15:49:50,M001,OFF
2024-01-07,15:52:00,M001,ON
2024-01-07,15:52:00,M003,ON
2024-01-07,15:52:17,M001,OFF
2024-01-07,15:52:42,M003,OFF
2024-01-07,15:54:00,I001,ON
2024-01-07,15:59:00,M002,ON
2024-01-07,15:59:00,I002,OFF
2024-01-07,15:59:34,M002,OFF
2024-01-07,16:10:00,M003,ON
2024-01-07,16:10:49,M003,OFF
2024-01-07,16:16:00,I001,OFF
2024-01-07,16:17:00,M001,ON
2024-01-07,16:17:48,M001,OFF
2024-01-07,16:18:00,M001,ON
2024-01-07,16:18:54,M001,OFF
2024-01-07,16:19:00,M001,ON
2024-01-07,16:19:26,M001,OFF
2024-01-07,16:36:00,D001,ON
2024-01-07,16:36:55,D001,OFF
2024-01-07,16:40:00,M003,ON
2024-01-07,16:40:28,M003,OFF
2024-01-07,16:42:00,M001,ON
2024-01-07,16:42:00,M003,ON
2024-01-07,16:42:28,M003,OFF
2024-01-07,16:42:35,M001,OFF
2024-01-07,16:53:00,M001,ON
2024-01-07,16:53:27,M001,OFF
2024-01-07,16:55:00,D001,ON
2024-01-07,16:55:20,D001,OFF
2024-01-07,16:57:00,D001,ON
2024-01-07,16:57:46,D001,OFF
2024-01-07,17:03:00,M003,ON
2024-01-07,17:03:44,M003,OFF
2024-01-07,17:04:00,M001,ON
2024-01-07,17:04:56,M001,OFF
2024-01-07,17:07:00,D001,ON
2024-01-07,17:07:20,D001,OFF
2024-01-07,17:10:00,M001,ON
2024-01-07,17:10:08,M001,OFF
2024-01-07,17:13:00,D001,ON
2024-01-07,17:13:13,D001,OFF
2024-01-07,17:14:00,D001,ON
2024-01-07,17:14:35,D001,OFF
2024-01-07,17:17:00,D001,ON
2024-01-07,17:17:06,D001,OFF
2024-01-07,17:21:00,M001,ON
2024-01-07,17:21:38,M001,OFF
2024-01-07,17:50:00,M002,ON
2024-01-07,17:50:00,I002,ON
2024-01-07,17:50:37,M002,OFF
2024-01-07,17:52:00,D001,ON
2024-01-07,17:52:52,D001,OFF
2024-01-07,18:01:00,D001,ON
2024-01-07,18:01:31,D001,OFF
2024-01-07,18:03:00,M001,ON
2024-01-07,18:03:00,M003,ON
2024-01-07,18:03:13,M001,OFF
2024-01-07,18:03:27,M003,OFF
2024-01-07,18:04:00,M001,ON
2024-01-07,18:04:00,M002,ON
2024-01-07,18:04:38,M002,OFF
2024-01-07,18:04:56,M001,OFF
2024-01-07,18:05:00,M002,ON
2024-01-07,18:05:00,D001,ON
2024-01-07,18:05:27,M002,OFF
2024-01-07,18:05:59,D001,OFF
2024-01-07,18:06:00,M003,ON
2024-01-07,18:06:00,D001,ON
2024-01-07,18:06:29,D001,OFF
2024-01-07,18:06:31,M003,OFF
2024-01-07,18:07:00,M001,ON
2024-01-07,18:07:52,M001,OFF
2024-01-07,18:08:00,M003,ON
2024-01-07,18:08:00,D001,ON
2024-01-07,18:08:43,M003,OFF
2024-01-07,18:08:52,D001,OFF
2024-01-07,18:09:00,M003,ON
2024-01-07,18:09:18,M003,OFF
2024-01-07,18:10:00,M003,ON
2024-01-07,18:10:50,M003,OFF
2024-01-07,18:12:00,M003,ON
2024-01-07,18:12:09,M003,OFF
2024-01-07,18:13:00,M001,ON
2024-01-07,18:13:43,M001,OFF
2024-01-07,18:14:00,M001,ON
2024-01-07,18:14:00,M003,ON
2024-01-07,18:14:45,M001,OFF
2024-01-07,18:14:54,M003,OFF
2024-01-07,18:15:00,M003,ON
2024-01-07,18:15:50,M003,OFF
2024-01-07,18:17:00,D001,ON
2024-01-07,18:17:38,D001,OFF
2024-01-07,18:19:00,D001,ON
2024-01-07,18:19:35,D001,OFF
2024-01-07,18:20:00,M003,ON
2024-01-07,18:20:06,M003,OFF
2024-01-07,18:21:00,D001,ON
2024-01-07,18:21:34,D001,OFF
2024-01-07,18:22:00,M003,ON
2024-01-07,18:22:07,M003,OFF
2024-01-07,18:25:00,M001,ON
2024-01-07,18:25:00,D001,ON
2024-01-07,18:25:08,M001,OFF
2024-01-07,18:25:52,D001,OFF
2024-01-07,18:27:00,I002,OFF
2024-01-07,18:28:00,M003,ON
2024-01-07,18:28:52,M003,OFF
2024-01-07,18:29:00,M002,ON
2024-01-07,18:29:27,M002,OFF
2024-01-07,18:31:00,M003,ON
2024-01-07,18:31:30,M003,OFF
2024-01-07,18:33:00,M001,ON
2024-01-07,18:33:31,M001,OFF
2024-01-07,18:34:00,M003,ON
2024-01-07,18:34:00,I001,ON
2024-01-07,18:34:33,M003,OFF
2024-01-07,18:35:00,M001,ON
2024-01-07,18:35:56,M001,OFF
2024-01-07,18:36:00,M003,ON
2024-01-07,18:36:26,M003,OFF
2024-01-07,18:38:00,M003,ON
2024-01-07,18:38:24,M003,OFF
2024-01-07,18:39:00,M001,ON
2024-01-07,18:39:41,M001,OFF
2024-01-07,18:40:00,M001,ON
2024-01-07,18:40:38,M001,OFF
2024-01-07,18:41:00,M002,ON
2024-01-07,18:41:00,M003,ON
2024-01-07,18:41:26,M003,OFF
2024-01-07,18:41:59,M002,OFF
2024-01-07,18:43:00,M002,ON
2024-01-07,18:43:00,I001,OFF
2024-01-07,18:43:50,M002,OFF
2024-01-07,18:44:00,M001,ON
2024-01-07,18:44:00,D001,ON
2024-01-07,18:44:43,D001,OFF
2024-01-07,18:44:45,M001,OFF
2024-01-07,18:45:00,M001,ON
2024-01-07,18:45:00,M003,ON
2024-01-07,18:45:28,M001,OFF
2024-01-07,18:45:36,M003,OFF
2024-01-07,18:46:00,M002,ON
2024-01-07,18:46:00,I002,ON
2024-01-07,18:46:26,M002,OFF
2024-01-07,18:48:00,M001,ON
2024-01-07,18:48:00,D001,ON
2024-01-07,18:48:37,D001,OFF
2024-01-07,18:48:48,M001,OFF
2024-01-07,18:49:00,I001,ON
2024-01-07,18:52:00,M002,ON
2024-01-07,18:52:54,M002,OFF
2024-01-07,18:54:00,M001,ON
2024-01-07,18:54:00,M002,ON
2024-01-07,18:54:00,M003,ON
2024-01-07,18:54:07,M002,OFF
2024-01-07,18:54:16,M001,OFF
2024-01-07,18:54:38,M003,OFF
2024-01-07,18:55:00,D001,ON
2024-01-07,18:55:48,D001,OFF
2024-01-07,18:56:00,M002,ON
2024-01-07,18:56:00,D001,ON
2024-01-07,18:56:21,D001,OFF
2024-01-07,18:56:46,M002,OFF
2024-01-07,18:58:00,M001,ON
2024-01-07,18:58:00,M003,ON
2024-01-07,18:58:14,M003,OFF
2024-01-07,18:58:49,M001,OFF
2024-01-07,18:59:00,M002,ON
2024-01-07,18:59:49,M002,OFF
2024-01-07,19:00:00,M001,ON
2024-01-07,19:00:24,M001,OFF
2024-01-07,19:01:00,M003,ON
2024-01-07,19:01:07,M003,OFF
2024-01-07,19:02:00,M001,ON
2024-01-07,19:02:25,M001,OFF
2024-01-07,19:05:00,M003,ON
2024-01-07,19:05:39,M003,OFF
2024-01-07,19:06:00,M001,ON
2024-01-07,19:06:00,D001,ON
2024-01-07,19:06:00,I001,OFF
2024-01-07,19:06:05,M001,OFF
2024-01-07,19:06:32,D001,OFF
2024-01-07,19:07:00,M001,ON
2024-01-07,19:07:00,M003,ON
2024-01-07,19:07:16,M003,OFF
2024-01-07,19:07:19,M001,OFF
2024-01-07,19:08:00,D001,ON
2024-01-07,19:08:20,D001,OFF
2024-01-07,19:09:00,M001,ON
2024-01-07,19:09:00,M003,ON
2024-01-07,19:09:37,M001,OFF
2024-01-07,19:09:40,M003,OFF
2024-01-07,19:10:00,M002,ON
2024-01-07,19:10:00,I002,OFF
2024-01-07,19:10:52,M002,OFF
2024-01-07,19:14:00,M001,ON
2024-01-07,19:14:34,M001,OFF
2024-01-07,19:15:00,M001,ON
2024-01-07,19:15:17,M001,OFF
2024-01-07,19:17:00,M001,ON
2024-01-07,19:17:47,M001,OFF
2024-01-07,19:19:00,M003,ON
2024-01-07,19:19:28,M003,OFF
2024-01-07,19:20:00,D001,ON
2024-01-07,19:20:59,D001,OFF
2024-01-07,19:21:00,M003,ON
2024-01-07,19:21:00,I002,ON
2024-01-07,19:21:38,M003,OFF
2024-01-07,19:22:00,M001,ON
2024-01-07,19:22:43,M001,OFF
2024-01-07,19:23:00,M002,ON
2024-01-07,19:23:00,M003,ON
2024-01-07,19:23:00,I002,OFF
2024-01-07,19:23:27,M002,OFF
2024-01-07,19:23:34,M003,OFF
2024-01-07,19:24:00,M001,ON
2024-01-07,19:24:00,M003,ON
2024-01-07,19:24:49,M001,OFF
2024-01-07,19:24:53,M003,OFF
2024-01-07,19:25:00,D001,ON
2024-01-07,19:25:54,D001,OFF
2024-01-07,19:26:00,M002,ON
2024-01-07,19:26:00,M003,ON
2024-01-07,19:26:28,M002,OFF
2024-01-07,19:26:42,M003,OFF
2024-01-07,19:27:00,D001,ON
2024-01-07,19:27:21,D001,OFF
2024-01-07,19:28:00,D001,ON
2024-01-07,19:28:51,D001,OFF
2024-01-07,19:29:00,M003,ON
2024-01-07,19:29:00,D001,ON
2024-01-07,19:29:21,D001,OFF
2024-01-07,19:29:54,M003,OFF
2024-01-07,19:30:00,I002,ON
2024-01-07,19:31:00,M001,ON
2024-01-07,19:31:00,D001,ON
2024-01-07,19:31:27,D001,OFF
2024-01-07,19:31:47,M001,OFF
2024-01-07,19:32:00,M001,ON
2024-01-07,19:32:53,M001,OFF
2024-01-07,19:33:00,M002,ON
2024-01-07,19:33:39,M002,OFF
2024-01-07,19:34:00,M001,ON
2024-01-07,19:34:00,D001,ON
2024-01-07,19:34:13,M001,OFF
2024-01-07,19:34:18,D001,OFF
2024-01-07,19:35:00,M002,ON
2024-01-07,19:35:10,M002,OFF
2024-01-07,19:38:00,M001,ON
2024-01-07,19:38:55,M001,OFF
2024-01-07,19:41:00,M001,ON
2024-01-07,19:41:51,M001,OFF
2024-01-07,19:42:00,M001,ON
2024-01-07,19:42:35,M001,OFF
2024-01-07,19:43:00,M002,ON
2024-01-07,19:43:00,M003,ON
2024-01-07,19:43:00,D001,ON
2024-01-07,19:43:30,M003,OFF
2024-01-07,19:43:36,M002,OFF
2024-01-07,19:43:37,D001,OFF
2024-01-07,19:44:00,M002,ON
2024-01-07,19:44:00,D001,ON
2024-01-07,19:44:10,D001,OFF
2024-01-07,19:44:59,M002,OFF
2024-01-07,19:45:00,M003,ON
2024-01-07,19:45:19,M003,OFF
2024-01-07,19:46:00,M003,ON
2024-01-07,19:46:58,M003,OFF
2024-01-07,19:47:00,M001,ON
2024-01-07,19:47:34,M001,OFF
2024-01-07,19:49:00,M002,ON
2024-01-07,19:49:53,M002,OFF
2024-01-07,19:53:00,D001,ON
2024-01-07,19:53:54,D001,OFF
2024-01-07,19:59:00,D001,ON
2024-01-07,19:59:23,D001,OFF
2024-01-07,20:00:00,M002,ON
2024-01-07,20:00:35,M002,OFF
2024-01-07,20:02:00,M001,ON
2024-01-07,20:02:00,M003,ON
2024-01-07,20:02:19,M001,OFF
2024-01-07,20:02:43,M003,OFF
2024-01-07,20:03:00,M003,ON
2024-01-07,20:03:00,I002,OFF
2024-01-07,20:03:50,M003,OFF
2024-01-07,20:04:00,D001,ON
2024-01-07,20:04:20,D001,OFF
2024-01-07,20:05:00,M003,ON
2024-01-07,20:05:11,M003,OFF
2024-01-07,20:07:00,D001,ON
2024-01-07,20:07:30,D001,OFF
2024-01-07,20:10:00,M001,ON
2024-01-07,20:10:00,M003,ON
2024-01-07,20:10:17,M003,OFF
2024-01-07,20:10:52,M001,OFF
2024-01-07,20:11:00,M003,ON
2024-01-07,20:11:35,M003,OFF
2024-01-07,20:13:00,M001,ON
2024-01-07,20:13:58,M001,OFF
2024-01-07,20:14:00,M002,ON
2024-01-07,20:14:31,M002,OFF
2024-01-07,20:15:00,I001,ON
2024-01-07,20:16:00,M003,ON
2024-01-07,20:16:47,M003,OFF
2024-01-07,20:18:00,M002,ON
2024-01-07,20:18:58,M002,OFF
2024-01-07,20:20:00,M003,ON
2024-01-07,20:20:39,M003,OFF
2024-01-07,20:21:00,D001,ON
2024-01-07,20:21:00,I001,OFF
2024-01-07,20:21:51,D001,OFF
2024-01-07,20:22:00,M001,ON
2024-01-07,20:22:00,D001,ON
2024-01-07,20:22:41,D001,OFF
2024-01-07,20:22:49,M001,OFF
2024-01-07,20:24:00,M001,ON
2024-01-07,20:24:00,M002,ON
2024-01-07,20:24:00,M003,ON
2024-01-07,20:24:07,M003,OFF
2024-01-07,20:24:20,M002,OFF
2024-01-07,20:24:33,M001,OFF
2024-01-07,20:28:00,M001,ON
2024-01-07,20:28:00,M003,ON
2024-01-07,20:28:00,D001,ON
2024-01-07,20:28:25,M001,OFF
2024-01-07,20:28:30,M003,OFF
2024-01-07,20:28:42,D001,OFF
2024-01-07,20:30:00,I001,ON
2024-01-07,20:31:00,M002,ON
2024-01-07,20:31:00,D001,ON
2024-01-07,20:31:05,M002,OFF
2024-01-07,20:31:54,D001,OFF
2024-01-07,20:32:00,M002,ON
2024-01-07,20:32:50,M002,OFF
2024-01-07,20:33:00,M003,ON
2024-01-07,20:33:00,D001,ON
2024-01-07,20:33:09,D001,OFF
2024-01-07,20:33:25,M003,OFF
2024-01-07,20:34:00,D001,ON
2024-01-07,20:34:53,D001,OFF
2024-01-07,20:35:00,M003,ON
2024-01-07,20:35:42,M003,OFF
2024-01-07,20:36:00,M001,ON
2024-01-07,20:36:24,M001,OFF
2024-01-07,20:38:00,M001,ON
2024-01-07,20:38:11,M001,OFF
2024-01-07,20:40:00,D001,ON
2024-01-07,20:40:59,D001,OFF
2024-01-07,20:43:00,M002,ON
2024-01-07,20:43:17,M002,OFF
2024-01-07,20:44:00,D001,ON
2024-01-07,20:44:56,D001,OFF
2024-01-07,20:45:00,M003,ON
2024-01-07,20:45:19,M003,OFF
2024-01-07,20:46:00,M001,ON
2024-01-07,20:46:40,M001,OFF
2024-01-07,20:47:00,D001,ON
2024-01-07,20:47:53,D001,OFF
2024-01-07,20:48:00,M002,ON
2024-01-07,20:48:25,M002,OFF
2024-01-07,20:52:00,M002,ON
2024-01-07,20:52:17,M002,OFF
2024-01-07,20:53:00,M001,ON
2024-01-07,20:53:46,M001,OFF
2024-01-07,20:54:00,M001,ON
2024-01-07,20:54:38,M001,OFF
2024-01-07,20:55:00,M002,ON
2024-01-07,20:55:13,M002,OFF
2024-01-07,20:56:00,M003,ON
2024-01-07,20:56:20,M003,OFF
2024-01-07,20:58:00,D001,ON
2024-01-07,20:58:56,D001,OFF
2024-01-07,21:14:00,M002,ON
2024-01-07,21:14:57,M002,OFF
2024-01-07,21:17:00,D001,ON
2024-01-07,21:17:41,D001,OFF
2024-01-07,21:33:00,M001,ON
2024-01-07,21:33:34,M001,OFF
2024-01-07,21:40:00,M003,ON
2024-01-07,21:40:53,M003,OFF
2024-01-07,21:45:00,M002,ON
2024-01-07,21:45:43,M002,OFF
2024-01-07,21:49:00,M003,ON
2024-01-07,21:49:43,M003,OFF
2024-01-07,21:52:00,M002,ON
2024-01-07,21:52:23,M002,OFF
2024-01-07,22:05:00,M001,ON
2024-01-07,22:05:29,M001,OFF
2024-01-07,22:23:00,I001,OFF
2024-01-07,22:25:00,M001,ON
2024-01-07,22:25:44,M001,OFF
2024-01-07,22:30:00,M002,ON
2024-01-07,22:30:59,M002,OFF
2024-01-07,22:31:00,M003,ON
2024-01-07,22:31:00,I001,ON
2024-01-07,22:31:06,M003,OFF
2024-01-07,22:36:00,D001,ON
2024-01-07,22:36:00,I001,OFF
2024-01-07,22:36:13,D001,OFF
2024-01-07,22:42:00,D001,ON
2024-01-07,22:42:06,D001,OFF
2024-01-07,22:46:00,I001,ON
2024-01-07,22:47:00,M001,ON
2024-01-07,22:47:45,M001,OFF
2024-01-07,22:49:00,M001,ON
2024-01-07,22:49:44,M001,OFF
2024-01-07,22:52:00,I001,OFF
2024-01-07,23:02:00,M002,ON
2024-01-07,23:02:20,M002,OFF
2024-01-07,23:08:00,M003,ON
2024-01-07,23:08:47,M003,OFF
2024-01-07,23:18:00,M003,ON
2024-01-07,23:18:33,M003,OFF
2024-01-07,23:28:00,M003,ON
2024-01-07,23:28:13,M003,OFF
2024-01-07,23:39:00,M001,ON
2024-01-07,23:39:00,M002,ON
2024-01-07,23:39:12,M001,OFF
2024-01-07,23:39:49,M002,OFF
2024-01-07,23:41:00,M003,ON
2024-01-07,23:41:16,M003,OFF
2024-01-07,23:43:00,M001,ON
2024-01-07,23:43:26,M001,OFF
2024-01-07,23:46:00,D001,ON
2024-01-07,23:46:52,D001,OFF
2024-01-07,23:47:00,M003,ON
2024-01-07,23:47:52,M003,OFF
2024-01-07,23:48:00,M002,ON
2024-01-07,23:48:44,M002,OFF
2024-01-07,23:50:00,D001,ON
2024-01-07,23:50:44,D001,OFF
2024-01-07,23:54:00,I001,ON
2024-01-07,23:56:00,M001,ON
2024-01-07,23:56:09,M001,OFF
