hr_mean,hr_std,spo2_mean,spo2_std
70.75,1.75,96.15,0.05000000000000426
62.6,0.0,97.3,0.0
68.75,3.25,95.45,0.45000000000000284
70.2,4.700000000000003,97.69999999999999,0.3999999999999986
67.9,0.0,95.7,0.0
71.15,8.949999999999996,98.05,0.25
71.30000000000001,1.3999999999999986,98.65,1.1499999999999986
69.7,0.0,96.6,0.0
75.25,6.75,96.3,0.7999999999999972
81.7,0.0,98.2,0.0
70.2,4.824935232725924,97.66666666666667,1.1953614051360768
69.2,9.5,97.30000000000001,1.8999999999999986
71.5,0.0,96.6,0.0
83.0,0.0,95.9,0.0
80.5,0.0,97.2,0.0
78.94999999999999,6.149999999999999,96.44999999999999,0.8500000000000014
78.8,0.0,96.3,0.0
70.35,3.8500000000000014,97.4,1.5
74.0,0.0,95.8,0.0
77.8,0.0,96.8,0.0
68.1,0.0,99.3,0.0
79.25,2.1500000000000057,98.85,0.9499999999999957
70.0,7.629329372013418,97.76666666666665,1.1614167593456277
64.9,2.8000000000000007,95.65,0.14999999999999858
75.7,0.0,98.5,0.0
74.2,12.599999999999998,97.05000000000001,1.1499999999999986
71.1,0.0,97.9,0.0
65.9,0.0,98.7,0.0
71.8,0.0,97.2,0.0
76.7,0.0,96.6,0.0
70.15,1.3500000000000014,97.25,0.15000000000000568
74.1,0.0,94.7,0.0
64.5,0.0,96.2,0.0
68.5,5.5,98.30000000000001,0.8999999999999986
76.2,0.0,98.1,0.0
69.8,0.0,97.3,0.0
67.75,2.8499999999999943,96.65,1.8500000000000014
78.0,0.0,95.9,0.0
82.5,0.0,95.7,0.0
74.0,0.0,95.7,0.0
61.7,0.0,95.8,0.0
72.15,1.8500000000000014,96.65,1.9499999999999957
64.7,0.0,96.4,0.0
74.65,0.05000000000000426,97.9,1.0
59.3,0.0,96.3,0.0
67.9,0.0,95.7,0.0
71.43333333333334,7.452218163443391,96.73333333333333,2.332857094256358
74.45,3.75,98.25,0.75
75.0,0.0,94.4,0.0
79.7,0.0,97.6,0.0
72.35,15.550000000000004,97.15,0.8500000000000014
85.4,7.100000000000001,96.75,0.5499999999999972
64.15,6.149999999999999,96.55,0.04999999999999716
63.95,2.950000000000003,97.4,1.6000000000000014
73.0,0.0,94.4,0.0
61.3,0.0,98.3,0.0
68.95,1.4500000000000028,96.15,1.9499999999999957
61.8,0.0,96.4,0.0
65.4,0.0,98.5,0.0
77.6,0.0,98.5,0.0
75.1,0.0,97.6,0.0
78.9,0.0,93.4,0.0
83.1,0.0,97.7,0.0
61.8,0.0,98.8,0.0
65.3,7.1049278673326475,96.89999999999999,2.060744202143166
80.7,0.0,92.7,0.0
84.05,1.4500000000000028,96.55,0.75
78.3,0.0,96.2,0.0
62.2,0.0,96.7,0.0
71.6,0.0,97.1,0.0
80.3,0.0,96.0,0.0
82.3,0.0,97.8,0.0
69.6,0.8000000000000043,98.44999999999999,0.3500000000000014
82.5,0.0,94.9,0.0
78.5,8.0,97.7,0.20000000000000284
72.95,9.450000000000003,98.1,0.10000000000000142
78.1,0.0,99.9,0.0
68.4,0.0,99.4,0.0
72.1,0.0,97.3,0.0
65.55,10.95,97.4,1.3000000000000043
71.5,0.0,98.2,0.0
63.9,0.0,98.1,0.0
67.7,0.0,98.5,0.0
77.0,2.5,97.9,0.30000000000000426
74.05,7.25,98.6,0.6000000000000014
75.35,1.75,97.65,1.6499999999999986
76.6,6.199999999999995,97.44999999999999,0.14999999999999858
72.75,3.1500000000000057,98.80000000000001,0.3999999999999986
65.25,2.549999999999997,96.0,1.5
80.75,3.1500000000000057,98.8,1.2000000000000028
69.2,0.0,96.8,0.0
80.9,0.0,95.9,0.0
73.15,7.149999999999999,96.1,0.0
61.5,0.0,98.4,0.0
61.900000000000006,6.5000000000000036,96.65,1.8500000000000014
80.8,0.0,96.3,0.0
76.2,0.0,94.4,0.0
86.2,0.0,95.7,0.0
73.5,0.0,94.8,0.0
79.1,0.0,99.5,0.0
67.4,0.0,97.2,0.0
65.0,0.0,94.8,0.0
78.0,0.0,98.5,0.0
83.1,0.0,97.9,0.0
73.15,10.149999999999999,96.25,0.9500000000000028
70.6,0.0,97.5,0.0
74.3,6.847383928674271,98.66666666666667,0.9741092797468299
83.2,0.0,98.2,0.0
67.5,13.299999999999997,96.7,0.7999999999999972
74.75,2.1500000000000057,96.75,1.0499999999999972
79.1,0.0,97.7,0.0
72.6,11.999999999999996,98.15,0.25
65.8,0.0,95.7,0.0
76.0,0.0,99.7,0.0
74.44999999999999,8.850000000000001,97.7,0.7999999999999972
67.13333333333333,5.778888782071822,97.39999999999999,0.28284271247461634
74.33333333333333,2.1514852750806535,98.73333333333333,0.6847546194724724
65.25,0.6500000000000057,98.15,1.0500000000000043
64.4,0.0,97.3,0.0
63.9,0.0,97.4,0.0
72.6,0.0,97.2,0.0
76.2,0.0,96.3,0.0
71.2,0.0,96.1,0.0
77.2,0.0,97.1,0.0
72.8,0.0,97.7,0.0
68.95,8.950000000000003,96.9,0.3999999999999986
79.1,3.1999999999999957,96.8,0.5
73.8,0.0,97.2,0.0
63.300000000000004,3.0408332191467973,98.46666666666665,0.5249338582674549
57.650000000000006,1.4499999999999993,96.75,0.5499999999999972
75.9,0.0,98.9,0.0
74.45,4.450000000000003,97.25,1.0499999999999972
68.05000000000001,9.350000000000001,96.7,1.2999999999999972
76.30000000000001,0.3999999999999986,96.94999999999999,0.6499999999999986
73.5,0.0,98.3,0.0
91.0,0.0,95.3,0.0
75.3,0.0,96.5,0.0
71.1,0.30000000000000426,98.1,1.3000000000000043
73.375,2.6089988501338945,97.17500000000001,1.9292161620720456
67.1,0.0,97.0,0.0
72.35,0.3500000000000014,98.15,0.9499999999999957
72.25,8.049999999999997,95.1,0.0
63.7,0.0,98.7,0.0
62.3,1.7999999999999972,98.35,0.25
62.1,0.0,97.6,0.0
60.1,0.0,99.4,0.0
78.6,0.0,94.7,0.0
65.0,0.0,96.4,0.0
66.4,0.0,95.7,0.0
81.0,0.0,97.2,0.0
78.5,0.0,98.5,0.0
80.0,0.0,97.1,0.0
72.5,0.0,97.6,0.0
71.5,0.0,98.3,0.0
80.2,0.0,100.0,0.0
81.4,0.0,99.3,0.0
63.6,0.0,96.0,0.0
65.2,5.200000000000003,96.1,0.0
51.6,0.0,93.9,0.0
66.15,3.2500000000000036,97.75,0.75
69.8,0.0,96.1,0.0
79.1,0.0,94.5,0.0
76.3,3.7478882943154397,97.33333333333333,0.8379870059984347
70.1,1.6999999999999957,96.35,1.25
77.7,0.0,96.6,0.0
76.35,6.149999999999999,98.6,0.6999999999999957
59.4,0.0,96.3,0.0
72.33333333333333,1.0338708279513842,97.46666666666665,1.4704496666741826
73.5,4.900000000000006,97.55,0.75
89.4,0.0,98.2,0.0
86.6,2.6999999999999957,97.45,1.0499999999999972
69.66666666666667,3.3489633553617097,96.10000000000001,1.1343133018115696
64.9,0.0,96.8,0.0
78.5,2.700000000000003,97.30000000000001,0.3999999999999986
74.9,0.0,99.3,0.0
75.4,0.0,96.7,0.0
78.4,0.0,96.6,0.0
63.3,9.900000000000002,97.80000000000001,0.8999999999999986
69.9,0.0,99.6,0.0
70.2,0.0,96.4,0.0
73.19999999999999,8.491564441648348,96.36666666666667,1.4290634073484012
70.33333333333333,5.733139531608219,96.23333333333333,0.7363574011458163
73.7,0.0,97.3,0.0
70.0,0.0,98.1,0.0
73.5,8.900000000000006,96.75,0.25
68.7,0.0,100.0,0.0
71.1,0.0,96.6,0.0
67.96666666666667,10.863189627769962,97.56666666666668,0.5312459150169728
57.6,0.0,97.4,0.0
58.1,0.0,98.2,0.0
70.6,1.6000000000000014,96.1,0.10000000000000142
70.69999999999999,0.8999999999999986,95.7,0.0
78.5,1.5,96.2,2.0
70.7,0.0,98.1,0.0
57.7,0.0,96.2,0.0
70.4,1.3999999999999986,97.45,1.5499999999999972
81.0,0.0,98.8,0.0
77.6,0.0,97.9,0.0
59.5,0.0,98.1,0.0
52.15,5.75,96.2,1.5
66.0,1.7000000000000028,97.85,1.4499999999999957
62.8,0.0,95.8,0.0
71.2,0.0,96.3,0.0
64.5,3.465063731977622,96.86666666666667,1.5107025591499528
69.4,0.0,100.0,0.0
69.6,0.0,96.5,0.0
76.9,5.899999999999999,96.7,1.5
62.4,0.0,98.3,0.0
79.15,7.550000000000004,97.75,0.04999999999999716
61.4,0.0,96.5,0.0
72.9,0.0,96.9,0.0
86.2,0.0,96.7,0.0
71.35,3.4499999999999957,97.3,1.0
76.6,0.0,96.1,0.0
85.4,0.0,99.6,0.0
59.5,0.0,97.6,0.0
79.0,0.0,99.2,0.0
68.5,0.0,98.3,0.0
78.2,0.0,95.5,0.0
74.5,0.0,97.1,0.0
61.3,0.0,94.6,0.0
77.4,0.0,99.9,0.0
78.65,3.4499999999999957,97.55000000000001,0.6499999999999986
70.6,0.0,94.3,0.0
60.2,2.599999999999998,96.6,0.19999999999999576
62.2,0.0,100.0,0.0
72.5,0.0,95.5,0.0
78.0,8.400000000000006,98.0,0.29999999999999716
75.5,0.0,97.0,0.0
61.1,0.0,97.8,0.0
75.03333333333333,3.937286149395571,97.56666666666666,1.17284080571728
62.2,0.0,99.0,0.0
70.65,6.149999999999999,96.3,0.20000000000000284
70.6,0.0,96.3,0.0
71.6,0.0,98.1,0.0
60.6,5.399999999999999,98.30000000000001,0.10000000000000142
71.76666666666667,8.552712370288672,96.89999999999999,0.7118052168020842
69.3,0.0,96.1,0.0
64.3,0.0,99.2,0.0
71.7,4.700000000000003,98.15,1.8500000000000014
63.4,1.8999999999999986,98.7,0.5
76.6,0.0,97.0,0.0
78.05,9.450000000000003,96.0,0.20000000000000284
85.2,0.0,95.4,0.0
74.00000000000001,7.258558167202815,98.0,1.283225103661347
69.8,0.0,98.1,0.0
73.0,6.864886500639811,96.33333333333333,0.6649979114419995
67.55000000000001,0.6499999999999986,96.30000000000001,1.1000000000000014
67.69999999999999,0.6000000000000014,97.5,1.7000000000000028
68.4,0.0,95.7,0.0
74.44999999999999,1.6499999999999986,98.35,0.3500000000000014
75.39999999999999,6.968500556073742,97.10000000000001,0.48989794855663676
78.9,0.0,97.4,0.0
63.4,3.0224162519414812,97.5,0.9669539802906885
79.5,0.0,96.7,0.0
74.4,7.699999999999996,95.0,0.4000000000000057
75.1,0.0,97.7,0.0
73.23333333333333,13.378922062541346,96.56666666666666,1.405544576153869
74.2,0.0,96.9,0.0
76.80000000000001,12.399999999999999,98.1,0.30000000000000426
73.8,0.0,96.9,0.0
65.3,0.0,98.1,0.0
63.0,0.0,97.1,0.0
74.0,0.0,94.9,0.0
74.2,0.0,97.7,0.0
72.35,0.6499999999999986,97.05,2.549999999999997
66.8,0.0,97.2,0.0
62.25,0.9500000000000028,96.3,1.5
79.2,1.2999999999999972,96.1,0.19999999999999576
84.94999999999999,0.14999999999999858,96.4,1.1999999999999957
74.05000000000001,4.649999999999999,97.19999999999999,1.3999999999999986
72.0,0.0,95.9,0.0
69.2,1.2000000000000028,96.55,0.45000000000000284
65.7,0.0,93.9,0.0
67.6,11.100000000000001,98.25,1.75
73.7,0.0,96.9,0.0
73.2,0.0,97.0,0.0
73.7,0.0,96.7,0.0
74.13333333333333,10.354494461612093,97.0,2.727636339397168
78.1,0.0,96.1,0.0
69.75,1.8499999999999943,99.1,0.19999999999999576
62.1,0.0,96.8,0.0
69.53333333333335,7.087234219982353,96.90000000000002,1.2083045973594564
71.45,9.849999999999998,95.69999999999999,0.8999999999999986
82.6,0.0,96.1,0.0
65.8,0.0,95.9,0.0
68.1,0.0,95.7,0.0
56.1,0.0,95.8,0.0
67.0,0.0,97.4,0.0
78.7,0.0,95.6,0.0
67.9,0.0,98.4,0.0
60.7,0.0,99.4,0.0
72.36666666666667,3.288701195845488,98.60000000000001,0.21602468994692955
75.9,0.0,95.5,0.0
76.7,0.0,99.6,0.0
75.0,3.0999999999999943,97.65,0.6499999999999986
70.4,0.0,97.2,0.0
66.775,2.745336955639509,96.94999999999999,1.781151313055688
66.3,0.0,97.5,0.0
79.2,0.0,98.1,0.0
74.45,7.75,95.05,0.25
78.7,0.0,97.9,0.0
75.7,4.299999999999997,99.05,0.75
64.1,0.0,96.8,0.0
81.6,0.0,95.8,0.0
64.1,0.0,95.1,0.0
72.9,2.8000000000000043,98.05,0.45000000000000284
71.6,0.0,94.9,0.0
85.3,0.0,97.2,0.0
62.8,3.5,97.45,2.450000000000003
70.9,1.6000000000000014,98.1,0.0
70.05,1.9500000000000028,98.15,1.0500000000000043
71.9,1.1999999999999957,97.25,0.75
74.80000000000001,11.600000000000001,98.15,0.75
71.0,0.0,100.0,0.0
58.4,6.399999999999999,96.7,0.7999999999999972
65.65,1.9499999999999957,97.7,0.7000000000000028
66.5,0.0,95.9,0.0
76.4,1.3000000000000043,97.0,0.5
70.0,2.5,96.35,1.0500000000000043
72.30000000000001,5.477834121864835,94.96666666666665,0.2867441755680889
67.9,12.500000000000004,96.94999999999999,1.1499999999999986
81.46666666666665,6.931249686905114,96.3,2.9427877939124336
55.6,0.0,96.7,0.0
66.1,0.0,97.2,0.0
70.9,5.800000000000003,97.15,1.1499999999999986
70.25,4.349999999999994,99.45,0.5499999999999972
71.16666666666667,0.8993825042154688,98.23333333333333,0.09428090415820768
73.0,0.0,97.5,0.0
69.3,12.900000000000002,96.75,0.75
83.4,4.199999999999996,97.0,0.29999999999999716
70.5,0.0,96.0,0.0
68.1,2.3999999999999986,98.05,1.75
80.5,0.0,96.9,0.30000000000000426
72.4,0.0,97.5,0.0
71.5,0.0,98.8,0.0
68.55000000000001,4.350000000000001,94.0,0.5
66.66666666666667,4.934459330959053,95.5,1.651262143533443
79.5,0.0,100.0,0.0
80.1,0.0,94.7,0.0
58.4,0.0,97.8,0.0
68.7,0.0,95.4,0.0
67.6,0.0,98.6,0.0
74.9,0.0,96.9,0.0
78.1,0.0,96.1,0.0
82.3,2.5,96.4,0.10000000000000142
78.9,0.0,97.6,0.0
75.7,0.0,97.7,0.0
81.56666666666666,4.151572660517402,96.46666666666665,2.4225789747475464
57.2,0.0,97.7,0.0
75.0,0.0,96.7,0.0
68.63333333333333,5.246797965320269,97.73333333333333,1.6027753706895105
78.6,0.0,98.6,0.0
61.9,0.0,97.6,0.0
68.3,0.0,97.1,0.0
72.2,0.0,97.1,0.0
68.7,0.0,97.9,0.0
77.2,6.224682053459971,97.53333333333335,1.6977108770995815
70.0,0.0,96.0,0.0
70.8,0.0,97.4,0.0
69.13333333333334,9.052562559236408,97.39999999999999,1.8832595855767404
62.6,0.0,98.6,0.0
73.1,1.0,96.15,1.75
69.8,0.0,96.3,0.0
77.2,0.0,95.9,0.0
73.8,0.0,97.7,0.0
72.9,0.0,95.7,0.0
66.3,7.566152699137564,95.76666666666667,1.5195028426721986
89.7,0.0,99.2,0.0
75.8,0.0,95.0,0.0
58.8,0.0,98.6,0.0
68.95,3.549999999999997,97.2,1.2000000000000028
69.7,0.0,97.6,0.0
75.3,0.0,95.8,0.0
79.35,1.6499999999999986,95.05000000000001,0.3500000000000014
74.1,3.1000000000000014,97.05,0.5499999999999972
68.10000000000001,9.14038657096442,96.60000000000001,1.4306175822583291
75.8,0.0,96.3,0.0
65.1,0.0,95.2,0.0
73.5,0.0,97.4,0.0
77.1,0.0,98.1,0.0
76.8,0.0,98.8,0.0
76.1,0.0,98.4,0.0
60.6,0.0,95.7,0.0
81.8,0.0,95.2,0.0
75.95,2.25,96.45,0.5499999999999972
61.3,0.0,97.4,0.0
71.6,0.0,96.7,0.0
78.75,2.950000000000003,97.95,1.5499999999999972
85.4,0.0,94.6,0.0
79.5,4.200000000000003,95.15,0.25
70.19999999999999,10.399999999999999,97.19999999999999,0.6000000000000014
56.8,0.0,96.5,0.0
80.5,0.0,97.0,0.0
69.35,13.649999999999999,96.5,0.5
70.15,0.8500000000000014,96.15,1.0500000000000043
74.75,2.950000000000003,96.65,1.9499999999999957
62.6,11.62525985372657,98.86666666666667,1.329995822883999
64.1,0.0,94.8,0.0
70.6,0.0,98.2,0.0
63.3,0.0,97.8,0.0
95.2,0.0,97.7,0.0
85.7,0.0,96.7,0.0
63.9,0.0,99.8,0.0
71.5,0.0,97.7,0.0
69.8,0.0,98.7,0.0
81.4,0.0,96.8,0.0
82.5,0.0,96.8,0.0
80.05000000000001,7.649999999999999,96.69999999999999,0.8999999999999986
75.0,0.0,93.8,0.0
79.5,0.0,97.4,0.0
86.9,0.0,97.8,0.0
80.8,0.0,97.0,0.0
78.80000000000001,0.6000000000000014,95.19999999999999,2.8999999999999986
66.8,0.0,97.6,0.0
63.4,0.0,98.8,0.0
75.0,0.0,97.3,0.0
79.5,0.0,99.0,0.0
82.05,2.049999999999997,96.5,1.5999999999999943
68.96666666666668,3.9237170585499133,96.86666666666667,1.5107025591499528
62.25,1.9500000000000028,98.2,0.29999999999999716
71.1,0.0,96.2,0.0
67.2,0.0,95.7,0.0
71.9,0.0,98.5,0.0
77.55000000000001,6.149999999999999,97.85,0.05000000000000426
79.25,3.450000000000003,98.19999999999999,0.3999999999999986
68.5,7.299999999999997,97.0,3.0
64.0,0.0,96.9,0.0
62.1,0.0,95.7,0.0
81.0,0.0,100.0,0.0
75.6,0.0,98.3,0.0
78.1,0.0,97.1,0.0
75.8,0.0,97.6,0.0
81.9,0.0,96.4,0.0
71.9,0.0,96.0,0.0
67.0,0.0,96.3,0.0
66.5,0.5999999999999943,95.30000000000001,2.3999999999999986
71.0,0.0,96.0,0.0
58.7,0.0,97.1,0.0
67.65,1.25,97.9,2.1000000000000014
69.2,1.2000000000000028,97.95,1.0499999999999972
69.3,0.0,95.8,0.0
73.3,0.0,95.5,0.0
67.6,2.0,95.6,0.3999999999999986
76.5,0.0,98.8,0.0
80.8,0.0,97.1,0.0
70.0,5.452216674589028,96.60000000000001,0.49665548085837646
63.4,0.0,95.3,0.0
72.6,1.5,97.0,1.2999999999999972
75.60000000000001,6.441014412859723,96.46666666666665,0.8653836657164756
71.4,0.0,97.4,0.0
74.30000000000001,8.399999999999999,96.80000000000001,1.1000000000000014
90.3,0.0,95.9,0.0
78.3,0.0,98.4,0.0
59.9,0.0,97.5,0.0
70.3,0.0,92.9,0.0
70.8,0.0,95.3,0.0
66.0,0.0,97.5,0.0
67.8,0.0,96.1,0.0
70.80000000000001,4.899999999999999,97.9,1.3000000000000043
72.5,8.299999999999997,95.65,0.9499999999999957
80.05,11.25,96.25,0.04999999999999716
75.3,0.0,96.5,0.0
61.8,0.0,96.2,0.0
68.4,0.0,96.3,0.0
62.1,0.0,98.0,0.0
80.7,9.11372591205156,96.46666666666665,1.517307556898803
76.3,0.0,96.8,0.0
77.3,0.0,97.4,0.0
66.85,2.75,97.2,0.5
80.9,0.0,98.7,0.0
64.15,1.9499999999999957,97.05000000000001,0.6499999999999986
70.4,0.0,97.2,0.0
75.5,0.0,97.0,0.0
72.25,0.04999999999999716,96.9,0.6999999999999957
82.8,0.0,97.0,0.0
72.4,0.0,97.1,0.0
77.44999999999999,2.3500000000000014,96.0,0.09999999999999432
62.900000000000006,11.3,99.3,0.5
78.55,0.45000000000000284,99.05,0.75
58.650000000000006,7.550000000000001,96.1,1.3000000000000043
73.80000000000001,2.8999999999999986,98.4,1.1000000000000014
70.45,5.450000000000003,97.69999999999999,0.6000000000000014
65.0,0.0,97.1,0.0
68.45,6.349999999999998,96.05000000000001,2.1499999999999986
68.5,0.0,95.3,0.0
80.13333333333333,1.1115554667022072,98.66666666666667,0.9533566430716718
80.9,0.0,95.5,0.0
85.5,0.0,96.9,0.0
85.9,0.0,97.8,0.0
52.0,0.0,98.2,0.0
68.5,0.0,96.5,0.0
70.2,0.0,95.2,0.0
75.45,5.549999999999997,97.5,1.7000000000000028
82.6,0.0,99.1,0.0
71.6,0.0,96.1,0.0
71.5,0.0,98.5,0.0
70.46666666666667,8.957058048761818,97.5,0.4320493798938569
65.1,0.0,95.6,0.0
56.1,0.0,99.5,0.0
64.2,12.3,96.9,0.6999999999999957
62.9,0.0,97.3,0.0
72.3,1.7204650534085266,96.86666666666667,0.41096093353126556
79.9,2.8000000000000043,97.9,0.6999999999999957
78.0,0.0,97.4,0.0
73.1,9.2,98.2,0.20000000000000284
79.2,0.0,98.0,0.0
68.93333333333332,6.060436361260538,96.46666666666665,0.6018490028422561
93.4,0.0,94.4,0.0
71.5,0.0,97.7,0.0
69.1,0.6999999999999957,98.15,0.5500000000000043
70.5,4.299999999999997,95.8,1.7999999999999972
47.7,0.0,100.0,0.0
75.8,0.0,94.9,0.0
70.1,0.0,96.3,0.0
71.7,2.700000000000003,97.05,1.4500000000000028
76.80000000000001,4.600000000000001,95.5,0.5
73.4,0.0,96.8,0.0
67.8,0.0,98.8,0.0
65.6,0.0,96.7,0.0
78.7,0.0,95.6,0.0
85.8,0.0,95.6,0.0
67.1,0.0,96.1,0.0
72.9,6.699999999999996,97.85,0.05000000000000426
72.65,2.4499999999999957,99.0,0.9000000000000057
70.3,0.0,99.8,0.0
85.4,0.0,96.6,0.0
68.9,0.0,95.2,0.0
70.1,0.0,94.4,0.0
71.30000000000001,3.3999999999999986,97.0,0.29999999999999716
60.1,0.0,97.6,0.0
65.0,0.0,94.4,0.0
76.8,0.0,96.9,0.0
75.3,0.0,96.9,0.0
82.3,0.0,97.0,0.0
71.9,4.5,96.2,1.2999999999999972
77.8,0.0,95.0,0.0
81.2,0.0,98.0,0.0
62.0,4.799999999999997,98.0,0.7999999999999972
73.6,8.399999999999999,98.95,1.0499999999999972
67.7,0.0,95.6,0.0
73.2,0.0,94.8,0.0
68.43333333333334,7.7142004698405975,97.73333333333335,0.7408703590297617
68.65,4.050000000000004,96.95,0.75
62.5,0.0,98.3,0.0
74.55,1.5499999999999972,96.1,1.1000000000000014
67.95,2.75,99.8,0.20000000000000284
83.0,0.0,95.5,0.0
69.35,4.350000000000001,96.25,0.04999999999999716
75.80000000000001,2.3999999999999986,96.25,0.04999999999999716
81.2,0.0,95.6,0.0
76.80000000000001,4.100000000000001,97.35,0.14999999999999858
74.94999999999999,2.6499999999999986,97.65,0.25
65.2,0.0,97.3,0.0
62.3,0.0,96.5,0.0
69.85000000000001,5.8674952066448265,98.375,1.8184815093918345
89.2,0.0,97.9,0.0
61.4,0.0,98.3,0.0
67.0,0.0,95.2,0.0
68.4,0.0,96.0,0.0
67.3,0.0,96.3,0.0
72.7,0.0,100.0,0.0
83.5,0.0,99.0,0.0
74.8,9.200000000000003,96.69999999999999,0.10000000000000142
74.7,0.0,97.8,0.0
72.3,0.0,97.5,0.0
88.4,0.0,96.6,0.0
67.53333333333333,3.320977098519181,96.13333333333333,1.4007934259633823
73.2,0.0,97.6,0.0
70.1,0.0,98.0,0.0
70.8,0.0,97.7,0.0
76.75,3.75,96.8,0.20000000000000284
64.7,0.0,100.0,0.0
77.69999999999999,2.8999999999999986,98.15,0.75
72.39999999999999,5.657443474456164,96.19999999999999,1.416568624058387
70.1,0.0,97.0,0.0
71.8,0.0,96.8,0.0
69.9,0.0,97.5,0.0
60.2,0.0,96.1,0.0
63.0,0.0,95.4,0.0
73.8,0.0,93.5,0.0
70.5,2.4000000000000057,96.0,1.2000000000000028
79.1,5.300000000000004,96.65,1.25
65.9,0.0,97.3,0.0
77.9,0.0,96.3,0.0
74.5,0.0,99.6,0.0
69.6,0.0,96.5,0.0
64.4,0.0,96.8,0.0
82.45,6.25,97.15,0.3500000000000014
76.75,2.25,97.65,0.3500000000000014
77.3,0.0,97.1,0.0
72.75,8.349999999999994,97.5,0.4000000000000057
71.36666666666666,7.165813902753052,95.83333333333333,1.1841546445554374
81.7,0.0,95.5,0.0
62.0,0.0,96.7,0.0
69.65,5.350000000000001,94.85,1.5500000000000043
61.5,2.4166091947189137,97.2,0.9416297927883738
68.4,0.0,98.1,0.0
68.4,0.0,96.1,0.0
79.5,0.0,98.2,0.0
71.15,2.75,97.5,0.5999999999999943
66.0,0.0,97.0,0.0
70.44999999999999,2.6499999999999986,95.65,2.25
72.1,0.6000000000000014,96.95,0.25
75.6,0.0,97.1,0.0
86.55000000000001,1.3500000000000014,97.75,1.25
72.8,0.0,95.0,0.0
78.7,6.799999999999997,98.0,2.0
76.9,0.8000000000000043,97.35,0.75
63.3,0.0,93.7,0.0
67.8,0.0,95.8,0.0
75.0,0.0,94.0,0.0
80.9,0.0,97.7,0.0
70.95,7.75,96.75,0.15000000000000568
61.8,0.0,98.4,0.0
67.8,0.0,97.9,0.0
78.9,0.0,98.6,0.0
82.2,0.0,98.2,0.0
79.2,0.0,96.3,0.0
76.0,0.0,96.1,0.0
65.7,0.0,95.7,0.0
72.5,2.0999999999999943,97.65,0.05000000000000426
83.7,0.0,98.3,0.0
74.8,0.0,97.3,0.0
75.1,0.0,97.1,0.0
65.2,0.0,97.4,0.0
71.6,0.0,97.5,0.0
80.05,6.049999999999997,98.7,0.7000000000000028
67.53333333333335,8.18711725144381,97.3,1.3490737563232018
69.5,0.0,97.2,0.0
70.2,0.0,96.6,0.0
67.5,9.599999999999998,95.05000000000001,1.8500000000000014
69.3,0.0,99.8,0.0
78.95,4.549999999999997,97.3,1.2000000000000028
65.1,12.600000000000001,95.80000000000001,1.1000000000000014
74.95,10.25,96.8,0.5
61.0,0.0,97.0,0.0
72.6,0.0,98.4,0.0
74.46666666666665,6.343675765849185,97.23333333333333,0.987702159335269
81.7,0.0,95.1,0.0
71.9,3.6000000000000014,98.44999999999999,0.8500000000000014
63.5,0.0,96.5,0.0
73.0,0.0,95.6,0.0
82.8,0.0,96.4,0.0
70.4,0.0,98.0,0.0
76.4,0.0,99.2,0.0
68.4,0.0,98.9,0.0
59.5,0.0,96.7,0.0
72.94999999999999,8.149999999999999,98.05000000000001,0.8500000000000014
66.1,1.1999999999999957,95.65,0.44999999999999574
53.6,0.0,94.5,0.0
74.6,0.0,98.8,0.0
67.7,0.0,99.1,0.0
63.9,0.0,96.5,0.0
69.43333333333332,3.579882058889025,98.56666666666668,0.784573486395984
75.8,3.799999999999997,97.6,1.1999999999999957
63.2,1.0,98.25,0.15000000000000568
75.4,0.0,96.9,0.0
54.9,0.0,97.7,0.0
69.3,0.0,99.3,0.0
86.2,0.0,98.4,0.0
69.0,0.0,98.0,0.0
71.7,0.0,97.9,0.0
79.1,0.0,96.4,0.0
78.4,0.0,99.2,0.0
67.1,1.8000000000000043,97.4,0.6999999999999957
72.4,2.3000000000000043,97.15,1.8500000000000014
83.4,0.0,93.8,0.0
65.25,3.450000000000003,97.95,0.25
73.46666666666667,7.893175674101153,96.89999999999999,1.0614455552060407
66.3,0.0,97.1,0.0
70.0,0.0,97.2,0.0
76.19999999999999,7.399999999999999,95.85,0.9499999999999957
78.95,2.75,96.8,1.0
74.8,9.475582655787806,96.96666666666665,2.1452790546272102
69.8,0.0,96.9,0.0
72.85,5.350000000000001,96.65,0.6499999999999986
61.6,0.0,98.5,0.0
58.9,0.0,100.0,0.0
74.65,1.5500000000000043,96.9,1.3999999999999986
86.5,0.0,100.0,0.0
71.4,0.0,97.0,0.0
74.05,5.950000000000003,98.6,0.6000000000000014
70.2,0.0,96.9,0.0
86.5,0.0,94.5,0.0
69.3,0.0,98.0,0.0
63.3,0.0,96.5,0.0
76.7,0.0,96.9,0.0
59.9,0.0,98.4,0.0
57.800000000000004,9.197100992522953,98.39999999999999,0.5354126134736324
64.8,0.0,98.8,0.0
73.3,0.0,98.8,0.0
67.9,0.0,96.9,0.0
82.0,0.0,96.7,0.0
75.86666666666667,4.515405728048022,96.16666666666667,0.4642796092394684
73.9,1.0,98.69999999999999,0.8999999999999986
77.8,0.0,97.5,0.0
72.6,0.0,97.2,0.0
89.0,0.0,95.9,0.0
73.55,1.9500000000000028,95.1,0.6000000000000014
69.3,0.0,96.6,0.0
75.3,4.700000000000003,98.0,0.20000000000000284
73.06666666666668,3.827386691841957,97.86666666666667,0.24944382578493296
79.1,0.0,97.5,0.0
79.1,3.8999999999999986,97.0,0.4000000000000057
73.25,0.3499999999999943,97.05,0.5499999999999972
72.6,7.699999999999996,96.5,0.5
77.4,0.0,96.4,0.0
71.0,0.0,95.6,0.0
57.9,0.0,96.7,0.0
74.9,0.0,95.3,0.0
71.4,0.0,93.7,0.0
69.10000000000001,6.548791237065559,96.76666666666667,0.3858612300930052
75.35,0.25,97.9,1.1999999999999957
74.65,2.9499999999999957,97.80000000000001,0.3999999999999986
96.0,0.0,98.5,0.0
69.9,0.0,97.1,0.0
86.0,0.0,98.4,0.0
73.6,0.0,96.2,0.0
70.45,10.450000000000003,96.94999999999999,1.1499999999999986
66.6,0.0,96.0,0.0
72.7,0.0,97.7,0.0
70.9,0.0,98.3,0.0
65.6,0.0,98.5,0.0
65.4,0.0,96.3,0.0
68.3,0.0,95.3,0.0
67.5,4.0,97.94999999999999,0.14999999999999858
77.9,0.0,95.7,0.0
69.8,6.52584604987481,95.06666666666666,0.7586537784494015
58.6,0.0,97.0,0.0
69.8,0.0,98.3,0.0
74.2,0.0,99.3,0.0
71.6,0.0,100.0,0.0
73.8,2.2449944320643613,97.46666666666665,2.4526629518862855
76.3,6.491532946846993,96.3,1.8402898322456371
75.44999999999999,1.6499999999999986,96.65,1.6499999999999986
71.4,0.6000000000000014,96.9,1.8000000000000043
68.3,0.0,98.3,0.0
67.6,0.0,98.6,0.0
65.4,0.0,95.3,0.0
68.3,5.990548110704617,95.76666666666667,1.3572848714334877
63.0,0.0,97.8,0.0
75.475,4.969595053925422,97.5,1.4543039572249
76.8,0.0,94.8,0.0
73.8,9.5,97.4,1.5
68.2,0.0,98.6,0.0
74.94999999999999,1.8500000000000014,96.05,0.9500000000000028
70.6,2.8000000000000043,98.55,0.25
82.55000000000001,4.850000000000001,98.6,1.3999999999999986
69.65,5.350000000000001,96.25,2.75
72.5,3.799999999999997,96.5,1.0
64.6,0.0,96.1,0.0
71.6,2.5,98.55,1.4500000000000028
70.55,10.75,95.95,1.25
68.8,0.0,96.0,0.0
75.2,0.0,96.9,0.0
72.4,2.8999999999999986,96.3,1.2999999999999972
81.8,0.0,97.3,0.0
66.65,7.449999999999996,97.15,1.75
72.8,0.0,96.0,0.0
86.35,4.350000000000001,97.55,1.0499999999999972
74.16666666666666,3.8002923864121576,96.8,0.6164414002968972
65.0,0.0,98.2,0.0
72.2,0.0,99.7,0.0
75.2,0.0,98.7,0.0
71.25,11.950000000000003,98.9,0.19999999999999576
72.8,0.20000000000000284,96.9,0.6999999999999957
83.8,0.0,95.0,0.0
80.9,0.0,98.4,0.0
75.1,0.0,95.2,0.0
65.1,0.0,99.2,0.0
72.3,0.0,95.0,0.0
62.9,0.0,97.3,0.0
61.9,0.3999999999999986,96.15,0.3500000000000014
76.65,3.0500000000000043,97.9,0.30000000000000426
70.53333333333335,4.974825513411391,96.76666666666667,0.5906681715556419
61.3,0.0,97.05000000000001,0.6499999999999986
64.5,0.0,98.1,0.0
64.45,4.550000000000001,96.65,2.4499999999999957
85.7,0.0,96.7,0.0
65.5,2.9000000000000017,97.05,1.4500000000000028
72.1,0.0,96.0,0.0
69.9,0.0,98.3,0.0
67.6,0.0,97.3,0.0
71.45,3.25,98.2,0.7999999999999972
69.3,0.7000000000000028,97.05,1.25
74.23333333333333,15.93786546421934,97.36666666666667,0.771722460186015
72.23333333333333,3.8002923864121576,96.56666666666666,1.062491830033952
70.66666666666667,5.802489887013066,97.10000000000001,1.6990193249832883
65.4,0.0,96.9,0.0
84.2,0.0,95.8,0.0
51.3,0.0,97.9,0.0
71.3,8.450246544726769,96.56666666666666,1.9067132861433436
68.8,2.799999999999997,97.19999999999999,1.1000000000000014
78.3,0.0,97.8,0.0
72.6,0.0,99.3,0.0
69.0,7.5,99.2,0.7999999999999972
64.9,0.0,94.7,0.0
71.65,10.05,95.65,1.1499999999999986
60.7,0.0,96.7,0.0
55.6,0.0,96.2,0.0
73.85,6.25,95.65,0.9499999999999957
75.7,7.242007088277852,95.23333333333333,0.5734883511361772
74.5,0.0,95.6,0.0
69.7,0.0,100.0,0.0
66.1,0.0,98.6,0.0
66.55,6.75,97.65,0.5500000000000043
63.1,0.0,96.4,0.0
81.1,0.0,99.2,0.0
68.3,0.0,95.7,0.0
70.3,5.265611708687479,96.43333333333332,0.9463379711052294
68.5,0.0,93.0,0.0
62.4,13.699999999999996,96.3,0.0
67.85,2.4499999999999957,95.85,0.9499999999999957
66.5,0.4000000000000057,98.5,1.5
73.6,0.0,97.6,0.0
86.4,0.0,98.8,0.0
63.1,0.6000000000000014,96.4,1.0
76.9,0.0,97.7,0.0
70.3,3.799999999999997,97.35,1.6499999999999986
77.1,0.0,97.4,0.0
69.4,0.0,96.3,0.0
81.6,0.0,96.5,0.0
75.1,0.0,97.9,0.0
85.4,7.699999999999996,97.0,0.09999999999999432
60.1,0.0,97.1,0.0
72.7,0.0,98.5,0.0
66.95,1.25,97.6,0.0
71.15,2.6499999999999986,94.5,1.5
68.7,4.700000000000003,97.35,0.44999999999999574
65.6,0.0,99.1,0.0
67.13333333333333,10.461782299822953,98.89999999999999,0.7874007874011802
75.8,0.0,95.9,0.0
67.1,0.0,96.8,0.0
81.53333333333333,9.31176078348713,95.5,0.35590260840104343
77.7,0.0,96.8,0.0
61.6,0.10000000000000142,96.6,0.6000000000000014
66.65,1.3500000000000014,95.9,0.6000000000000014
66.8,1.2000000000000028,95.0,1.2999999999999972
81.4,0.0,94.8,0.0
72.6,0.0,97.8,0.0
72.55000000000001,2.3500000000000014,95.9,0.10000000000000142
73.6,0.0,99.2,0.0
77.4,0.6000000000000014,96.35,0.6499999999999986
72.7,0.0,98.2,0.0
68.5,0.0,97.1,0.0
71.7,0.0,96.9,0.0
80.25,0.15000000000000568,96.05,0.25
65.5,2.299999999999997,97.4,0.5
72.1,0.0,96.8,0.0
79.7,0.0,97.9,0.0
80.35,8.25,95.80000000000001,0.3999999999999986
67.6,0.0,94.7,0.0
70.1,0.0,98.5,0.0
72.0,0.0,98.3,0.0
63.0,1.2000000000000028,97.0,0.7999999999999972
69.53333333333333,5.4804703772172285,97.2,0.9201449161228155
75.0,1.2999999999999972,97.65,0.25
64.2,0.0,98.3,0.0
73.35,1.1056672193748007,97.35000000000001,0.602079728939613
87.5,0.0,97.2,0.0
70.26666666666667,8.602454430115987,95.46666666666665,1.0498677165349097
80.4,0.0,97.3,0.0
75.85,7.449999999999996,95.35,2.1499999999999986
71.4,0.0,97.2,0.0
70.9,0.0,96.2,0.0
70.55,1.5499999999999972,95.75,0.04999999999999716
75.1,0.0,94.9,0.0
68.1,0.0,95.7,0.0
65.0,0.0,95.9,0.0
61.05,3.049999999999997,95.25,0.15000000000000568
77.0,0.0,97.4,0.0
82.0,0.0,98.2,0.0
75.43333333333334,10.949074034922871,97.46666666666665,2.2171052197754544
63.6,0.0,95.6,0.0
70.125,7.158692268843519,96.62500000000001,1.3863170633011752
70.23333333333333,4.187547678003863,97.73333333333335,0.33993463423951914
56.7,0.0,97.6,0.0
61.9,0.0,97.6,0.0
73.2,0.0,97.4,0.0
78.93333333333334,5.631656555184771,97.60000000000001,0.8485281374238557
64.8,0.0,98.1,0.0
74.05000000000001,1.1499999999999986,98.25,1.75
67.0,0.0,96.7,0.0
75.4,3.8999999999999986,97.30000000000001,1.1000000000000014
76.55000000000001,4.149999999999999,96.3,1.5
87.0,0.0,98.6,0.0
62.0,0.0,95.6,0.0
75.6,0.0,94.6,0.0
72.1,0.0,95.0,0.0
78.2,0.0,96.4,0.0
75.8,0.0,98.1,0.0
70.33333333333333,2.5525586292102203,97.10000000000001,0.49665548085837646
59.2,0.0,95.2,0.0
69.8,0.0,95.3,0.0
71.3,0.0,99.1,0.0
79.75,6.150000000000006,96.8,1.2999999999999972
76.5,0.0,97.4,0.0
79.7,0.0,98.6,0.0
57.7,0.0,95.5,0.0
63.9,0.0,96.6,0.0
73.7,0.0,96.5,0.0
64.7,0.0,96.0,0.0
71.55000000000001,1.6499999999999986,97.45,1.0499999999999972
61.8,0.0,97.0,0.0
76.8,0.0,99.6,0.0
69.80000000000001,1.6000000000000014,97.30000000000001,0.8999999999999986
84.9,0.0,95.7,0.0
65.96666666666667,5.55297717945568,96.89999999999999,1.6990193249832883
69.0,0.0,97.3,0.0
53.2,0.0,98.2,0.0
76.9,0.0,97.8,0.0
84.3,0.0,95.8,0.0
69.05,0.75,95.35,0.8500000000000014
63.3,0.0,98.3,0.0
78.3,6.299999999999997,97.55,1.0499999999999972
86.6,0.0,97.0,0.0
74.5,0.0,97.8,0.0
65.95,8.349999999999998,94.45,1.0499999999999972
67.4,0.0,95.2,0.0
76.15,3.5500000000000043,98.45,1.5499999999999972
80.19999999999999,1.3999999999999986,95.85,1.25
78.5,0.0,98.3,0.0
71.0,0.0,97.6,0.0
57.8,0.0,98.4,0.0
76.85,4.75,96.35,0.75
66.4,0.0,97.4,0.0
64.65,3.3500000000000014,95.85,0.3500000000000014
70.75,2.549999999999997,96.25,0.9500000000000028
65.6,0.0,97.2,0.0
74.6,0.0,97.55,0.25
73.7,0.0,93.4,0.0
73.85,0.25,96.85,0.9499999999999957
71.05000000000001,5.850000000000001,97.2,0.7000000000000028
71.8,0.0,95.9,0.0
75.5,0.0,96.7,0.0
71.9,0.0,98.4,0.0
75.2,0.0,95.5,0.0
75.5,0.0,97.6,0.0
72.45,4.549999999999997,96.6,0.19999999999999576
59.6,0.0,94.1,0.0
72.4,3.8999999999999986,96.25,0.9500000000000028
68.4,0.0,96.0,0.0
79.4,0.0,96.9,0.0
84.9,0.0,96.6,0.0
77.4,4.899999999999999,97.65,1.4499999999999957
72.69999999999999,8.899999999999999,98.30000000000001,0.10000000000000142
58.0,0.0,100.0,0.0
66.4,0.0,95.5,0.0
69.0,0.0,98.1,0.0
63.9,0.0,97.3,0.0
75.44999999999999,6.149999999999999,97.95,1.5499999999999972
78.6,0.0,99.7,0.0
77.3,0.0,99.2,0.0
67.1,0.0,99.1,0.0
66.0,0.0,99.3,0.0
72.9,0.6000000000000014,96.8,0.29999999999999716
63.9,1.909624744986999,96.89999999999999,0.6683312551921115
72.35,4.149999999999999,97.85,0.05000000000000426
85.1,0.0,96.6,0.0
77.95,3.75,96.65,0.44999999999999574
84.8,0.0,94.5,0.0
69.43333333333332,4.731689855526129,96.16666666666667,1.0338708279513888
67.5,0.5999999999999943,96.5,1.2999999999999972
63.650000000000006,6.2500000000000036,96.19999999999999,0.10000000000000142
75.80000000000001,9.899999999999999,96.75,0.15000000000000568
74.8,12.319090875547595,97.56666666666668,0.5734883511361717
67.5,0.0,95.5,0.0
70.3,0.0,96.3,0.0
70.7,0.0,97.8,0.0
63.2,0.0,97.4,0.0
78.2,0.0,97.2,0.0
72.2,0.0,97.3,0.0
84.0,0.0,96.2,0.0
72.0,0.0,93.3,0.0
73.6,0.0,96.3,0.0
88.3,0.0,97.5,0.0
72.95,1.75,97.69999999999999,2.1000000000000014
71.0,0.0,97.2,0.0
70.56666666666666,3.917765803221132,95.76666666666667,0.5734883511361772
74.5,0.0,95.3,0.0
62.7,0.0,97.9,0.0
77.2,0.0,95.7,0.0
64.6,0.3999999999999986,96.7,0.7999999999999972
72.2,0.0,95.9,0.0
72.8,2.5,95.35,0.9499999999999957
70.15,4.149999999999999,98.35,0.25
67.8,0.0,97.2,0.0
80.9,0.0,96.5,0.0
76.80000000000001,3.1000000000000014,96.85,2.4499999999999957
71.3,0.0,97.6,0.0
65.1,0.0,96.9,0.0
66.9,0.0,97.7,0.0
72.5,0.0,96.7,0.0
62.9,0.0,96.1,0.0
74.5,5.593448548674302,96.89999999999999,1.756891193747257
64.8,0.0,100.0,0.0
73.0,0.5999999999999943,96.3,1.0
80.8,0.0,96.3,0.0
67.25,3.1500000000000057,95.95,0.25
63.35,1.0500000000000043,96.75,0.5499999999999972
62.849999999999994,2.4499999999999993,97.55,0.04999999999999716
75.2,0.0,98.8,0.0
58.7,0.0,95.9,0.0
68.39999999999999,4.59782557302906,97.86666666666666,1.1671427600007727
92.9,0.0,93.5,0.0
61.2,0.0,98.1,0.0
67.1,5.4999999999999964,98.0,1.0999999999999943
72.80000000000001,3.8999999999999986,97.80000000000001,2.1000000000000014
61.25,2.950000000000003,97.25,2.1500000000000057
77.6,0.0,97.1,0.0
74.2,0.0,97.3,0.0
67.85,6.850000000000001,96.45,0.75
67.65,7.850000000000001,97.3,0.7000000000000028
72.1,0.0,97.6,0.0
64.9,0.0,98.3,0.0
71.5,0.0,95.8,0.0
79.75,1.5499999999999972,98.1,1.3000000000000043
66.9,3.0000000000000036,97.80000000000001,0.8999999999999986
81.9,0.0,96.6,0.0
62.63333333333333,8.952591182941891,97.36666666666667,0.7133644853010848
78.75,14.549999999999997,95.65,1.25
80.0,0.0,97.1,0.0
70.0,0.0,97.8,0.0
68.8,4.0,96.5,1.4000000000000057
73.1,0.0,96.9,0.0
65.65,3.2500000000000036,96.55000000000001,0.14999999999999858
76.2,0.0,96.1,0.0
77.1,6.0,97.1,1.0
70.25,5.049999999999997,96.15,0.25
62.0,4.200000000000003,97.0,1.9000000000000057
63.4,0.0,97.3,0.0
62.6,0.0,98.5,0.0
57.9,6.600000000000001,96.35,0.44999999999999574
79.4,0.0,95.8,0.0
78.8,0.0,97.9,0.0
75.8,7.734015774486113,98.75,0.6422616289332559
85.55000000000001,1.6499999999999986,99.75,0.25
69.2,0.0,95.5,0.0
87.8,0.0,98.8,0.0
79.3,0.0,95.9,0.0
79.7,0.0,94.5,0.0
76.85,7.449999999999996,98.25,0.04999999999999716
55.5,0.0,98.4,0.0
64.3,0.0,97.3,0.0
72.80000000000001,3.6000000000000014,96.45,2.25
65.15,16.55,96.0,1.4000000000000057
73.86666666666666,4.840339749324309,95.39999999999999,1.2027745701779131
63.133333333333326,1.367073110293988,97.2,1.232882800593795
68.4,0.0,96.5,0.0
63.35,0.25,96.80000000000001,0.10000000000000142
70.3,0.0,96.1,0.0
98.7,0.0,95.8,0.0
62.15,11.149999999999999,96.8,1.7000000000000028
81.05,3.25,96.5,0.7999999999999972
76.9,0.0,98.0,0.0
78.3,0.0,98.3,0.0
70.4,8.899999999999999,97.1,1.5
74.9,5.0,95.8,2.0
77.7,0.0,99.1,0.0
79.5,0.0,96.1,0.0
74.55,6.450000000000003,97.5,0.29999999999999716
67.15,0.3500000000000014,97.15,1.1499999999999986
68.65,6.7500000000000036,97.5,2.0
68.95,7.25,96.4,0.3999999999999986
75.6,13.399999999999999,97.2,0.0
58.6,2.1000000000000014,96.1,0.6999999999999957
74.8,0.0,96.8,0.0
69.6,0.0,97.0,0.0
51.5,0.0,98.4,0.0
73.7,0.0,98.2,0.0
52.1,0.0,99.0,0.0
84.3,0.0,99.4,0.0
64.2,0.0,95.6,0.0
69.9,0.0,95.8,0.0
70.75,1.5499999999999972,96.55000000000001,0.8500000000000014
66.5,0.0,95.9,0.0
81.1,0.0,94.9,0.0
69.1,0.0,94.5,0.0
72.35,0.5500000000000043,95.95,0.25
74.3,0.0,98.4,0.0
59.1,0.0,95.7,0.0
59.35,3.6499999999999986,98.65,1.3500000000000014
63.2,0.0,97.0,0.0
60.2,0.0,96.2,0.0
82.5,0.0,97.4,0.0
70.6,0.0,98.2,0.0
80.1,0.0,97.7,0.0
69.5,3.700000000000003,95.94999999999999,1.8500000000000014
74.5,5.51588614820864,97.15,1.6332482971061042
73.6,0.0,95.5,0.0
56.5,0.0,97.6,0.0
79.2,0.0,96.2,0.0
79.1,0.0,94.9,0.0
81.1,0.0,98.1,0.0
80.9,2.8000000000000043,96.1,2.3000000000000043
75.9,1.6999999999999957,95.4,1.1999999999999957
71.8,3.5185224171518397,95.93333333333334,1.4974051630144138
77.9,0.0,95.9,0.0
79.0,0.0,97.0,0.0
63.1,4.899999999999999,97.5,1.7999999999999972
83.4,6.800000000000003,95.9,3.0
68.4,1.6999999999999957,95.7,1.2000000000000028
70.26666666666667,4.258586098173381,97.93333333333334,2.3697163449568333
68.6,1.6000000000000014,97.9,0.6999999999999957
66.06666666666666,10.077146862524573,95.96666666666665,2.3570226039551585
73.15,9.250000000000004,96.0,0.0
78.5,0.0,97.7,0.0
62.449999999999996,7.649999999999999,96.75,0.75
82.6,0.0,96.2,0.0
73.9,1.3000000000000043,99.2,0.7999999999999972
78.05000000000001,5.850000000000001,97.25,1.9500000000000028
71.1,6.600000000000001,96.45,0.5499999999999972
70.15,5.050000000000004,95.6,1.0
78.5,0.0,96.9,0.0
78.4,0.0,95.4,0.0
72.0,0.0,97.2,0.0
69.03333333333335,10.479291748756477,96.53333333333335,1.4055445761538714
75.5,0.0,95.5,0.0
71.76666666666667,5.8539635196069435,95.8,1.0198039027185584
61.5,0.0,95.6,0.0
87.5,0.0,96.0,0.0
61.7,0.0,93.7,0.0
82.39999999999999,4.027406113120453,97.3,1.557776192739722
79.1,0.0,99.0,0.0
73.7,0.0,98.2,0.0
70.6,0.0,97.8,0.0
66.9,0.6000000000000014,97.5,0.20000000000000284
68.83333333333333,1.667999467092907,97.46666666666665,0.6649979114420023
77.5,2.0,98.2,1.5
73.3,0.0,97.3,0.0
61.0,1.6000000000000014,93.85,0.14999999999999858
66.9,0.0,94.4,0.0
47.4,0.0,97.1,0.0
64.7,0.0,94.2,0.0
70.1,0.0,96.5,0.0
56.8,0.0,96.9,0.0
81.80000000000001,3.3999999999999986,97.75,1.8499999999999943
69.3,0.20000000000000284,95.9,0.30000000000000426
74.25,0.45000000000000284,96.95,1.4500000000000028
69.25,0.25,96.69999999999999,0.8999999999999986
64.7,0.0,95.6,0.0
80.3,0.0,96.2,0.0
79.05000000000001,3.1499999999999986,96.4,0.8999999999999986
71.7,0.0,96.0,0.0
73.3,0.0,96.4,0.0
72.95,1.75,98.5,1.5
76.4,0.0,95.2,0.0
77.4,10.584265050851032,95.89999999999999,0.6976149845485461
75.9,0.0,98.9,0.0
83.7,0.0,99.9,0.0
64.45,6.450000000000003,96.30000000000001,1.6000000000000014
74.19999999999999,5.550375362681942,96.39999999999999,0.8640987597877138
73.9,7.1930522033417805,96.10000000000001,0.9797958971132678
60.75,11.950000000000003,95.0,0.7000000000000028
66.2,0.0,96.4,0.0
67.0,10.299999999999997,97.95,0.04999999999999716
73.8,0.0,98.7,0.0
72.76666666666667,6.091706566216801,97.63333333333333,1.1115554667022072
70.6,5.100000000000001,95.94999999999999,0.8500000000000014
72.0,0.0,97.8,0.0
82.1,0.0,95.0,0.0
78.8,0.0,97.1,0.0
60.3,0.0,96.9,0.0
65.1,4.100000000000001,98.85,0.3500000000000014
82.6,0.0,96.8,0.0
71.8,0.0,97.0,0.0
72.05,0.9500000000000028,97.75,0.9500000000000028
72.7,0.0,96.6,0.0
67.16666666666667,1.82086670449969,97.03333333333335,0.6128258770283411
56.95,8.950000000000003,98.15,0.6499999999999986
60.4,0.0,95.9,0.0
72.0,0.0,97.3,0.0
62.9,0.0,97.9,0.0
70.4,3.5,96.3,0.7999999999999972
67.4,0.0,98.7,0.0
72.2,0.0,97.5,0.0
69.23333333333333,1.4383632673594264,96.93333333333334,0.2054804667656324
76.5,0.0,96.1,0.0
65.5,0.0,97.5,0.0
74.85,1.6499999999999986,97.1,0.0
80.4,0.0,95.2,0.0
73.2,0.0,95.8,0.0
65.9,0.0,96.3,0.0
69.9,0.0,97.1,0.0
73.7,1.7000000000000028,97.65,0.44999999999999574
79.75,7.049999999999997,96.35,0.3500000000000014
57.3,0.0,99.3,0.0
76.3,0.0,96.4,0.0
78.05,2.950000000000003,97.2,0.7000000000000028
69.2,11.599999999999998,97.75,0.75
65.5,0.0,95.8,0.0
72.0,0.0,98.5,0.0
74.0,0.0,97.7,0.0
76.1,0.0,95.9,0.0
63.7,0.0,97.5,0.0
67.8,0.0,96.7,0.0
71.4,0.0,99.0,0.0
78.2,0.0,98.4,0.0
51.0,0.0,97.7,0.0
71.6,0.0,96.3,0.0
83.5,0.0,96.8,0.0
74.6,0.0,98.0,0.0
72.5,0.0,96.7,0.0
73.1,0.0,97.6,0.0
67.2,0.0,96.9,0.0
60.3,0.0,96.0,0.0
76.5,0.0,98.9,0.0
65.45,3.849999999999998,96.6,0.8999999999999986
72.1,0.0,98.7,0.0
79.6,0.0,98.2,0.0
76.9,0.0,97.3,0.0
74.3,0.0,96.0,0.0
81.2,0.0,96.7,0.0
83.1,0.0,96.7,0.0
67.4,0.0,100.0,0.0
80.6,0.0,98.4,0.0
67.5,0.0,96.1,0.0
76.75,10.549999999999997,96.8,0.5
64.0,0.0,99.2,0.0
72.05,4.950000000000003,98.25,0.3499999999999943
84.2,0.0,95.0,0.0
73.6,0.0,100.0,0.0
77.0,0.0,95.1,0.0
65.65,1.6499999999999986,95.85,1.25
65.9,0.0,96.7,0.0
71.7,1.2999999999999972,96.15,0.5500000000000043
70.2,0.0,95.6,0.0
78.55000000000001,8.850000000000001,97.9,0.5
78.9,0.0,96.5,0.0
79.7,12.200000000000003,96.25,0.8499999999999943
58.2,0.0,96.8,0.0
69.5,0.0,97.4,0.0
67.8,0.0,95.4,0.0
77.4,3.3000000000000043,98.7,1.2999999999999972
63.8,9.2,95.7,1.2000000000000028
72.45,3.950000000000003,97.25,0.04999999999999716
64.8,0.0,98.7,0.0
58.4,0.0,98.0,0.0
72.8,0.0,98.3,0.0
68.8,0.0,95.5,0.0
70.8,0.0,95.6,0.0
63.3,0.0,97.2,0.0
79.3,0.0,97.7,0.0
67.0,0.0,94.4,0.0
76.4,0.0,96.5,0.0
69.0,0.0,97.1,0.0
62.2,0.0,96.7,0.0
69.5,0.0,98.6,0.0
77.8,0.0,97.0,0.0
80.5,11.118752927674338,97.5,1.4445299120013637
68.96666666666667,5.38537113133554,98.69999999999999,0.32659863237108927
62.03333333333334,9.820500100413534,97.26666666666667,1.8372685039360892
67.75,0.3499999999999943,96.5,1.0999999999999943
70.85,9.850000000000001,97.65,1.6499999999999986
71.7,0.0,97.0,0.0
75.06666666666666,7.428025010428785,97.16666666666667,1.5107025591499559
74.65,4.850000000000001,97.6,0.8000000000000043
74.9,0.0,98.3,0.0
73.9,0.0,95.9,0.0
64.4,0.0,98.1,0.0
74.05,9.25,97.5,0.9000000000000057
73.0,0.0,97.7,0.0
62.2,0.0,96.6,0.0
66.4,0.6999999999999957,96.5,0.5999999999999943
67.73333333333333,3.387558937576668,96.83333333333333,1.2918548250050772
67.2,0.0,97.4,0.0
78.76666666666667,5.537949881399153,96.76666666666667,1.3816254517375124
75.2,0.29999999999999716,96.4,0.5
74.8,0.0,96.4,0.0
64.4,0.0,97.5,0.0
70.6,0.3999999999999986,95.65,1.0500000000000043
81.8,0.0,98.4,0.0
72.7,0.0,95.9,0.0
68.8,0.0,98.7,0.0
64.4,0.0,97.8,0.0
74.5,8.700000000000003,97.05,0.04999999999999716
68.6,0.0,96.8,0.0
79.4,0.0,95.3,0.0
72.15,1.75,97.35,0.14999999999999858
71.9,0.0,94.9,0.0
71.0,0.0,96.1,0.0
57.0,0.0,96.5,0.0
75.0,0.0,96.4,0.0
68.9,0.0,96.9,0.0
69.44999999999999,2.6499999999999986,97.30000000000001,0.3999999999999986
86.65,1.5500000000000043,94.4,0.30000000000000426
65.43333333333334,3.1169785940162553,97.93333333333334,1.0530379332620872
72.5,0.0,95.9,0.0
77.1,3.8999999999999986,96.55000000000001,0.14999999999999858
69.8,0.0,98.9,0.0
68.5,3.0999999999999943,95.85,1.3500000000000014
67.8,7.884584115009914,96.2,2.758018612458348
75.3,0.0,96.7,0.0
70.46666666666667,1.811690432226828,96.0,1.5513435037626842
72.8,3.299999999999997,97.55,1.75
64.2,0.0,99.3,0.0
83.60000000000001,3.3436506994600963,96.86666666666667,0.44969125210773586
75.53333333333333,1.144066820115372,97.16666666666667,0.26246692913372954
78.9,7.899999999999999,97.25,0.25
74.8,0.0,97.2,0.0
71.26666666666667,3.145720196641077,97.46666666666665,1.1145502331533637
80.0,0.0,96.9,0.0
71.83333333333333,13.653896472761499,97.83333333333333,0.6128258770283411
64.9,0.0,98.5,0.0
86.7,2.200000000000003,98.25,0.6500000000000057
67.0,6.14220373047546,96.76666666666667,1.4522013940527974
61.900000000000006,2.5000000000000036,96.25,0.15000000000000568
71.19999999999999,9.430800602281863,97.26666666666667,1.329995822883999
61.4,0.0,100.0,0.0
72.0,0.0,96.1,0.0
73.05,4.049999999999997,97.25,1.25
71.9,0.0,99.4,0.0
78.7,0.0,97.3,0.0
73.05,6.960423837669656,97.07500000000002,0.8042853971072723
75.0,0.0,96.0,0.0
71.5,0.0,97.0,0.0
65.9,0.0,96.0,0.0
80.2,0.0,96.4,0.0
55.7,0.0,96.8,0.0
65.1,0.0,99.1,0.0
75.94999999999999,6.350000000000001,94.5,2.200000000000003
71.3,0.0,97.2,0.0
77.4,7.199999999999996,95.75,0.6500000000000057
59.1,0.0,97.3,0.0
71.9,0.0,96.6,0.0
75.65,3.25,95.8,1.2000000000000028
82.0,0.0,95.6,0.0
71.9,8.899999999999999,97.5,0.09999999999999432
53.2,0.0,97.5,0.0
83.15,8.350000000000001,97.65,0.25
78.7,0.0,95.3,0.0
77.3,0.0,95.9,0.0
72.5,7.961155694998057,96.09999999999998,1.224744871391589
65.4,0.0,96.4,0.0
75.35,2.8500000000000014,95.55,0.5499999999999972
78.05,9.549999999999997,97.5,0.0
76.94999999999999,2.1499999999999986,97.69999999999999,0.8999999999999986
68.8,0.0,96.6,0.0
55.3,0.0,95.1,0.0
85.15,2.3500000000000014,98.65,0.75
80.65,10.75,96.7,2.5
77.2,1.8493242008906923,98.10000000000001,1.6391054470858994
79.5,1.9000000000000057,95.3,2.799999999999997
71.0,4.099999999999994,97.7,0.29999999999999716
80.7,0.0,94.9,0.0
83.45,2.450000000000003,98.25,0.3499999999999943
76.8,0.0,95.7,0.0
74.85,2.8500000000000014,94.94999999999999,1.1499999999999986
83.25,6.849999999999994,98.1,0.3999999999999986
66.15,6.050000000000001,96.85,0.5500000000000043
79.1,0.0,94.4,0.0
74.0,1.0999999999999943,95.55,1.75
71.9,0.0,95.8,0.0
78.4,0.0,98.6,0.0
79.55000000000001,7.850000000000001,96.8,1.7000000000000028
70.9,0.0,99.0,0.0
70.30000000000001,1.8999999999999986,96.65,0.25
66.53333333333335,8.323594309084402,95.39999999999999,2.201514630127785
77.45,5.950000000000003,96.1,1.8999999999999986
59.5,0.0,97.8,0.0
68.0,0.0,96.4,0.0
70.9,0.0,98.7,0.0
74.7,0.0,97.1,0.0
64.1,0.30000000000000426,97.9,1.8999999999999986
68.3,10.41057155011193,96.36666666666667,1.1145502331533608
83.7,0.0,97.1,0.0
63.9,0.0,96.8,0.0
78.6,0.0,98.7,0.0
74.5,0.0,96.4,0.0
76.0,0.0,97.9,0.0
60.2,0.0,95.2,0.0
68.0,0.0,96.0,0.0
71.6,0.0,99.5,0.0
76.55,5.75,96.15,0.8500000000000014
69.89999999999999,7.9401931126809915,96.16666666666667,1.342468704373487
72.0,10.5,95.3,3.0
77.5,11.799999999999997,98.95,0.04999999999999716
76.6,0.0,97.0,0.0
70.3,0.0,97.4,0.0
70.8,0.0,97.9,0.0
58.4,0.0,97.7,0.0
69.4,12.8,98.19999999999999,0.8999999999999986
73.6,0.0,96.3,0.0
63.8,0.0,96.5,0.0
79.2,0.0,97.5,0.0
73.0,0.0,94.5,0.0
66.8,0.0,97.0,0.0
70.8,0.0,97.8,0.0
54.7,0.0,97.7,0.0
81.3,0.0,97.5,0.0
65.7,0.0,94.9,0.0
79.7,0.0,98.8,0.0
70.46666666666667,9.136860632745922,95.96666666666665,1.9189117286165684
69.65,6.649999999999999,98.5,1.4000000000000057
69.4,0.0,96.6,0.0
55.5,0.0,95.1,0.0
55.9,0.0,97.1,0.0
72.9,0.0,96.4,0.0
70.44999999999999,5.649999999999999,96.65,0.6499999999999986
68.7,1.5,97.2,0.5
74.7,0.0,96.1,0.0
73.4,0.0,98.6,0.0
75.44999999999999,2.3500000000000014,98.3,0.20000000000000284
76.2,0.5,94.75,0.3499999999999943
55.1,0.0,96.7,0.0
78.95,4.75,95.35,0.75
73.3,0.0,98.5,0.0
64.2,0.0,99.6,0.0
72.2,4.299999999999997,98.5,1.5
69.3,0.20000000000000284,97.4,1.1000000000000014
75.9,3.5,95.85,0.9499999999999957
58.1,0.0,94.3,0.0
73.3,0.0,98.4,0.0
63.26666666666666,6.9844271219780225,97.53333333333335,1.053037933262089
72.9,0.0,96.2,0.0
68.6,1.1999999999999957,97.69999999999999,0.10000000000000142
68.7,0.0,95.9,0.0
76.5,0.0,98.4,0.0
78.0,6.799999999999997,99.05000000000001,0.3500000000000014
54.2,0.0,92.7,0.0
67.4,0.0,100.0,0.0
67.8,0.0,96.3,0.0
69.1,0.0,96.6,0.0
82.35,8.449999999999996,96.5,0.0
61.8,0.0,97.8,0.0
90.6,0.0,93.8,0.0
69.0,0.0,95.9,0.0
82.9,2.6000000000000014,98.55,0.9500000000000028
60.65,1.25,96.05000000000001,1.1499999999999986
65.5,0.0,97.3,0.0
88.3,0.0,96.4,0.0
69.1,0.0,98.5,0.0
60.6,0.0,96.2,0.0
70.2,9.099999999999998,97.9,0.30000000000000426
72.8,0.0,97.1,0.0
73.4,0.0,91.9,0.0
83.85,11.75,98.4,0.6000000000000014
69.0,0.0,96.2,0.0
68.1,0.0,95.7,0.0
73.0,4.099999999999994,96.35,0.8500000000000014
78.5,0.0,95.8,0.0
72.0,0.0,95.5,0.0
68.25,1.75,95.80000000000001,0.3999999999999986
74.2,8.453401682163223,96.66666666666667,0.5792715732327551
64.9,0.0,99.5,0.0
77.05000000000001,3.6499999999999986,95.6,2.0
72.7,0.0,96.0,0.0
78.9,15.100000000000001,97.1,1.8000000000000043
74.15,4.949999999999996,96.05000000000001,0.8500000000000014
68.6,0.0,97.6,0.0
73.2,0.0,97.3,0.0
76.3,0.0,98.3,0.0
70.1,6.300000000000004,97.4,1.1999999999999957
72.75,3.950000000000003,99.0,1.0
66.3,4.900000000000002,98.25,0.6500000000000057
74.2,8.200000000000003,96.6,0.10000000000000142
76.6,1.6000000000000014,97.1,0.3999999999999986
63.95,3.450000000000003,96.05,1.4500000000000028
67.0,4.700000000000003,95.55000000000001,1.3500000000000014
58.2,0.0,98.3,0.0
73.0,0.0,99.6,0.0
63.900000000000006,5.800000000000001,97.75,0.75
71.85,5.550000000000004,97.65,2.3500000000000014
74.5,3.799999999999997,95.5,1.2999999999999972
73.73333333333333,6.589048152469034,97.23333333333335,0.6236095644623235
67.75,4.549999999999997,96.9,1.1999999999999957
70.3,0.0,95.2,0.0
68.1,0.0,100.0,0.0
70.0,0.0,97.5,0.0
92.3,0.0,97.6,0.0
77.4,0.0,96.4,0.0
79.9,0.0,97.5,0.0
60.8,0.0,96.3,0.0
74.6,0.0,98.7,0.0
65.7,0.0,97.5,0.0
71.60000000000001,2.1969676071045465,96.2,0.9092121131323918
66.35,0.6499999999999986,96.30000000000001,0.8999999999999986
65.6,0.0,96.8,0.0
57.8,0.0,94.9,0.0
66.3,0.0,98.4,0.0
60.3,0.0,95.4,0.0
66.80000000000001,7.100000000000001,98.5,0.5
74.95,3.049999999999997,98.15,1.8500000000000014
69.2,3.0,97.1,1.0
66.0,0.0,98.9,0.0
72.3,0.0,97.1,0.0
74.05,7.75,95.95,0.5499999999999972
79.1,0.0,97.7,0.0
81.325,11.839209221903293,96.025,1.6588776326179084
79.6,8.399999999999999,97.65,0.25
73.75,8.349999999999994,96.7,1.0
70.8,7.0,96.4,1.0
77.6,0.0,97.1,0.0
74.7,0.0,94.8,0.0
59.75,5.349999999999998,95.80000000000001,2.1000000000000014
80.8,0.0,98.7,0.0
66.8,0.0,97.4,0.0
68.5,0.0,97.3,0.0
76.9,0.0,96.6,0.0
73.2,0.0,99.5,0.0
84.30000000000001,0.8999999999999986,97.6,0.6000000000000014
69.4,3.3999999999999986,95.45,0.25
89.8,0.0,98.4,0.0
67.76666666666667,2.9959231558161776,96.76666666666667,0.7363574011458162
73.4,0.0,99.8,0.0
75.5,0.09999999999999432,96.0,0.5
71.65,1.5500000000000043,98.55,0.75
68.6,0.0,96.1,0.0
75.9,0.0,96.1,0.0
72.2,3.975759885439093,96.2,0.49665548085837646
63.5,0.5999999999999979,97.6,0.10000000000000142
70.85,7.550000000000004,97.2,0.7000000000000028
78.45,2.450000000000003,97.75,1.0499999999999972
68.4,0.0,96.0,0.0
65.4,0.0,96.7,0.0
60.2,0.0,97.9,0.0
78.8,0.0,97.9,0.0
71.1,0.0,98.0,0.0
68.2,10.247276060820584,96.76666666666667,1.2710450643291784
69.3,0.0,98.2,0.0
75.7,0.0,98.2,0.0
70.9,0.0,94.4,0.0
67.5,0.0,94.9,0.0
70.4,0.0,99.8,0.0
66.1,0.0,95.3,0.0
65.4,0.0,97.0,0.0
74.94999999999999,9.149999999999999,97.05000000000001,0.8500000000000014
81.95,0.9500000000000028,95.69999999999999,0.10000000000000142
78.1,0.0,95.9,0.0
75.8,0.0,98.5,0.0
71.0,0.0,97.0,0.0
61.35,11.050000000000004,98.15,1.1499999999999986
73.15,0.6499999999999986,96.95,0.75
64.15,1.3500000000000014,96.69999999999999,0.6000000000000014
71.7,0.7999999999999972,96.25,0.04999999999999716
70.9,0.0,98.4,0.0
75.5,0.0,97.7,0.0
72.4,0.0,94.2,0.0
76.75,4.349999999999994,96.7,0.7000000000000028
72.4,0.0,99.3,0.0
64.3,0.0,97.5,0.0
72.94999999999999,7.649999999999999,96.85,0.25
71.0,0.0,98.9,0.0
81.1,0.0,99.2,0.0
69.4,0.0,97.8,0.0
73.05,13.45,98.3,1.0
67.63333333333334,13.81553071325488,96.7,0.4966554808583803
79.2,0.0,97.3,0.0
72.65,2.4499999999999957,95.85,1.1499999999999986
61.7,0.0,97.6,0.0
67.4,0.0,98.2,0.0
76.5,4.667618950457146,96.43333333333334,1.7987650084309377
76.6,0.0,96.6,0.0
71.3,0.0,97.3,0.0
79.9,0.0,99.0,0.0
84.19999999999999,2.3999999999999986,96.9,1.1000000000000014
92.3,0.0,98.3,0.0
70.3,0.0,96.4,0.0
76.6,0.0,99.0,0.0
60.1,2.7067816067549044,97.36666666666667,1.8732028424302836
82.9,0.0,96.2,0.0
76.7,0.0,97.1,0.0
61.8,0.0,96.3,0.0
71.2,3.0099833886584846,96.89999999999999,0.49665548085837646
80.7,0.0,97.5,0.0
82.0,0.0,97.4,0.0
66.9,0.0,96.1,0.0
69.5,0.0,96.5,0.0
78.5,0.0,95.3,0.0
65.5,0.0,96.1,0.0
69.8,0.0,95.8,0.0
73.5,6.612614208213472,96.0,0.8524474568362969
77.75,5.650000000000006,96.2,0.0
71.3,7.767024312223227,99.23333333333333,0.5792715732327613
79.1,0.0,95.1,0.0
73.75,3.25,96.55,0.04999999999999716
67.0,0.0,96.9,0.0
74.5,0.0,94.1,0.0
88.1,0.0,95.4,0.0
74.35,10.550000000000004,96.3,0.29999999999999716
73.7,0.0,94.8,0.0
71.7,0.0,95.8,0.0
76.46666666666665,8.081391519341757,96.76666666666665,1.2036980056845232
76.1,4.899999999999999,97.8,0.7999999999999972
68.5,0.0,95.3,0.0
65.3,0.0,96.4,0.0
75.0,0.0,95.9,0.0
55.3,0.0,93.3,0.0
67.7,2.5,97.0,0.4000000000000057
61.3,0.0,94.1,0.0
78.6,0.0,95.1,0.0
84.2,0.0,98.3,0.0
82.0,0.0,96.1,0.0
72.3,0.0,97.1,0.0
69.4,0.0,95.7,0.0
60.5,0.0,97.8,0.0
72.9,0.0,96.3,0.0
68.2,0.0,97.4,0.0
70.3,7.0,97.55000000000001,0.6499999999999986
84.23333333333333,12.203915582941221,96.8,1.2832251036613453
65.6,0.0,96.2,0.0
80.2,0.0,98.3,0.0
72.89999999999999,3.455430508634196,96.5,1.8402898322456342
75.75,2.1500000000000057,98.0,1.0
73.6,0.6999999999999957,97.35,0.44999999999999574
68.3,0.0,99.1,0.0
83.6,0.0,97.7,0.0
68.6,0.0,95.9,0.0
70.26666666666667,8.782684985558552,96.7,2.054263858417411
70.2,5.0,97.15,2.0500000000000043
88.4,0.0,98.9,0.0
77.8,0.0,95.7,0.0
76.3,0.0,95.4,0.0
61.65,5.149999999999999,95.65,1.0500000000000043
69.75,6.650000000000002,95.15,2.4499999999999957
72.0,0.0,97.9,0.0
69.30000000000001,0.8999999999999986,98.95,0.25
71.33333333333333,2.3795424396766296,96.83333333333333,0.09428090415820767
73.2,0.0,96.9,0.0
85.4,0.0,96.4,0.0
73.9,0.0,97.7,0.0
57.2,0.0,98.1,0.0
74.75,0.25,95.1,0.5
67.4,0.0,96.4,0.0
76.9,0.0,96.2,0.0
90.8,0.0,97.4,0.0
91.0,0.0,99.2,0.0
70.15,1.4499999999999957,96.1,0.10000000000000142
72.23333333333333,3.037908637350517,98.09999999999998,0.8981462390204998
59.7,0.0,96.2,0.0
63.8,0.0,93.9,0.0
77.6,0.0,98.5,0.0
76.9,0.0,98.7,0.0
72.1,0.0,95.0,0.0
64.8,7.511324783285568,97.2,0.778888096369858
85.1,0.0,93.9,0.0
68.1,0.0,95.9,0.0
78.35,4.149999999999999,96.4,0.6000000000000014
73.5,0.0,98.2,0.0
62.0,0.0,95.7,0.0
75.4,0.0,95.7,0.0
82.0,0.0,95.0,0.0
74.3,6.785769423334886,95.5,0.4966554808583803
65.1,2.9999999999999964,95.95,0.45000000000000284
73.7,0.0,97.0,0.0
73.7,0.0,98.0,0.0
65.3,4.919857721520003,96.475,0.6179603547154131
78.25,0.3499999999999943,97.65,0.05000000000000426
69.43333333333334,6.773149603807343,96.23333333333333,0.9533566430716718
78.8,0.0,95.3,0.0
56.6,0.0,96.1,0.0
70.6,0.0,97.7,0.0
66.4,7.399999999999999,96.35,0.8500000000000014
56.8,0.0,95.5,0.0
74.5,0.0,96.3,0.0
68.0,0.0,95.7,0.0
72.1,0.0,95.8,0.0
79.2,0.0,95.0,0.0
57.2,0.0,100.0,0.0
57.7,0.0,97.3,0.0
70.53333333333335,2.880200610297057,96.60000000000001,0.37416573867739694
90.7,0.0,98.8,0.0
65.19999999999999,4.899999999999999,95.4,0.8999999999999986
66.4,1.8999999999999986,95.35,0.75
73.9,8.199999999999996,97.35,1.6499999999999986
82.2,0.0,96.2,0.0
74.75,5.849999999999994,97.5,0.5
69.3,0.0,95.1,0.0
75.9,0.0,96.7,0.0
66.85,8.249999999999996,97.65,0.5500000000000043
85.9,2.0,98.2,1.7999999999999972
64.5,0.0,95.1,0.0
75.3,0.0,100.0,0.0
72.7,0.0,96.6,0.0
66.7,0.0,95.7,0.0
70.3,0.0,95.7,0.0
69.5,0.0,98.8,0.0
62.5,0.0,95.7,0.0
70.69999999999999,0.3999999999999986,96.8,1.5
72.9,0.0,96.5,0.0
81.8,0.0,97.8,0.0
67.25,5.150000000000002,95.85,0.44999999999999574
68.2,0.0,94.4,0.0
71.1,0.0,96.0,0.0
78.76666666666667,6.853871574194804,96.46666666666665,0.8379870059984347
70.53333333333333,5.232165474787236,96.40000000000002,1.4514360704718126
70.3,2.6981475126464094,97.26666666666667,0.5734883511361772
69.0,0.0,97.3,0.0
75.3,0.0,95.4,0.0
69.7,0.7999999999999972,97.75,1.75
55.95,7.949999999999999,99.6,0.3999999999999986
65.5,0.0,96.8,0.0
82.9,0.0,100.0,0.0
86.9,0.0,95.9,0.0
66.8,0.0,96.8,0.0
72.1,0.0,96.6,0.0
87.2,0.0,96.6,0.0
70.9,0.0,97.4,0.0
69.0,1.2355835328567113,96.93333333333334,1.037089945740271
73.55000000000001,2.6499999999999986,96.25,2.6500000000000057
61.8,0.0,98.5,0.0
85.3,0.0,97.5,0.0
89.0,0.0,97.5,0.0
78.23333333333333,10.894748990020632,97.26666666666667,1.0208928554075705
78.3,0.0,97.2,0.0
74.2,0.0,99.0,0.0
77.55,2.25,97.35,2.0500000000000043
76.75,2.6500000000000057,97.75,0.3499999999999943
77.4,0.0,95.9,0.0
75.7,10.349879226348486,96.86666666666667,0.41096093353126556
70.94999999999999,6.149999999999999,97.1,2.8999999999999986
60.15,3.9499999999999957,96.65,0.5500000000000043
65.1,0.0,95.9,0.0
62.9,3.6999999999999957,97.15,0.5500000000000043
72.16666666666667,5.073022329495069,97.16666666666667,1.3912424503139451
71.66666666666666,1.1145502331533663,98.09999999999998,1.4719601443879744
59.849999999999994,0.9499999999999993,96.65,0.25
67.0,0.0,94.8,0.0
69.2,3.700000000000003,96.4,1.3000000000000043
63.6,0.0,98.0,0.0
76.5,7.072953178599919,97.43333333333334,1.371941041817116
72.7,0.0,96.2,0.0
68.5,0.0,99.7,0.0
61.4,0.0,96.4,0.0
71.8,0.0,95.7,0.0
63.8,0.0,98.8,0.0
77.0,13.099999999999998,95.1,1.5
66.2,0.0,96.8,0.0
68.0,0.0,92.8,0.0
77.89999999999999,3.930224760324359,96.26666666666667,1.4817407180595217
72.2,0.0,94.3,0.0
69.2,0.0,96.7,0.0
54.1,0.0,95.1,0.0
72.4,0.0,95.0,0.0
80.9,0.0,93.8,0.0
71.55000000000001,0.14999999999999858,97.05000000000001,0.3500000000000014
66.55000000000001,0.6499999999999986,96.75,1.8499999999999943
62.7,0.0,95.2,0.0
86.8,0.0,98.7,0.0
67.5,0.0,97.4,0.0
65.3,4.0,96.55,1.4500000000000028
64.94999999999999,0.6499999999999986,96.15,1.0500000000000043
73.5,0.0,99.5,0.0
79.10000000000001,7.777317446695016,97.8,1.423610433604175
70.05,6.150000000000002,98.25,0.45000000000000284
71.35,9.550000000000004,97.5,0.9000000000000057
74.94999999999999,12.649999999999999,97.0,1.0999999999999943
66.6,0.0,97.6,0.0
62.36666666666667,6.4546279693118,96.73333333333333,0.7717224601860129
66.15,2.0500000000000043,96.1,0.6000000000000014
81.4,5.0,95.75,0.6500000000000057
76.4,0.0,96.1,0.0
64.7,0.0,95.0,0.0
77.2,0.0,95.1,0.0
81.3,0.0,96.9,0.0
75.73333333333333,5.741273571449303,97.73333333333335,1.481740718059528
67.0,0.0,95.2,0.0
85.0,0.0,97.7,0.0
71.1,7.300000000000004,99.25,0.6500000000000057
71.7,0.0,95.4,0.0
71.9,0.0,96.9,0.0
66.1,2.3000000000000043,98.19999999999999,0.3999999999999986
65.7,0.0,97.3,0.0
77.3,0.0,97.6,0.0
72.55000000000001,7.850000000000001,98.44999999999999,0.3500000000000014
66.2,4.800000000000001,99.1,0.8999999999999986
75.53333333333333,7.598391642680415,96.46666666666665,0.967241208569796
75.2,0.0,97.1,0.0
67.9,4.800000000000001,98.7,1.2000000000000028
71.69999999999999,7.399999999999999,97.6,0.19999999999999576
70.4,0.0,99.4,0.0
83.4,4.100000000000001,97.35,0.25
80.15,0.75,95.5,0.7000000000000028
69.1,11.7,96.5,1.0
68.85,2.3500000000000014,96.35,1.9499999999999957
73.5,0.0,94.1,0.0
71.39999999999999,6.763135367564369,97.16666666666667,0.3399346342395173
69.1,1.6000000000000014,98.65,0.8500000000000014
71.0,0.0,96.2,0.0
70.4,0.0,97.6,0.0
67.9,0.0,97.6,0.0
68.8,0.0,97.1,0.0
77.85,8.649999999999999,96.8,0.0
66.3,0.0,98.0,0.0
84.2,0.0,96.2,0.0
72.80000000000001,3.8999999999999986,98.45,1.5499999999999972
76.75,6.450000000000003,96.4,0.0
66.7,0.0,98.3,0.0
68.8,0.0,96.1,0.0
66.3,0.0,97.1,0.0
65.9,0.0,97.0,0.0
85.3,2.700000000000003,96.94999999999999,1.6499999999999986
76.5,0.0,96.9,0.0
71.7,0.0,97.2,0.0
77.7,0.0,96.3,0.0
69.4,0.0,99.3,0.0
56.5,0.0,98.9,0.0
98.3,0.0,96.6,0.0
70.7,0.0,99.7,0.0
63.6,0.0,94.7,0.0
72.63333333333333,11.044556225680694,97.56666666666668,0.7408703590297575
65.1,0.0,97.0,0.0
71.4,0.0,96.7,0.0
74.2,0.0,96.9,0.0
66.9,0.0,94.4,0.0
85.8,0.0,96.2,0.0
64.5,3.799999999999997,96.2,0.5
78.25,0.75,96.85,1.5500000000000043
72.9,0.0,95.0,0.0
73.5,3.0999999999999943,97.05,0.04999999999999716
77.4,0.0,97.8,0.0
68.73333333333333,4.224005471376928,96.43333333333334,1.1614167593456248
73.35,1.75,96.44999999999999,0.8500000000000014
77.9,0.5,97.5,1.0999999999999943
78.9,0.0,94.4,0.0
74.55,4.549999999999997,97.45,0.5499999999999972
81.0,1.0999999999999943,97.35,0.14999999999999858
78.65,5.550000000000004,95.80000000000001,1.6000000000000014
66.0,0.0,94.6,0.0
76.33333333333333,4.134677200889515,96.13333333333333,1.9618585292749535
71.63333333333333,5.607336464153211,97.16666666666667,1.8006171781425997
66.1,0.0,97.7,0.0
75.69999999999999,8.899999999999999,96.55,0.5499999999999972
82.7,0.0,96.3,0.0
69.3,8.5,95.6,0.10000000000000142
72.9,8.199999999999996,95.30000000000001,0.8999999999999986
79.2,0.0,97.5,0.0
74.3,0.0,96.4,0.0
81.0,0.0,93.9,0.0
83.1,0.0,97.2,0.0
69.6,0.0,96.2,0.0
80.0,6.200000000000003,97.2,0.29999999999999716
69.6,3.3000000000000043,95.0,1.7000000000000028
65.8,0.0,96.5,0.0
72.7,0.0,95.5,0.0
80.3,0.0,95.3,0.0
68.6,0.0,97.0,0.0
72.8,0.0,97.0,0.0
70.7,8.3,97.80000000000001,0.8999999999999986
87.3,0.0,96.2,0.0
70.65,11.649999999999999,97.25,0.15000000000000568
74.0,0.0,96.5,0.0
74.3,9.5,98.35,0.05000000000000426
76.05,10.450000000000003,96.55,1.9500000000000028
63.2,13.599999999999998,97.4,2.1000000000000014
61.2,0.0,96.0,0.0
71.0,0.0,94.9,0.0
78.9,0.0,95.5,0.0
68.6,0.0,98.6,0.0
71.0,0.0,97.8,0.0
72.8,0.0,100.0,0.0
80.5,0.0,99.3,0.0
74.1,0.0,95.8,0.0
70.3,0.0,97.2,0.0
68.8,5.0,99.30000000000001,0.3999999999999986
67.7,13.0,96.8,0.20000000000000284
77.56666666666666,4.277330423939162,96.93333333333334,0.8219218670625303
57.6,0.0,99.4,0.0
65.9,5.899999999999999,97.9,2.0
61.4,0.0,97.4,0.0
61.7,0.0,95.0,0.0
80.3,0.0,100.0,0.0
69.25,0.9500000000000028,98.80000000000001,0.8999999999999986
79.8,0.0,96.5,0.0
70.4,0.0,96.9,0.0
62.5,0.0,96.8,0.0
71.5,0.0,93.7,0.0
78.83333333333333,10.362861037806542,96.8,0.42426406871192446
68.25,3.8499999999999943,97.4,0.5
71.7,0.0,93.8,0.0
80.6,0.0,97.8,0.0
69.4,0.0,97.4,0.0
70.35,2.0500000000000043,97.5,0.20000000000000284
68.1,0.0,95.5,0.0
73.39999999999999,2.0704266871026054,97.93333333333332,0.9285592184789433
66.4,0.0,96.6,0.0
69.9,0.0,99.3,0.0
75.6,2.1999999999999957,97.25,0.8499999999999943
80.5,0.0,94.2,0.0
61.25,4.75,96.85,1.1499999999999986
74.0,0.0,98.0,0.0
59.4,0.0,96.0,0.0
74.33333333333333,5.193799722318484,97.33333333333333,0.9977753031397193
68.44999999999999,6.149999999999999,97.35,0.3500000000000014
59.2,0.1999999999999993,97.05,0.45000000000000284
82.2,0.0,98.6,0.0
81.9,0.0,96.0,0.0
59.2,0.0,97.8,0.0
75.2,0.0,95.1,0.0
70.2,0.0,97.1,0.0
82.1,0.0,97.1,0.0
57.9,0.0,95.8,0.0
76.1,0.0,95.2,0.0
58.5,0.0,97.1,0.0
66.1,0.0,99.1,0.0
72.95,3.450000000000003,95.6,2.0
72.75,3.8499999999999943,97.5,0.20000000000000284
75.8,0.0,98.0,0.0
64.9,0.0,96.6,0.0
72.5,0.0,96.5,0.0
68.8,0.0,98.4,0.0
65.3,6.400000000000002,96.19999999999999,0.10000000000000142
69.9,0.0,99.3,0.0
69.5,0.0,93.4,0.0
70.05,5.25,96.35,0.25
73.4,0.0,97.8,0.0
63.8,0.0,98.7,0.0
70.1,3.1000000000000014,97.6,0.5
73.5,0.0,99.5,0.0
82.25,6.549999999999997,95.5,0.20000000000000284
67.1,0.0,98.3,0.0
55.5,0.0,96.9,0.0
82.85,3.3500000000000014,98.95,0.9500000000000028
83.7,0.0,97.5,0.0
86.3,0.0,99.2,0.0
75.7,0.0,95.0,0.0
64.5,0.0,95.8,0.0
71.0,0.0,96.2,0.0
74.9,1.0,98.55000000000001,0.8500000000000014
76.10000000000001,3.047403266170505,97.8,0.5099019513592802
68.8,0.0,100.0,0.0
79.25,2.6500000000000057,97.5,0.29999999999999716
71.75,9.25,97.85,0.6499999999999986
81.15,7.149999999999999,98.55000000000001,0.3500000000000014
75.1,0.0,99.4,0.0
75.0,0.0,95.2,0.0
70.8,0.0,97.7,0.0
63.9,0.0,96.0,0.0
73.1,0.0,98.0,0.0
80.0,0.0,97.5,0.0
57.5,0.0,99.5,0.0
72.7,0.0,96.7,0.0
72.2,1.2000000000000028,98.05000000000001,1.1499999999999986
82.26666666666667,2.8158282775923826,97.3,1.122497216032183
68.1,5.4999999999999964,97.35,0.14999999999999858
70.9,0.5,98.3,0.7999999999999972
61.3,0.0,98.4,0.0
80.10000000000001,2.9810512687081827,94.5,1.6872067646458382
64.0,10.599999999999998,96.4,0.6999999999999957
68.1,1.6999999999999957,97.19999999999999,0.10000000000000142
67.7,0.0,97.3,0.0
80.2,0.0,95.4,0.0
75.2,0.0,98.3,0.0
62.4,0.0,95.9,0.0
63.8,0.0,97.6,0.0
68.7,0.0,95.9,0.0
61.2,0.0,94.6,0.0
67.3,0.0,100.0,0.0
84.1,0.0,97.7,0.0
56.9,3.0,98.05,0.25
73.94999999999999,1.6499999999999986,97.25,0.15000000000000568
70.2,0.0,97.4,0.0
73.8,0.0,97.2,0.0
68.5,0.0,100.0,0.0
80.4,0.0,95.5,0.0
81.8,0.0,95.3,0.0
85.9,0.0,96.0,0.0
65.9,2.8000000000000007,97.0,0.4000000000000057
77.4,0.0,91.9,0.0
72.66666666666667,9.384147389199628,96.59999999999998,0.5099019513592736
72.35,12.95,97.4,2.1999999999999957
63.96666666666667,2.1483844059096007,96.53333333333335,1.8979521127315653
77.9,0.0,98.1,0.0
67.4,0.0,98.2,0.0
75.4,0.0,95.4,0.0
70.4,3.5,97.80000000000001,0.3999999999999986
57.9,0.0,97.0,0.0
70.2,0.7000000000000028,98.35,0.6499999999999986
65.3,0.0,99.5,0.0
67.8,0.7999999999999972,98.4,0.5
66.9,0.0,99.0,0.0
75.9,0.0,99.8,0.0
56.2,0.0,94.0,0.0
68.0,0.0,96.9,0.0
66.5,0.0,98.6,0.0
79.69999999999999,4.600000000000001,96.6,1.5
72.75,4.849999999999994,96.45,0.04999999999999716
67.0,0.0,97.3,0.0
85.8,0.0,96.9,0.0
75.85,6.25,96.1,1.3999999999999986
77.1,2.8000000000000043,97.9,1.0
71.4,0.0,97.0,0.0
82.9,0.0,96.9,0.0
80.6,0.0,99.4,0.0
68.44999999999999,2.8500000000000014,97.65,1.0500000000000043
73.5,0.0,97.2,0.0
76.6,0.0,94.6,0.0
66.1,0.0,97.6,0.0
82.8,0.0,99.1,0.0
68.25,9.25,97.80000000000001,0.8999999999999986
61.6,0.0,98.9,0.0
74.4,0.0,98.9,0.0
78.4,0.0,98.9,0.0
74.3,7.203240011735459,96.96666666666665,0.8730533902472538
76.8,0.0,97.0,0.0
67.46666666666665,2.15148527508066,95.03333333333335,1.562761089297471
73.55000000000001,12.850000000000001,97.1,0.30000000000000426
78.4,0.0,97.4,0.0
71.8,8.7,98.2,0.20000000000000284
62.8,0.0,97.1,0.0
70.56666666666666,6.737622396332073,96.66666666666667,0.5792715732327551
74.8,0.0,97.7,0.0
62.8,0.0,96.3,0.0
75.8,0.0,97.4,0.0
65.5,3.4000000000000017,96.9,0.10000000000000142
70.8,11.799999999999997,96.65,0.6499999999999986
65.55,1.9499999999999993,95.19999999999999,0.3999999999999986
80.3,0.0,97.2,0.0
76.7,0.0,95.8,0.0
70.0,0.0,95.0,0.0
71.55000000000001,2.1499999999999986,97.25,0.6500000000000057
67.0,0.0,97.3,0.0
72.4,0.0,95.3,0.0
69.45,3.450000000000003,96.05000000000001,1.3500000000000014
72.7,0.0,99.0,0.0
67.1,0.0,99.0,0.0
69.0,0.0,98.7,0.0
69.1,0.0,96.3,0.0
74.9,0.0,96.4,0.0
65.5,0.0,96.7,0.0
52.5,0.0,95.7,0.0
71.1,1.1999999999999957,96.6,1.6000000000000014
63.8,0.0,95.9,0.0
86.6,0.0,98.1,0.0
69.25,2.6500000000000057,96.30000000000001,0.10000000000000142
73.9,0.0,99.9,0.0
78.19999999999999,4.100000000000001,97.55,1.5499999999999972
68.8,0.0,98.3,0.0
74.3,0.0,97.2,0.0
74.7,0.0,96.6,0.0
75.4,0.0,99.2,0.0
79.5,0.0,97.1,0.0
72.7,0.0,94.7,0.0
76.5,0.5,95.15,1.25
65.7,0.0,95.9,0.0
60.7,0.0,97.3,0.0
64.8,8.2,97.05,0.45000000000000284
79.96666666666667,12.020075799354272,97.86666666666667,0.9568466729604886
63.4,0.0,97.8,0.0
78.5,0.0,96.1,0.0
83.8,0.0,98.8,0.0
73.5,0.0,99.9,0.0
80.3,0.0,95.7,0.0
69.5,0.0,98.4,0.0
73.3,0.0,96.6,0.0
76.05000000000001,7.649999999999999,96.75,0.04999999999999716
68.4,0.0,96.9,0.0
70.0,0.0,94.4,0.0
69.1,0.0,96.7,0.0
79.0,0.0,95.3,0.0
66.35,10.149999999999999,96.15,0.8500000000000014
63.4,0.0,96.6,0.0
86.0,0.0,95.7,0.0
82.45,14.25,96.1,0.10000000000000142
75.15,0.5500000000000043,96.5,0.09999999999999432
66.2,0.0,96.4,0.0
75.23333333333333,1.990533150244481,96.76666666666667,0.9030811456096061
69.6,0.0,98.6,0.0
72.66666666666667,8.36354523446181,98.2,0.6480740698407865
70.75,0.45000000000000284,96.55,1.0499999999999972
61.15,4.350000000000001,97.9,0.10000000000000142
71.05000000000001,0.8500000000000014,97.25,2.3499999999999943
68.5,6.0,97.6,0.19999999999999576
78.45,4.549999999999997,96.9,1.1000000000000014
69.4,0.0,96.6,0.0
74.45,5.950000000000003,96.55,0.25
68.66666666666667,15.195686522460537,96.46666666666665,0.5436502143433359
64.8,0.0,95.1,0.0
73.7,0.0,97.3,0.0
75.76666666666667,3.611401697709937,97.36666666666667,0.8956685895029576
81.2,0.0,98.8,0.0
75.8,0.0,96.3,0.0
73.1,0.0,98.0,0.0
76.6,0.0,97.2,0.0
73.4,0.0,97.9,0.0
67.7,0.0,98.7,0.0
68.3,0.0,97.4,0.0
73.13333333333334,4.000277768133387,96.76666666666667,1.1085526098877276
71.1,0.0,97.8,0.0
82.8,0.0,95.9,0.0
58.3,0.0,96.1,0.0
69.7,0.0,96.6,0.0
64.0,0.0,95.1,0.0
68.3,0.0,97.1,0.0
72.32499999999999,6.251149894219463,98.275,1.0848386976873563
85.3,0.0,97.5,0.0
77.5,0.0,94.9,0.0
70.35,7.449999999999999,97.6,0.30000000000000426
79.66666666666667,3.680881536926837,97.26666666666667,0.7133644853010912
78.95,5.549999999999997,94.9,0.19999999999999576
80.3,8.200000000000003,98.5,0.7000000000000028
73.2,0.0,98.4,0.0
68.9,0.0,97.3,0.0
73.7,0.0,99.4,0.0
73.53333333333335,3.985250584621023,97.46666666666665,1.8803073034893933
73.35,4.449999999999996,96.1,0.8999999999999986
82.9,0.0,97.5,0.0
70.6,0.0,97.0,0.0
74.4,0.0,96.8,0.0
71.6,4.399999999999999,95.3,1.0
62.3,0.0,95.9,0.0
49.8,0.0,92.3,0.0
82.1,0.0,97.4,0.0
81.44999999999999,10.149999999999999,97.4,1.6000000000000014
74.5,0.0,96.6,0.0
74.55000000000001,2.3500000000000014,97.9,0.6000000000000014
63.7,0.0,98.2,0.0
74.0,2.9000000000000057,97.3,0.29999999999999716
84.55000000000001,0.3500000000000014,97.1,2.1999999999999957
81.7,0.0,94.6,0.0
71.5,4.700000000000003,98.7,0.29999999999999716
69.8,0.0,97.6,0.0
66.5,5.200000000000003,97.4,1.0
76.15,0.5500000000000043,99.0,1.0
78.1,0.0,96.8,0.0
69.94999999999999,7.149999999999999,97.45,1.25
64.1,0.0,96.7,0.0
75.4,5.5,96.7,0.29999999999999716
72.53333333333333,4.216106682183884,96.26666666666665,1.3474255287605204
70.9,0.0,94.1,0.0
84.3,0.0,99.1,0.0
62.0,0.0,98.5,0.0
66.99999999999999,3.2690467519854565,94.8,0.7483314773547874
71.9,0.0,96.5,0.0
78.46666666666667,4.772374205314953,96.13333333333333,1.8785337071473862
76.2,0.0,94.3,0.0
76.5,0.0,97.2,0.0
87.0,0.0,98.2,0.0
68.66666666666667,5.468901982015119,96.46666666666665,1.3888444437333127
69.15,6.149999999999999,95.6,0.30000000000000426
64.85,8.850000000000001,96.45,0.25
65.8,0.0,97.7,0.0
79.7,0.0,97.0,0.0
70.8,0.0,94.7,0.0
66.6,0.0,97.3,0.0
66.2,0.20000000000000284,97.80000000000001,0.10000000000000142
71.7,0.0,98.2,0.0
74.6,0.0,95.9,0.0
74.3,0.0,96.6,0.0
67.4,0.5,96.45,1.0499999999999972
63.7,0.0,98.7,0.0
65.55,12.75,96.8,0.20000000000000284
69.56666666666668,5.681744645988781,97.56666666666666,1.5520595635763743
73.0,0.0,95.8,0.0
60.8,0.0,96.3,0.0
70.0,0.0,99.0,0.0
69.26666666666667,4.29754451854648,96.7,0.35590260840104343
75.0,4.200000000000003,96.15,1.5500000000000043
70.55000000000001,3.3500000000000014,96.8,0.20000000000000284
78.6,4.100000000000001,98.35,1.6499999999999986
73.35,10.649999999999999,98.45,1.5499999999999972
80.4,0.0,97.4,0.0
65.0,0.0,97.0,0.0
63.7,0.0,95.6,0.0
70.2,0.0,97.6,0.0
72.0,0.0,98.4,0.0
73.23333333333333,2.9009576962712806,96.36666666666667,1.5282524515130211
76.5,0.0,98.4,0.0
79.30000000000001,13.600000000000001,96.4,1.8000000000000043
68.5,0.0,97.1,0.0
70.1,11.800000000000004,96.25,0.6500000000000057
51.1,0.0,97.6,0.0
72.2,0.0,96.9,0.0
69.2,5.300000000000001,96.55,0.25
77.95,1.5499999999999972,98.1,1.0
67.6,0.0,96.3,0.0
70.39999999999999,6.359769387852569,96.60000000000001,1.4764823060233376
71.8,0.0,98.1,0.0
71.19999999999999,2.6000000000000014,95.65,1.0500000000000043
78.8,0.0,96.7,0.0
76.8,0.0,96.8,0.0
77.65,0.5500000000000043,95.45,0.25
72.0,1.4000000000000057,98.15,1.5500000000000043
70.9,0.0,99.1,0.0
68.0,0.0,96.5,0.0
68.1,0.0,97.7,0.0
65.2,0.0,97.7,0.0
77.16666666666667,4.953337819648033,97.66666666666667,1.8408935028645435
70.6,0.0,97.2,0.0
68.66666666666667,7.078763231588475,97.43333333333334,1.1671427600007727
65.5,0.0,96.3,0.0
70.9,0.0,97.0,0.0
69.3,0.0,95.9,0.0
76.3,0.0,98.0,0.0
70.7,0.0,100.0,0.0
59.3,0.0,98.0,0.0
76.25,8.450000000000003,96.19999999999999,1.8999999999999986
74.82499999999999,5.9499474787597935,95.725,1.0779030568655046
83.93333333333332,4.5842726310239845,95.40000000000002,1.2754084313139338
81.15,0.75,96.65,0.5500000000000043
74.7,0.0,96.1,0.0
63.76666666666667,7.176969338717347,95.96666666666665,0.8178562764256838
66.3,0.0,98.0,0.0
83.0,0.0,96.4,0.0
72.0,0.0,96.4,0.0
62.6,0.0,97.2,0.0
72.0,3.0,96.5,1.0999999999999943
71.6,0.0,95.4,0.0
66.85,6.850000000000001,98.25,0.25
76.2,0.0,95.7,0.0
81.9,0.0,98.0,0.0
82.7,0.0,98.7,0.0
77.7,0.0,100.0,0.0
77.6,0.0,96.9,0.0
67.92500000000001,6.6326371075161346,96.925,1.0544548354481584
66.1,0.0,97.4,0.0
72.2,0.0,94.9,0.0
68.6,5.4999999999999964,96.4,0.6999999999999957
69.5,2.0999999999999943,96.44999999999999,1.8500000000000014
80.9,0.0,95.4,0.0
71.89999999999999,1.8832595855767356,97.16666666666667,0.9463379711052307
63.7,0.0,94.2,0.0
68.5,0.0,96.8,0.0
76.8,0.0,94.7,0.0
77.7,0.0,98.5,0.0
78.9,0.0,99.5,0.0
73.7,0.0,94.5,0.0
73.4,0.0,97.5,0.0
78.7,0.0,96.2,0.0
53.5,0.0,97.1,0.0
89.0,0.0,96.8,0.0
55.9,0.0,97.7,0.0
75.1,10.800000000000004,95.8,0.5
65.85,1.5500000000000043,97.65,0.9499999999999957
71.2,0.0,99.1,0.0
68.3,0.0,95.6,0.0
69.85,0.25,95.45,0.5499999999999972
74.4,0.0,95.3,0.0
81.8,0.0,97.0,0.0
67.0,0.0,95.9,0.0
69.9,0.0,99.2,0.0
76.75,2.049999999999997,95.0,0.29999999999999716
73.9,0.0,94.5,0.0
83.8,0.0,97.2,0.0
71.4,0.0,96.6,0.0
85.1,0.0,99.2,0.0
69.85,0.14999999999999858,96.55000000000001,2.3500000000000014
81.1,0.0,96.6,0.0
76.2,1.7000000000000028,97.75,1.4500000000000028
71.0,1.9000000000000057,97.5,1.4000000000000057
85.5,0.4000000000000057,96.44999999999999,0.6499999999999986
67.94999999999999,1.3500000000000014,96.6,0.19999999999999576
73.56666666666668,6.817787193967134,96.73333333333335,1.7745108872274908
75.1,0.0,94.3,0.0
76.4,0.0,95.8,0.0
73.3,0.0,96.0,0.0
71.25,2.950000000000003,97.7,0.7000000000000028
75.9,0.0,95.3,0.0
74.6,0.0,96.4,0.0
61.0,0.20000000000000284,96.5,1.4000000000000057
75.5,0.0,97.5,0.0
83.5,0.0,94.4,0.0
67.95,2.049999999999997,97.55000000000001,0.14999999999999858
67.4,11.699999999999996,96.4,0.10000000000000142
64.15,9.750000000000004,95.3,0.7999999999999972
89.6,0.0,96.3,0.0
70.36666666666667,1.5107025591499559,98.0,1.373559851869102
64.55,4.449999999999999,98.05000000000001,1.1499999999999986
68.6,2.3999999999999986,96.55,1.5499999999999972
71.025,7.547971581822496,96.6,1.0700467279516337
83.2,0.0,98.3,0.0
72.05,12.549999999999997,94.75,0.5499999999999972
66.4,5.100000000000001,98.6,0.0
68.0,4.900000000000002,98.7,1.2999999999999972
73.39999999999999,7.44222189044822,95.36666666666667,1.0208928554075705
77.9,0.0,100.0,0.0
79.2,0.0,96.4,0.0
76.9,0.0,96.7,0.0
67.15,1.0500000000000043,95.95,0.45000000000000284
68.8,0.0,100.0,0.0
79.1,0.0,97.6,0.0
72.19999999999999,4.100000000000001,97.0,0.9000000000000057
77.2,0.0,96.8,0.0
75.0,0.0,98.4,0.0
73.85,1.1499999999999986,96.0,0.7999999999999972
82.9,0.0,95.2,0.0
61.8,0.0,98.2,0.0
77.0,0.0,96.1,0.0
79.8,2.799999999999997,97.30000000000001,0.6000000000000014
65.1,0.10000000000000142,98.44999999999999,0.3500000000000014
69.2,4.0,96.75,0.3499999999999943
66.6,3.6000000000000014,96.1,1.3999999999999986
72.7,0.0,99.1,0.0
67.0,0.0,96.6,0.0
70.8,0.0,96.1,0.0
63.1,0.0,95.7,0.0
62.45,1.5500000000000007,97.05000000000001,0.14999999999999858
64.8,0.0,97.3,0.0
78.9,0.0,98.2,0.0
69.05000000000001,4.149999999999999,95.9,0.6000000000000014
81.2,0.0,97.1,0.0
71.7,0.0,96.4,0.0
67.3,0.0,94.6,0.0
72.3,0.0,97.3,0.0
82.2,0.0,96.2,0.0
66.7,0.0,97.7,0.0
57.45,1.5500000000000007,96.4,0.8999999999999986
82.45,2.450000000000003,97.15,1.5500000000000043
72.76666666666667,5.815114406059059,97.73333333333333,1.0208928554075705
71.86666666666666,3.145720196641075,96.3,1.2355835328567113
68.7,0.0,98.6,0.0
67.2,0.20000000000000284,98.25,1.75
87.7,0.0,95.0,0.0
73.6,0.0,98.6,0.0
56.4,0.0,96.9,0.0
67.4,0.0,94.3,0.0
69.4,0.0,97.2,0.0
70.5,2.4000000000000057,96.30000000000001,0.3999999999999986
88.2,2.5,98.30000000000001,0.6000000000000014
67.85,11.249999999999996,95.0,1.2999999999999972
73.8,2.799999999999997,96.85,1.9499999999999957
73.3,14.299999999999997,97.2,0.0
68.45,4.950000000000003,95.05,0.75
60.8,0.0,99.9,0.0
69.85,3.9499999999999957,96.4,1.3000000000000043
84.9,0.0,99.5,0.0
86.3,0.0,95.3,0.0
79.96666666666665,13.29569688115503,97.0,0.5715476066494064
81.5,0.0,96.9,0.0
66.35,2.3500000000000014,96.65,0.9499999999999957
78.3,0.0,95.5,0.0
61.9,9.899999999999999,97.9,0.8999999999999986
70.9,0.0,99.4,0.0
73.7,0.0,94.3,0.0
67.3,9.930088955627072,95.8,1.704894913672587
71.4,0.0,99.4,0.0
74.9,0.0,96.4,0.0
77.65,3.25,96.94999999999999,0.8500000000000014
76.63333333333334,4.6913632228691196,97.06666666666666,1.7518244457961232
70.2,0.29999999999999716,96.35,1.8500000000000014
64.2,0.0,92.8,0.0
75.3,0.0,98.2,0.0
62.1,0.0,95.9,0.0
74.7,1.2000000000000028,98.75,1.25
86.8,0.0,96.5,0.0
82.2,0.0,98.4,0.0
60.4,0.0,98.0,0.0
67.4,0.0,95.5,0.0
74.9,0.0,97.1,0.0
73.7,0.0,97.9,0.0
79.3,0.0,97.1,0.0
76.0,1.5999999999999943,96.85,1.3500000000000014
66.7,0.0,96.5,0.0
65.8,0.0,94.9,0.0
68.1,0.0,96.6,0.0
67.19999999999999,0.6000000000000014,98.1,0.30000000000000426
75.65,2.1499999999999986,93.80000000000001,1.3999999999999986
86.0,0.0,96.8,0.0
68.3,0.0,98.5,0.0
65.0,0.0,99.1,0.0
69.95,11.75,95.75,0.8499999999999943
66.25,3.150000000000002,97.25,0.45000000000000284
70.75,0.3499999999999943,96.0,0.29999999999999716
75.0,0.0,95.0,0.0
75.7,0.0,95.2,0.0
64.1,0.0,95.9,0.0
72.95,6.549999999999997,96.15,0.05000000000000426
75.6,0.0,95.9,0.0
78.8,0.0,96.1,0.0
62.35,8.149999999999999,97.25,0.3499999999999943
74.5,0.0,95.6,0.0
79.9,0.0,98.0,0.0
68.2,0.0,95.8,0.0
79.0,0.0,97.1,0.0
71.0,0.0,97.6,0.0
75.6,0.0,98.3,0.0
73.1,0.0,100.0,0.0
90.3,0.0,98.2,0.0
67.85,0.14999999999999858,96.7,0.7999999999999972
62.3,6.400000000000002,97.35,1.5500000000000043
67.9,3.6000000000000014,97.44999999999999,1.1499999999999986
73.3,0.0,93.9,0.0
70.55000000000001,1.6499999999999986,98.35,1.3500000000000014
63.7,0.0,97.7,0.0
78.87499999999999,10.16719602447007,96.17500000000001,1.5642490210960673
65.8,0.0,96.8,0.0
76.0,0.0,99.5,0.0
72.8,0.0,98.2,0.0
87.2,0.0,94.0,0.0
73.05,0.45000000000000284,97.55,0.75
72.8,0.0,97.7,0.0
60.4,0.0,98.8,0.0
67.85,8.850000000000001,97.25,0.8499999999999943
67.2,0.0,98.3,0.0
65.39999999999999,6.011655346075658,96.39999999999999,1.7281975195754298
67.8,0.0,95.9,0.0
74.65,3.0500000000000043,98.5,1.0999999999999943
77.85,4.75,97.3,1.5
65.1,0.0,95.7,0.0
64.0,0.0,96.0,0.0
75.2,0.0,99.6,0.0
71.6,0.0,97.9,0.0
63.6,0.0,96.6,0.0
78.85,1.1499999999999986,97.3,0.7000000000000028
69.4,0.0,96.4,0.0
79.25,4.450000000000003,97.2,0.20000000000000284
84.9,0.0,95.7,0.0
82.60000000000001,4.459446901429218,97.23333333333333,0.7363574011458162
80.25,8.75,96.7,1.2999999999999972
69.2,0.0,100.0,0.0
70.9,0.0,97.1,0.0
73.3,18.0,96.55000000000001,0.8500000000000014
69.5,0.0,100.0,0.0
72.36666666666666,10.326772110501047,96.96666666666665,1.4055445761538714
74.3,0.0,97.7,0.0
46.3,0.0,99.0,0.0
66.15,0.75,96.6,0.19999999999999576
85.0,0.0,96.4,0.0
71.05000000000001,1.8500000000000014,97.94999999999999,0.8500000000000014
68.8,9.400000000000002,97.5,2.0
71.6,5.800000000000003,98.80000000000001,0.3999999999999986
65.5,5.400000000000002,95.05,0.04999999999999716
71.3,6.200000000000003,97.15,0.5500000000000043
76.5,0.0,94.3,0.0
72.65,4.050000000000004,95.25,0.9500000000000028
78.1,7.0,97.2,0.29999999999999716
70.6,0.0,96.6,0.0
46.0,0.0,99.6,0.0
68.25,6.75,99.2,0.7999999999999972
76.3,0.0,96.2,0.0
67.8,0.0,95.3,0.0
64.0,0.0,99.2,0.0
91.7,0.0,96.5,0.0
69.2,0.0,95.7,0.0
65.1,0.0,95.7,0.0
62.2,0.0,96.6,0.0
66.7,0.0,96.0,0.0
73.3,1.0,97.5,0.5999999999999943
78.95,6.25,97.85,0.44999999999999574
60.8,0.0,98.4,0.0
61.15,2.25,97.8,0.7000000000000028
58.75,3.75,97.6,0.6000000000000014
82.65,1.75,96.25,1.1500000000000057
77.3,0.0,95.2,0.0
69.1,0.0,95.9,0.0
85.0,0.0,99.2,0.0
73.5,0.0,98.1,0.0
77.93333333333334,3.795904225463135,97.03333333333335,1.3695092389449448
68.1,0.0,94.2,0.0
80.5,0.20000000000000284,96.75,0.04999999999999716
60.25,5.049999999999997,98.19999999999999,1.3999999999999986
67.0,0.0,97.3,0.0
73.1,0.0,96.5,0.0
58.5,0.0,95.9,0.0
71.6,0.0,98.0,0.0
72.9,0.0,96.7,0.0
77.7,0.0,94.8,0.0
63.4,0.0,97.9,0.0
76.8,0.0,95.7,0.0
67.8,0.0,98.4,0.0
79.5,1.0999999999999943,96.35,0.44999999999999574
73.175,6.2086129690938225,97.24999999999999,0.9836157786452967
76.7,0.0,96.0,0.0
74.5,0.0,96.6,0.0
81.3,0.0,96.7,0.0
55.2,0.0,96.8,0.0
72.6,0.0,99.6,0.0
74.55000000000001,4.350000000000001,96.3,0.5
73.5,0.0,98.3,0.0
75.05000000000001,0.14999999999999858,98.3,0.20000000000000284
78.0,0.0,100.0,0.0
68.25,3.6500000000000057,96.30000000000001,0.10000000000000142
81.8,2.799999999999997,97.35,0.5500000000000043
63.6,0.0,97.2,0.0
73.4,8.699999999999996,97.4,0.8000000000000043
70.9,0.0,97.7,0.0
82.55,2.450000000000003,97.15,1.4499999999999957
61.8,0.0,96.5,0.0
62.5,0.0,96.3,0.0
66.25,0.5499999999999972,98.6,0.6000000000000014
69.4,0.0,96.3,0.0
73.2,0.0,92.9,0.0
86.9,17.5,97.9,0.30000000000000426
75.6,0.3999999999999986,97.95,0.25
78.8,0.0,97.7,0.0
71.0,0.0,96.3,0.0
71.3,0.0,98.2,0.0
74.4,8.541955279676895,96.475,1.2028611723719427
71.8,0.0,96.2,0.0
74.8,0.0,99.9,0.0
77.9,0.0,97.8,0.0
83.7,0.0,96.7,0.0
70.8,0.0,97.7,0.0
66.0,0.0,95.4,0.0
80.6,0.0,97.7,0.0
71.1,0.0,96.6,0.0
71.75,5.450000000000003,97.0,0.0
87.5,0.0,97.0,0.0
79.6,0.0,96.3,0.0
70.4,0.0,100.0,0.0
73.1,4.199999999999996,97.35,0.05000000000000426
79.8,0.0,93.9,0.0
78.05000000000001,5.850000000000001,97.4,1.8999999999999986
70.25,7.25,95.65,0.9499999999999957
87.3,0.0,97.2,0.0
70.8,0.0,96.2,0.0
72.7,0.0,97.5,0.0
70.2,0.0,95.2,0.0
72.1,0.0,98.2,0.0
67.9,0.0,95.9,0.0
74.7,0.0,100.0,0.0
74.8,0.0,95.0,0.0
60.25,5.450000000000003,96.05,0.25
58.5,0.0,96.1,0.0
67.35,1.8500000000000014,95.9,0.10000000000000142
57.1,0.0,94.9,0.0
74.6,0.0,98.8,0.0
75.5,3.9000000000000057,98.65,1.1499999999999986
77.7,0.0,97.3,0.0
67.7,0.0,97.9,0.0
72.2,5.5,97.55000000000001,0.6499999999999986
65.44999999999999,0.3500000000000014,95.85,0.6499999999999986
75.7,0.0,98.9,0.0
65.8,0.0,98.3,0.0
73.45,2.75,96.69999999999999,0.10000000000000142
57.4,0.0,97.6,0.0
58.96666666666667,5.484726266845249,97.3,1.283225103661347
60.5,0.0,96.0,0.0
71.6,5.199999999999996,96.75,0.9500000000000028
81.3,0.0,97.9,0.0
74.26666666666667,7.858046124125823,97.83333333333333,1.7556258776351579
85.7,0.0,93.9,0.0
79.6,0.0,96.7,0.0
75.36666666666667,8.663460945578018,97.0,1.2727922061357868
62.9,0.0,99.0,0.0
72.3,0.0,98.0,0.0
51.2,0.0,97.6,0.0
91.1,0.0,98.2,0.0
73.03333333333333,5.342492135906447,97.13333333333333,0.6944222218666565
62.2,0.0,96.2,0.0
75.19999999999999,5.600000000000001,97.9,1.0
77.3,0.0,97.7,0.0
69.16666666666667,9.058452161134127,98.26666666666667,0.6128258770283411
74.9,0.0,97.2,0.0
83.8,0.0,97.5,0.0
77.9,0.0,99.7,0.0
73.76666666666667,5.350597059103678,96.43333333333334,1.759419096052885
66.7,0.0,96.8,0.0
65.1,0.0,98.0,0.0
72.55000000000001,4.850000000000001,97.15,0.44999999999999574
86.6,0.0,97.2,0.0
63.95,0.05000000000000071,95.95,0.5499999999999972
63.1,2.8000000000000043,95.69999999999999,0.10000000000000142
80.8,0.0,96.8,0.0
59.7,0.0,96.0,0.0
75.0,3.5,99.5,0.5
74.60000000000001,1.3366625103842293,95.13333333333333,0.9285592184789433
72.0,0.0,98.5,0.0
71.5,3.700000000000003,98.05000000000001,1.1499999999999986
60.3,0.0,98.7,0.0
72.1,4.800000000000004,97.9,0.5
68.4,0.0,96.7,0.0
71.9,11.8,98.15,0.05000000000000426
72.9,0.0,96.4,0.0
75.6,0.0,98.3,0.0
86.4,0.0,95.2,0.0
59.0,0.20000000000000284,96.05,1.0499999999999972
68.1,0.0,97.3,0.0
57.2,0.0,94.5,0.0
69.0,0.09999999999999432,98.75,1.25
71.1,0.0,98.5,0.0
56.5,0.0,97.4,0.0
72.19999999999999,3.6000000000000014,95.94999999999999,1.6499999999999986
77.1,7.5,98.3,0.20000000000000284
78.95,8.049999999999997,96.55,1.4500000000000028
71.75,5.349999999999994,97.94999999999999,0.3500000000000014
65.8,0.0,100.0,0.0
71.8,0.0,96.7,0.0
67.55,5.75,97.45,0.5499999999999972
71.9,5.0,98.15,0.3500000000000014
64.0,0.0,99.7,0.0
76.39999999999999,5.266877632905479,95.76666666666667,1.8153665072253444
69.9,0.0,96.7,0.0
69.35,1.8500000000000014,96.4,0.6000000000000014
67.3,8.0,96.25,1.4500000000000028
76.1,0.0,95.8,0.0
75.5,0.0,95.9,0.0
81.9,1.0,96.94999999999999,2.3500000000000014
74.3,0.0,97.5,0.0
83.30000000000001,3.3999999999999986,97.75,0.8499999999999943
72.2,0.0,97.6,0.0
79.1,0.3999999999999986,97.6,1.1999999999999957
77.7,9.38118684744455,96.73333333333333,1.6048537489614305
73.45,0.25,98.30000000000001,1.3999999999999986
71.0,0.0,98.8,0.0
69.3,1.0,98.25,0.25
84.2,0.0,96.6,0.0
83.7,0.0,96.5,0.0
59.7,0.0,94.5,0.0
83.6,2.1000000000000014,96.5,0.4000000000000057
68.35,7.850000000000001,98.4,1.5
77.3,0.0,97.6,0.0
73.15,9.649999999999999,96.55000000000001,1.3500000000000014
67.86666666666666,7.42847374783153,98.60000000000001,0.08164965809277376
66.6,3.1999999999999993,97.9,2.1000000000000014
72.2,0.0,100.0,0.0
66.53333333333335,1.1145502331533672,97.0,1.3928388277184165
69.7,5.200000000000003,98.25,0.25
65.6,0.0,98.7,0.0
83.1,0.0,96.6,0.0
59.9,0.0,95.6,0.0
78.2,0.0,96.4,0.0
74.4,0.0,100.0,0.0
70.2,0.0,93.5,0.0
73.0,7.7773174466950135,97.53333333333335,0.6128258770283411
78.25,1.25,96.9,0.30000000000000426
72.66666666666667,8.435770398856418,97.3,0.7874007874011802
72.8,0.0,96.6,0.0
85.6,0.0,96.9,0.0
72.1,0.0,97.1,0.0
79.15,1.25,97.3,0.29999999999999716
74.39999999999999,3.073543015262139,95.66666666666667,1.4290634073484012
72.6,0.0,97.0,0.0
75.8,0.0,96.7,0.0
69.5,8.200000000000003,98.2,0.7999999999999972
86.75,9.349999999999994,96.1,2.3000000000000043
69.65,6.2500000000000036,95.15,0.6499999999999986
72.9,4.699999999999996,99.25,0.5499999999999972
72.6,0.0,98.2,0.0
77.9,2.5,95.9,0.6000000000000014
75.30000000000001,5.600000000000001,97.45,0.45000000000000284
60.699999999999996,2.004993765576341,97.10000000000001,2.083266665599966
61.3,0.0,97.7,0.0
70.9,3.8000000000000043,98.80000000000001,0.6000000000000014
68.23333333333333,3.5873233599564003,95.26666666666667,1.4055445761538667
57.5,0.0,99.4,0.0
66.9,0.0,95.9,0.0
75.15,0.14999999999999858,98.0,1.5
71.3,0.0,96.6,0.0
76.89999999999999,1.8672618098881215,96.03333333333335,1.7249798710580824
73.6,5.0,96.85,2.0500000000000043
69.6,0.0,97.0,0.0
73.4,0.0,96.0,0.0
85.1,0.0,100.0,0.0
77.30000000000001,0.10000000000000142,96.75,0.45000000000000284
81.6,0.0,95.3,0.0
69.1,0.0,98.2,0.0
77.4,0.0,100.0,0.0
69.1,0.0,97.3,0.0
77.1,2.0,96.55,0.45000000000000284
77.2,0.0,96.1,0.0
77.85,1.1499999999999986,97.1,1.3000000000000043
82.9,10.899999999999999,97.55000000000001,1.6499999999999986
76.3,1.2000000000000028,98.69999999999999,0.10000000000000142
78.4,0.0,95.0,0.0
58.1,0.0,95.7,0.0
75.8,0.0,100.0,0.0
70.83333333333333,9.413583566079158,96.86666666666667,0.7586537784494081
67.15,10.449999999999996,99.45,0.5499999999999972
82.0,0.0,97.9,0.0
74.6,0.0,95.7,0.0
70.0,0.0,96.1,0.0
65.4,0.0,98.2,0.0
74.7,0.0,98.8,0.0
70.25,5.292683629313201,97.5,1.238951169336385
70.9,5.300000000000004,96.95,1.75
79.4,0.0,94.5,0.0
75.35,6.75,96.9,0.8000000000000043
68.36666666666667,0.980929264637474,95.90000000000002,0.24494897427832127
75.5,0.0,95.6,0.0
80.1,0.0,100.0,0.0
77.89999999999999,12.612956301623608,94.73333333333335,0.6944222218666506
70.5,0.0,95.3,0.0
71.0,0.0,98.0,0.0
68.9,0.0,96.8,0.0
75.5,0.0,96.0,0.0
74.2,0.0,95.1,0.0
73.75,0.04999999999999716,96.9,0.8999999999999986
65.06666666666666,6.115735623963992,97.33333333333333,1.0143416036468587
86.7,0.0,98.4,0.0
79.1,0.0,95.0,0.0
67.3,0.0,97.8,0.0
72.1,0.0,97.0,0.0
80.4,0.0,95.6,0.0
61.650000000000006,1.0500000000000007,98.15,1.8500000000000014
73.4,0.0,97.7,0.0
83.4,0.0,97.7,0.0
74.55,5.450000000000003,96.80000000000001,1.6000000000000014
72.6,4.600000000000001,95.30000000000001,0.6000000000000014
75.7,1.2000000000000028,95.95,1.9500000000000028
77.3,5.299999999999997,96.6,1.8000000000000043
80.69999999999999,0.10000000000000142,96.75,2.1500000000000057
71.16666666666667,10.428273533470863,96.60000000000001,0.5354126134736324
71.9,0.0,95.1,0.0
74.69999999999999,10.399999999999999,96.55000000000001,0.14999999999999858
67.5,0.0,99.0,0.0
73.5,0.0,95.9,0.0
73.0,6.099999999999994,98.5,0.29999999999999716
81.5,0.0,95.4,0.0
79.7,0.0,96.7,0.0
74.0,0.0,97.3,0.0
78.3,0.0,98.9,0.0
79.7,0.0,96.8,0.0
82.1,0.0,96.2,0.0
75.55,5.25,97.0,0.4000000000000057
72.1,3.1000000000000014,97.85,1.9499999999999957
92.9,0.0,95.7,0.0
66.8,0.0,94.1,0.0
78.9,0.0,95.4,0.0
76.85,2.0500000000000043,96.9,0.10000000000000142
77.5,0.0,96.2,0.0
77.3,0.0,98.0,0.0
82.0,0.0,98.1,0.0
71.5,0.0,94.8,0.0
68.3,0.0,96.6,0.0
67.4,0.0,99.8,0.0
75.3,10.848041297856492,96.43333333333334,0.956846672960491
58.1,0.0,97.7,0.0
72.9,0.0,94.5,0.0
75.9,0.0,94.9,0.0
54.4,0.0,96.0,0.0
63.9,0.0,96.7,0.0
66.55,13.049999999999997,98.0,0.4000000000000057
79.2,0.0,97.1,0.0
61.0,0.0,94.0,0.0
84.2,0.0,94.3,0.0
66.2,0.0,96.1,0.0
80.89999999999999,0.5354126134736324,96.66666666666667,0.987702159335269
76.5,3.9000000000000057,96.1,2.0
80.2,0.0,97.5,0.0
67.8,0.0,99.1,0.0
87.4,0.0,98.0,0.0
72.7,3.799999999999997,97.45,0.9500000000000028
77.1,0.0,96.2,0.0
65.3,0.0,97.5,0.0
91.6,0.0,96.0,0.0
65.9,0.0,98.3,0.0
65.4,0.0,95.7,0.0
65.7,0.0,98.3,0.0
69.15,0.44999999999999574,97.85,0.44999999999999574
74.8,0.0,98.5,0.0
72.30000000000001,3.6000000000000014,97.0,0.7999999999999972
73.8,0.0,97.1,0.0
88.4,0.0,99.0,0.0
67.4,0.0,95.3,0.0
71.69999999999999,5.899999999999999,94.55000000000001,0.3500000000000014
78.2,0.0,94.8,0.0
73.3,0.0,97.3,0.0
72.9,6.699999999999996,97.85,0.05000000000000426
60.2,0.0,96.4,0.0
75.0,2.200000000000003,97.05000000000001,0.14999999999999858
68.65,3.1499999999999986,98.1,1.8000000000000043
70.0,14.200000000000003,96.3,0.29999999999999716
70.0,4.299999999999997,97.05,0.25
69.2,10.700000000000003,96.80000000000001,0.10000000000000142
74.6,0.0,96.4,0.0
65.0,6.299999999999997,98.4,1.5
72.9,2.0,97.19999999999999,1.3999999999999986
69.9,0.0,97.4,0.0
66.65,13.750000000000004,97.1,0.0
71.0,0.0,97.0,0.0
76.75,6.450000000000003,96.1,0.10000000000000142
77.0,0.0,95.9,0.0
78.1,0.0,96.7,0.0
64.69999999999999,8.899999999999999,97.05000000000001,1.3500000000000014
83.75,2.1500000000000057,96.55000000000001,0.14999999999999858
67.56666666666666,7.484354050654977,97.0,0.35590260840104343
79.65,3.9499999999999957,99.3,0.7000000000000028
76.9,0.0,96.4,0.0
96.9,0.0,97.3,0.0
70.4,0.0,96.4,0.0
60.5,0.0,95.2,0.0
70.3,0.0,96.7,0.0
69.9,0.0,97.1,0.0
72.9,0.0,97.3,0.0
76.4,1.6999999999999957,96.95,0.5499999999999972
74.25,0.6500000000000057,94.69999999999999,1.3999999999999986
70.0,8.131830462243215,96.26666666666665,1.0402991022884833
71.9,0.0,97.7,0.0
69.5,0.0,96.5,0.0
68.4,0.0,97.1,0.0
73.25,4.450000000000003,96.1,1.3999999999999986
73.9,3.3000000000000043,96.65,1.6499999999999986
84.2,0.0,99.0,0.0
71.4,0.0,99.1,0.0
69.0,0.0,100.0,0.0
68.8,0.0,97.5,0.0
70.55,9.75,97.75,0.04999999999999716
86.0,0.0,96.1,0.0
74.6,5.100000000000001,95.9,2.0
71.6,0.0,97.6,0.0
66.5,0.0,99.7,0.0
84.9,0.0,97.9,0.0
64.0,0.0,97.1,0.0
59.5,0.0,99.0,0.0
73.63333333333334,2.7450966386551032,95.66666666666667,1.0143416036468587
80.7,0.0,95.1,0.0
80.85,3.5500000000000043,96.25,2.549999999999997
62.4,0.0,95.1,0.0
74.9,0.0,97.0,0.0
78.0,0.0,96.3,0.0
58.3,0.0,99.0,0.0
71.0,5.477834121864832,98.8,0.8831760866327876
63.7,0.0,97.0,0.0
80.6,0.0,95.0,0.0
75.2,0.0,96.4,0.0
67.80000000000001,6.600000000000001,97.0,2.5999999999999943
67.0,0.0,94.6,0.0
70.03333333333333,4.034297405441937,98.06666666666666,0.8379870059984362
74.8,0.0,96.3,0.0
75.3,2.299999999999997,97.80000000000001,0.8999999999999986
67.6,0.0,95.8,0.0
66.5,0.0,95.7,0.0
75.9,0.0,98.5,0.0
68.35,2.0500000000000043,96.8,0.7000000000000028
59.1,0.0,96.6,0.0
76.1,4.399999999999999,97.75,0.3499999999999943
71.3,0.0,97.0,0.0
55.5,0.0,96.8,0.0
73.9,4.4860896112315904,96.94999999999999,0.9937303457175883
64.0,0.0,95.5,0.0
69.4,0.0,95.4,0.0
73.73333333333333,8.199728992811625,97.36666666666667,0.5792715732327615
66.26666666666667,4.4499687889042825,97.13333333333333,0.8219218670625303
74.45,5.049999999999997,98.45,1.0499999999999972
75.4,0.0,97.2,0.0
68.9,0.0,97.5,0.0
72.4,7.899999999999999,97.65,1.25
66.4,3.1999999999999957,97.9,0.6000000000000014
65.85,5.850000000000001,97.55000000000001,0.3500000000000014
68.9,0.0,97.3,0.0
59.4,0.0,98.3,0.0
68.65,9.05,98.0,0.5999999999999943
60.5,0.0,96.8,0.0
84.80000000000001,1.6000000000000014,95.55,0.25
70.4,5.300000000000004,96.75,1.6500000000000057
66.3,0.0,97.2,0.0
53.2,0.0,98.8,0.0
73.8,0.0,95.7,0.0
64.26666666666667,2.013840995599092,96.03333333333335,1.5107025591499559
66.1,4.399999999999999,97.2,2.0
79.5,0.0,96.4,0.0
71.0,0.0,98.3,0.0
66.0,2.299999999999997,96.75,0.5499999999999972
64.4,16.9,99.25,0.5499999999999972
79.0,0.0,98.3,0.0
73.2,0.0,98.3,0.0
58.599999999999994,5.4999999999999964,98.6,1.3999999999999986
72.4,4.600000000000001,97.05,0.75
78.9,0.0,98.4,0.0
67.1,9.2,97.80000000000001,0.3999999999999986
74.15,7.949999999999996,96.4,0.10000000000000142
73.7,9.8,97.2,1.5
70.3,0.0,97.7,0.0
69.2,0.0,97.7,0.0
64.5,0.0,94.8,0.0
86.0,0.0,96.0,0.0
78.8,0.0,95.1,0.0
67.55,1.5499999999999972,96.3,0.20000000000000284
81.0,0.0,100.0,0.0
66.9,0.0,96.2,0.0
83.85,1.3500000000000014,96.9,0.3999999999999986
79.3,0.0,96.7,0.0
79.3,0.0,97.2,0.0
59.3,0.0,96.3,0.0
66.8,0.0,96.5,0.0
73.30000000000001,10.600000000000001,97.05,1.75
60.4,0.0,98.3,0.0
57.1,0.0,96.7,0.0
61.9,0.0,97.1,0.0
68.93333333333334,8.992713099442733,96.10000000000001,1.344123010243731
71.94999999999999,4.800260409602795,97.225,1.2774486291041223
82.6,0.0,94.4,0.0
73.2,3.700000000000003,97.94999999999999,0.8500000000000014
76.6,0.0,97.9,0.0
67.35,3.0500000000000043,97.7,0.5
76.5,0.0,98.8,0.0
70.1,0.0,96.6,0.0
75.55000000000001,1.3500000000000014,95.6,0.5
77.1,0.0,96.8,0.0
76.8,0.0,95.6,0.0
77.0,0.0,97.7,0.0
73.80000000000001,0.8999999999999986,95.85,1.6499999999999986
67.7,4.892851929090027,96.23333333333333,1.4055445761538667
67.2,4.200000000000003,96.44999999999999,0.3500000000000014
68.75,3.450000000000003,98.1,0.10000000000000142
65.7,0.0,94.5,0.0
65.6,0.6000000000000014,97.0,1.7999999999999972
65.9,0.0,95.8,0.0
83.4,0.0,93.3,0.0
84.1,0.0,98.6,0.0
71.9,11.199999999999996,96.9,1.6000000000000014
72.5,2.0,97.75,0.75
86.7,0.0,96.7,0.0
80.7,0.0,97.3,0.0
75.3,0.0,99.0,0.0
69.75,7.75,95.6,1.6000000000000014
78.2,0.0,96.7,0.0
66.2,0.0,96.5,0.0
86.4,0.0,97.6,0.0
72.9,0.8000000000000043,96.65,0.6499999999999986
73.7,14.200000000000003,97.44999999999999,0.14999999999999858
86.0,0.0,96.9,0.0
81.83333333333334,2.4513035081133645,96.7,0.816496580927726
68.15,6.350000000000001,97.5,1.5999999999999943
51.5,0.0,98.5,0.0
83.2,0.0,98.0,0.0
73.3,0.0,98.8,0.0
67.89999999999999,6.001666435249465,96.63333333333333,0.9463379711052295
77.26666666666667,1.9136933459209795,97.63333333333333,0.4714045207910317
72.3,6.299999999999997,97.85,0.9499999999999957
69.9,0.0,96.9,0.0
62.5,0.0,95.4,0.0
66.9,0.8999999999999986,95.45,0.5499999999999972
67.45,2.450000000000003,95.55000000000001,0.14999999999999858
86.65,1.4499999999999957,97.25,0.25
61.0,0.6000000000000014,96.95,0.9500000000000028
59.5,0.0,97.1,0.0
73.9,6.699999999999996,96.5,0.4000000000000057
94.6,0.0,97.4,0.0
74.5,0.0,96.1,0.0
78.5,0.0,96.3,0.0
70.7,0.0,93.8,0.0
68.7,0.0,97.8,0.0
72.80000000000001,6.899999999999999,98.45,1.5499999999999972
65.9,0.0,96.1,0.0
69.0,0.0,99.7,0.0
67.2,0.0,95.6,0.0
75.75,1.8499999999999943,95.95,0.5499999999999972
74.1,0.0,96.0,0.0
66.55,5.049999999999997,96.25,0.45000000000000284
69.85,6.350000000000001,96.4,1.1999999999999957
84.94999999999999,2.1499999999999986,97.35,0.25
62.6,0.0,98.8,0.0
69.5,4.900000000000006,97.25,0.5499999999999972
73.25,9.650000000000002,96.19999999999999,0.8999999999999986
71.93333333333332,4.271871824960208,96.39999999999999,0.29439202887759586
70.4,0.0,96.7,0.0
62.8,0.0,96.7,0.0
69.4,0.0,96.7,0.0
78.85,14.25,97.85,2.0500000000000043
78.1,0.0,96.0,0.0
61.2,0.0,94.8,0.0
71.6,0.0,97.4,0.0
72.6,0.0,93.6,0.0
72.53333333333333,3.75972812255827,97.56666666666666,1.9430788855719574
70.7,0.0,98.1,0.0
68.4,7.1628672099004245,97.83333333333333,1.558489297008127
77.7,0.0,98.1,0.0
68.6,1.5,96.15,0.9499999999999957
64.5,0.0,95.5,0.0
62.7,0.0,97.3,0.0
76.8,0.0,99.4,0.0
61.0,0.0,96.7,0.0
75.3,0.0,96.7,0.0
59.3,0.0,100.0,0.0
78.75,3.950000000000003,97.69999999999999,1.6000000000000014
70.25,0.8499999999999943,98.25,1.25
66.7,0.0,97.2,0.0
78.23333333333333,8.544133790046962,98.06666666666668,0.956846672960491
75.3,1.6083117442419745,98.06666666666666,0.6798692684790365
78.6,0.0,98.1,0.0
80.8,0.0,93.6,0.0
67.76666666666667,6.402777175222915,96.93333333333334,1.3572848714334877
81.1,0.0,99.4,0.0
79.1,0.0,98.2,0.0
76.3,0.0,99.6,0.0
72.7,0.0,96.9,0.0
62.7,0.0,95.1,0.0
68.45,3.049999999999997,97.1,1.1999999999999957
88.5,0.0,99.1,0.0
81.4,0.0,96.9,0.0
66.6,3.6000000000000014,97.0,0.9000000000000057
63.5,0.0,98.0,0.0
73.2,0.0,98.3,0.0
74.7,0.0,98.8,0.0
65.8,0.0,95.0,0.0
66.7,0.0,96.8,0.0
72.0,0.0,96.9,0.0
67.66666666666667,4.860955553066586,98.0,0.35590260840104343
80.6,0.0,100.0,0.0
89.3,0.0,95.6,0.0
74.2,0.7000000000000028,98.3,0.20000000000000284
83.0,0.0,97.7,0.0
76.05000000000001,1.1499999999999986,97.8,0.7000000000000028
73.3,0.0,95.9,0.0
79.3,0.0,99.6,0.0
65.6,0.0,98.9,0.0
69.9,0.0,95.4,0.0
53.6,0.0,99.8,0.0
76.1,0.0,95.2,0.0
73.53333333333332,4.106363625182535,95.96666666666665,1.3474255287605164
84.6,0.0,96.3,0.0
83.8,0.0,96.4,0.0
80.23333333333333,4.271871824960209,97.39999999999999,1.8402898322456342
66.63333333333333,4.082755061094024,97.33333333333333,1.1585431464655167
61.85,5.550000000000004,96.0,2.0
74.5,6.900000000000006,97.55,1.4500000000000028
63.1,0.0,96.5,0.0
66.75,6.450000000000003,98.1,1.0
67.3,0.0,97.3,0.0
75.55000000000001,0.3500000000000014,98.05000000000001,0.3500000000000014
70.75,2.25,97.55,0.75
84.3,0.0,99.8,0.0
70.75,7.00053569378801,97.15,2.332916629457641
73.6,6.800000000000003,96.25,0.04999999999999716
72.2,0.0,95.4,0.0
74.8,0.0,94.6,0.0
77.3,0.0,97.6,0.0
71.9,0.0,97.8,0.0
62.8,5.0,99.0,0.20000000000000284
71.43333333333332,2.094967514996089,98.0,0.9899494936611634
61.0,0.0,97.2,0.0
72.8,0.0,96.2,0.0
77.4,0.0,97.5,0.0
71.8,0.0,98.6,0.0
78.2,0.0,97.1,0.0
77.4,0.0,96.8,0.0
63.1,0.0,96.6,0.0
68.2,0.0,96.8,0.0
71.7,3.700000000000003,96.1,0.19999999999999576
71.44999999999999,3.8500000000000014,96.4,0.19999999999999576
63.3,0.0,96.7,0.0
74.7,0.0,95.4,0.0
66.85,0.3500000000000014,97.30000000000001,0.8999999999999986
74.0,0.0,97.0,0.0
74.0,0.0,95.7,0.0
76.83333333333333,4.6578488120113555,96.16666666666667,1.0873004286866748
81.7,0.0,95.9,0.0
80.9,0.0,99.0,0.0
78.7,6.798529252713414,97.60000000000001,0.37416573867739694
70.80000000000001,5.55652769272322,95.425,1.1583932838203075
61.6,0.0,97.5,0.0
68.9,3.3999999999999986,97.25,1.8499999999999943
67.4,0.8000000000000043,96.1,0.6000000000000014
74.4,10.199999999999996,97.15,0.3500000000000014
73.25,9.049999999999997,96.2,0.7999999999999972
73.93333333333334,14.183636894518823,96.8,2.2759613353482067
76.9,0.0,97.5,0.0
67.5,0.0,96.4,0.0
64.9,0.0,97.6,0.0
71.4,1.8000000000000043,97.55,0.04999999999999716
71.4,6.0,96.7,0.0
71.9,0.0,98.2,0.0
54.2,0.0,97.9,0.0
70.4,0.0,100.0,0.0
69.1,0.6999999999999957,97.4,1.8000000000000043
68.25,4.650000000000002,96.35,0.6499999999999986
71.3,0.0,98.1,0.0
72.1,0.0,95.3,0.0
73.35,4.449999999999996,97.9,1.5
69.2,0.0,94.8,0.0
71.8,0.0,96.1,0.0
65.1,0.0,95.4,0.0
78.7,0.0,95.5,0.0
68.6,0.0,95.9,0.0
69.55,8.049999999999997,95.45,1.25
67.2,0.0,95.6,0.0
74.5,0.0,100.0,0.0
79.9,0.0,96.3,0.0
71.8,0.0,96.2,0.0
68.2,0.0,99.4,0.0
76.0,0.0,99.3,0.0
71.1,0.0,97.0,0.0
54.9,0.0,100.0,0.0
77.5,0.0,95.7,0.0
74.35,3.1499999999999986,98.55,1.25
68.5,0.0,97.4,0.0
75.6,0.0,96.3,0.0
66.4,3.6000000000000014,98.19999999999999,0.3999999999999986
74.75,6.549999999999997,97.25,0.6500000000000057
81.3,0.0,94.4,0.0
80.6,0.0,95.9,0.0
75.2,3.898076448711594,97.125,1.600585830250909
59.2,0.0,97.2,0.0
83.75,0.25,96.35,0.8500000000000014
79.4,0.0,99.7,0.0
79.0,3.799999999999997,96.85,0.6499999999999986
69.6,0.0,96.7,0.0
64.0,8.900000000000002,96.2,0.5
77.0,0.0,98.5,0.0
81.1,0.0,94.7,0.0
72.33333333333333,3.857748335781147,98.8,1.1775681155103785
68.3,3.799999999999997,96.4,0.5
66.3,0.0,98.2,0.0
71.0,0.0,95.0,0.0
79.8,0.0,94.6,0.0
73.1,0.0,99.9,0.0
72.1,2.192411153654046,97.13333333333333,1.5839472494022273
61.2,0.0,97.7,0.0
91.1,0.0,94.6,0.0
67.0,0.0,98.7,0.0
65.2,0.0,96.5,0.0
70.9,0.0,97.8,0.0
71.30000000000001,7.600000000000001,95.5,1.0999999999999943
66.4,2.3000000000000043,96.15,2.0500000000000043
72.82499999999999,10.853426878179995,97.125,1.4376630342329881
77.3,3.299999999999997,98.05,1.5499999999999972
64.6,0.0,95.9,0.0
86.75,1.6500000000000057,96.7,1.2000000000000028
70.25,10.349999999999998,97.75,2.049999999999997
66.2,0.0,98.2,0.0
71.83333333333333,1.9293061504650377,97.36666666666667,0.44969125210773836
73.8,0.0,96.8,0.0
71.7,0.0,97.6,0.0
75.0,0.0,99.2,0.0
61.2,3.3000000000000007,97.4,0.10000000000000142
81.4,0.0,96.8,0.0
78.80000000000001,0.8999999999999986,96.85,0.05000000000000426
80.65,2.8500000000000014,98.65,0.25
67.0,0.0,96.6,0.0
67.0,0.0,99.2,0.0
74.66666666666667,7.721111031163554,97.60000000000001,1.2832251036613456
66.15,5.949999999999996,96.25,0.9500000000000028
73.55,4.450000000000003,97.3,1.0
86.9,0.0,96.6,0.0
71.9,10.8,97.8,0.0
69.4,0.0,97.9,0.0
72.0,0.0,93.3,0.0
83.65,5.75,96.3,0.20000000000000284
71.4,0.0,98.0,0.0
65.55,6.049999999999997,95.3,0.20000000000000284
93.8,0.0,97.4,0.0
73.6,5.699999999999996,95.4,0.3999999999999986
77.9,0.0,97.3,0.0
73.16666666666667,6.058786090372303,97.23333333333335,0.8498365855987975
67.5,0.0,99.9,0.0
73.39999999999999,0.9899494936611639,96.39999999999999,0.8041558721209905
73.15,4.25,95.35,0.75
67.15,0.8500000000000014,96.2,0.7999999999999972
79.66666666666667,7.763303993074653,96.23333333333335,1.5326085243430203
72.0,0.0,97.3,0.0
78.0,0.0,97.6,0.0
69.25,4.349999999999994,96.6,0.6999999999999957
76.30000000000001,8.441267677310085,96.325,1.2616952880945531
66.4,0.0,98.6,0.0
52.8,0.0,96.9,0.0
75.6,3.3000000000000043,96.69999999999999,1.8999999999999986
76.6,0.0,98.7,0.0
69.0,0.0,95.8,0.0
70.19999999999999,0.10000000000000142,94.65,0.25
71.3,0.0,98.4,0.0
69.4,0.0,99.1,0.0
80.43333333333334,9.647567338741696,97.40000000000002,1.6309506430300136
67.7,0.0,97.2,0.0
58.4,0.0,100.0,0.0
73.4,2.6000000000000014,97.45,1.0499999999999972
75.8,0.0,97.2,0.0
74.4,0.0,95.4,0.0
73.2,0.0,99.6,0.0
73.3,0.0,96.5,0.0
73.05000000000001,1.6499999999999986,97.85,1.0500000000000043
87.7,0.0,97.1,0.0
61.7,0.0,97.0,0.0
77.9,2.8999999999999986,96.5,1.2999999999999972
75.7,0.0,97.0,0.0
70.15,0.8500000000000014,97.0,0.9000000000000057
52.4,0.0,95.9,0.0
75.55000000000001,4.649999999999999,99.15,0.8500000000000014
71.49999999999999,5.198076567346812,97.2,1.363818169698584
73.2,0.0,95.3,0.0
74.5,2.700000000000003,97.69999999999999,1.3999999999999986
75.55,6.25,96.95,1.25
78.4,0.0,93.8,0.0
62.0,0.0,96.3,0.0
68.4,0.0,99.1,0.0
64.7,0.0,96.2,0.0
59.5,0.0,94.7,0.0
77.19999999999999,1.1000000000000014,97.1,0.3999999999999986
63.6,0.0,97.0,0.0
49.2,0.0,98.1,0.0
65.5,0.0,95.6,0.0
71.66666666666667,4.014418457953226,96.40000000000002,0.9273618495495722
69.0,2.799999999999997,96.35,0.44999999999999574
65.2,0.0,98.5,0.0
73.35,9.850000000000001,95.9,0.3999999999999986
68.1,0.0,97.5,0.0
65.3,1.0,97.3,1.0
68.0,0.0,98.0,0.0
71.6,0.0,96.3,0.0
79.5,0.0,97.8,0.0
80.2,0.0,99.2,0.0
69.9,3.8999999999999986,98.05,0.04999999999999716
64.5,0.0,96.5,0.0
74.8,0.0,96.6,0.0
66.5,4.400000000000002,98.1,0.6999999999999957
73.85,3.8500000000000014,96.2,0.29999999999999716
72.9,3.1999999999999957,97.4,1.1000000000000014
69.2,0.0,95.2,0.0
83.1,6.399999999999999,98.35,1.6499999999999986
72.8,1.5,96.75,0.15000000000000568
76.7,0.0,96.6,0.0
78.05,8.75,95.05000000000001,0.8500000000000014
79.2,0.0,96.2,0.0
66.9,0.0,97.0,0.0
80.0,0.0,97.6,0.0
60.8,0.0,93.3,0.0
60.7,0.0,98.2,0.0
77.4,7.100000000000001,97.85,1.6499999999999986
65.6,0.3999999999999986,96.7,1.5
75.25,3.6500000000000057,97.7,0.7000000000000028
75.6,0.0,98.5,0.0
78.95,5.450000000000003,97.75,1.5499999999999972
71.9,0.0,95.1,0.0
90.0,0.0,95.9,0.0
78.8,0.0,95.9,0.0
71.65,5.25,96.45,1.0499999999999972
81.0,0.0,95.8,0.0
75.35,12.95,96.35,1.0500000000000043
69.96666666666667,8.045840885547982,98.2,0.7348469228349522
68.8,0.0,96.4,0.0
67.5,0.0,95.5,0.0
73.06666666666668,4.555094827650558,96.83333333333333,2.3170862929310396
62.0,0.0,98.6,0.0
76.1,0.0,97.1,0.0
76.0,0.0,99.5,0.0
81.69999999999999,1.8999999999999986,96.1,0.6999999999999957
68.55000000000001,3.3500000000000014,96.35,0.44999999999999574
79.7,0.0,97.1,0.0
69.3,0.0,97.1,0.0
67.9,0.0,97.1,0.0
81.9,0.0,94.0,0.0
62.7,0.0,96.3,0.0
67.9,7.699999999999996,97.15,0.75
76.3,1.0,96.65,0.3500000000000014
77.8,0.0,97.5,0.0
65.5,3.599999999999998,95.25,0.04999999999999716
75.6,0.0,97.5,0.0
57.9,0.0,96.8,0.0
62.7,4.200000000000003,99.15,0.25
80.1,5.100000000000001,97.65,1.25
73.5,0.0,96.5,0.0
66.1,0.0,99.6,0.0
79.3,9.976973488989533,95.8,1.2961481396815728
76.6,9.5,97.75,1.0499999999999972
75.30000000000001,1.1000000000000014,97.5,0.29999999999999716
65.4,0.0,97.6,0.0
79.9,0.0,94.4,0.0
65.9,0.0,97.5,0.0
74.7,0.0,98.1,0.0
64.3,0.0,96.0,0.0
76.0,0.0,96.3,0.0
72.75,0.04999999999999716,95.55,1.25
71.3,13.2,94.85,0.14999999999999858
66.6,0.0,95.5,0.0
72.6,0.0,96.8,0.0
84.8,0.0,96.8,0.0
68.3,0.0,96.2,0.0
74.5,0.0,97.7,0.0
66.0,0.0,98.2,0.0
61.5,0.0,96.2,0.0
74.95,7.049999999999997,97.6,0.3999999999999986
83.7,0.0,94.8,0.0
55.2,0.0,95.3,0.0
77.5,0.0,94.8,0.0
71.0,0.0,96.2,0.0
71.3,2.0,98.30000000000001,0.10000000000000142
80.5,0.0,96.2,0.0
85.7,0.0,97.3,0.0
82.2,0.0,96.0,0.0
87.1,0.0,94.7,0.0
74.6,0.0,98.2,0.0
70.9,0.0,95.2,0.0
77.5,0.0,96.1,0.0
74.5,0.0,97.7,0.0
65.15,0.6499999999999986,97.95,2.049999999999997
75.9,3.6999999999999957,95.94999999999999,1.8500000000000014
71.35,1.1499999999999986,97.0,1.5999999999999943
87.5,0.0,98.7,0.0
85.4,0.0,96.9,0.0
79.5,0.0,95.2,0.0
72.8,0.0,100.0,0.0
75.4,3.8000000000000043,97.2,0.29999999999999716
65.1,0.0,96.6,0.0
69.5,0.0,96.2,0.0
73.75,3.450000000000003,98.0,0.5
70.3,0.0,97.6,0.0
66.56666666666668,6.1004553564103325,98.36666666666667,1.1897712198383148
81.95,4.549999999999997,98.65,1.3500000000000014
68.75,9.549999999999997,97.05000000000001,0.14999999999999858
78.85,5.149999999999999,95.19999999999999,0.10000000000000142
72.6,0.0,98.3,0.0
72.66666666666666,4.543371239753825,97.63333333333333,1.0780641085864135
74.69999999999999,6.899999999999999,96.9,0.5
82.1,0.0,99.2,0.0
74.9,6.0,97.1,0.6000000000000014
70.9,0.0,99.1,0.0
72.6,0.0,97.9,0.0
77.1,0.0,97.2,0.0
69.9,0.0,96.6,0.0
65.8,6.199999999999999,96.45,0.04999999999999716
63.166666666666664,3.1436002007606234,97.36666666666667,0.44969125210773586
61.5,0.0,97.3,0.0
79.6,4.199999999999996,99.0,0.7999999999999972
77.8,0.0,97.4,0.0
70.8,3.200000000000003,95.95,0.5499999999999972
69.9,4.5,96.0,1.2000000000000028
82.65,3.0500000000000043,97.4,1.6000000000000014
87.4,0.0,96.0,0.0
74.4,6.399999999999999,97.05000000000001,0.8500000000000014
74.25,6.349999999999994,96.4,0.0
73.35,2.1499999999999986,98.4,0.8999999999999986
70.4,0.0,97.9,0.0
71.3,0.0,95.8,0.0
76.4,0.0,99.2,0.0
64.9,0.0,98.1,0.0
65.43333333333334,9.171089841937484,97.06666666666668,0.9741092797468346
71.2,8.031189202104505,97.56666666666668,1.4429907214608861
73.05,5.450000000000003,98.1,0.6000000000000014
70.15,1.6499999999999986,94.95,1.4500000000000028
70.66666666666667,9.572646214895626,97.10000000000001,1.1775681155103785
79.5,0.0,94.6,0.0
73.7,3.799999999999997,96.8,0.29999999999999716
80.0,4.700000000000003,97.9,0.6000000000000014
73.5,4.900000000000006,96.25,0.25
66.3,0.0,96.0,0.0
66.5,3.900000000000002,97.65,0.6499999999999986
69.9,2.1000000000000014,95.85,0.14999999999999858
71.8,0.0,96.0,0.0
71.4,0.0,98.1,0.0
85.9,0.0,98.5,0.0
76.3,0.0,97.2,0.0
79.80000000000001,2.6000000000000014,97.30000000000001,0.8999999999999986
71.9,10.699999999999996,96.25,1.1500000000000057
72.85,7.050000000000004,97.95,0.9500000000000028
68.9,0.0,99.6,0.0
79.2,0.0,96.0,0.0
78.25,8.650000000000006,96.05000000000001,1.3500000000000014
69.1,0.6999999999999957,95.1,0.6000000000000014
65.8,0.0,96.5,0.0
77.15,6.949999999999996,95.35,0.44999999999999574
73.5,0.0,97.9,0.0
70.86666666666667,1.9189117286165684,96.60000000000001,2.0607442021431615
86.3,0.0,97.9,0.0
59.1,0.0,97.5,0.0
68.1,0.0,96.7,0.0
50.3,0.0,97.0,0.0
63.1,0.0,98.3,0.0
59.2,0.0,97.5,0.0
57.5,0.0,95.5,0.0
73.1,3.6999999999999957,97.35,0.05000000000000426
69.4,1.3999999999999986,97.0,1.2999999999999972
81.1,0.0,96.4,0.0
78.9,0.0,97.9,0.0
69.5,3.9000000000000057,97.9,1.1999999999999957
78.4,0.0,95.8,0.0
70.3,0.0,99.4,0.0
68.8,10.0,95.25,0.15000000000000568
78.0,0.0,93.4,0.0
56.4,0.0,96.9,0.0
72.5,0.0,96.9,0.0
64.1,0.0,95.1,0.0
62.6,0.0,97.0,0.0
73.25,11.450000000000003,97.15,1.25
66.66666666666667,4.5183576170502,97.86666666666667,0.5436502143433345
79.8,0.0,95.0,0.0
63.7,0.0,94.4,0.0
70.4,5.800000000000003,95.94999999999999,0.3500000000000014
83.2,0.0,98.0,0.0
70.5,0.0,98.0,0.0
74.2,0.0,99.6,0.0
81.5,0.0,94.6,0.0
69.7,0.0,94.7,0.0
74.7,0.0,95.5,0.0
83.2,6.717638473948017,95.76666666666665,1.59652400197707
73.1,0.0,97.5,0.0
71.15,2.0500000000000043,95.65,0.8500000000000014
66.9,0.0,99.8,0.0
65.0,0.0,96.7,0.0
88.2,0.0,93.9,0.0
76.0,0.0,96.9,0.0
72.49999999999999,3.7532208390483337,96.53333333333332,0.5436502143433359
79.3,0.0,98.4,0.0
71.9,1.6000000000000014,94.65,1.3500000000000014
77.7,0.0,96.3,0.0
73.75,8.549999999999997,97.25,1.1500000000000057
68.80000000000001,3.6000000000000014,97.8,1.0
70.85,10.149999999999999,95.94999999999999,0.6499999999999986
75.5,0.0,96.9,0.0
80.1,4.600000000000001,97.0,1.2000000000000028
74.2,0.0,96.3,0.0
81.6,0.0,98.4,0.0
67.5,0.0,97.3,0.0
85.8,0.0,96.4,0.0
74.7,0.0,97.5,0.0
70.6,0.0,97.3,0.0
71.5,0.0,98.0,0.0
73.3,0.0,95.9,0.0
81.5,0.0,96.8,0.0
65.9,0.0,99.0,0.0
63.7,0.0,95.9,0.0
65.9,0.0,97.7,0.0
73.60000000000001,8.347854015653763,97.26666666666667,0.5249338582674549
66.9,0.0,98.4,0.0
67.1,0.0,97.2,0.0
81.6,0.0,96.4,0.0
58.3,0.0,96.1,0.0
67.8,7.258558167202813,97.60000000000001,1.7146428199482258
67.0,0.0,95.1,0.0
79.26666666666667,3.579882058889031,97.2,0.8524474568362969
72.1,0.0,97.4,0.0
78.85,16.35,95.94999999999999,0.3500000000000014
63.8,0.0,99.5,0.0
72.15,9.750000000000004,96.19999999999999,0.6000000000000014
77.4,0.0,97.1,0.0
66.6,0.0,95.5,0.0
71.25,2.450000000000003,96.45,1.0499999999999972
87.0,0.0,97.0,0.0
70.5,0.0,99.8,0.0
74.1,0.0,100.0,0.0
74.7,4.799999999999997,97.0,0.4000000000000057
73.4,0.0,96.3,0.0
81.7,0.0,96.9,0.0
72.6,0.0,96.5,0.0
72.8,0.5,95.9,0.3999999999999986
64.4,0.0,99.2,0.0
59.9,0.0,96.6,0.0
65.9,0.0,97.5,0.0
73.7,0.0,98.7,0.0
73.8,0.0,96.9,0.0
64.3,0.0,97.0,0.0
71.75,1.6500000000000057,96.45,0.9500000000000028
75.55,7.25,97.3,1.5
68.5,0.0,97.6,0.0
58.5,0.0,98.1,0.0
73.1,10.2,94.80000000000001,1.1000000000000014
74.5,0.0,97.3,0.0
77.56666666666666,1.5282524515130211,96.89999999999999,0.7118052168020909
73.3,0.0,96.9,0.0
89.5,0.0,96.4,0.0
65.55,10.95,96.6,1.8000000000000043
69.6,0.0,96.2,0.0
78.1,0.0,95.1,0.0
72.0,0.0,97.5,0.0
54.5,0.0,97.5,0.0
72.35,5.68044892592126,96.85,0.3570714214271431
68.9,0.0,94.9,0.0
70.8,0.0,95.9,0.0
68.25,5.450000000000003,97.4,1.1000000000000014
61.8,0.0,94.8,0.0
66.3,0.0,99.1,0.0
93.2,0.0,97.8,0.0
92.1,0.0,96.9,0.0
68.7,0.0,97.6,0.0
67.4,0.0,95.5,0.0
74.15,6.050000000000004,97.45,0.5499999999999972
58.3,0.0,98.5,0.0
69.0,0.0,95.3,0.0
72.83333333333333,0.6599663291074475,97.5,1.1775681155103785
74.33333333333333,8.267338682362597,97.13333333333333,0.9177266598624096
72.6,0.0,98.9,0.0
68.7,0.0,99.8,0.0
75.96666666666667,3.145720196641075,97.93333333333332,0.8339997335464501
76.5,0.0,99.4,0.0
68.3,0.0,95.3,0.0
64.3,3.1999999999999993,96.44999999999999,0.8500000000000014
65.0,0.0,95.2,0.0
70.5,0.0,96.8,0.0
74.33333333333333,1.4197026292697885,96.36666666666667,0.9533566430716769
75.2,0.0,98.2,0.0
77.375,8.972005071331603,96.125,0.5402545696243563
74.6,0.6999999999999957,98.2,1.5
79.3,0.0,99.4,0.0
74.3,4.900510177522337,96.75,1.4534441853748665
68.0,0.0,93.8,0.0
81.1,0.0,94.3,0.0
70.03333333333333,7.602777270328402,97.56666666666666,0.8576453553512381
60.1,3.5,97.55,2.049999999999997
68.5,0.0,98.2,0.0
84.9,0.0,97.1,0.0
72.0,0.0,98.0,0.0
76.76666666666667,5.17451017542294,97.73333333333333,0.6599663291074422
69.9,0.0,99.5,0.0
67.65,2.9499999999999957,96.85,0.05000000000000426
78.6,0.0,99.8,0.0
74.0,0.0,95.6,0.0
74.75,10.049999999999997,98.30000000000001,0.6000000000000014
75.2,2.0,95.95,0.25
70.86666666666666,7.3757862104471394,98.13333333333333,1.0656244908763841
73.5,0.0,94.7,0.0
83.0,0.0,97.3,0.0
71.7,0.0,100.0,0.0
61.7,0.0,99.3,0.0
74.15,7.75,98.8,0.7999999999999972
69.1,0.0,94.1,0.0
70.6,0.0,97.0,0.0
74.4,10.100000000000001,95.55,0.9500000000000028
68.85000000000001,10.275334544432116,97.125,0.2947456530637885
79.26666666666667,2.694851057521029,97.59999999999998,1.630950643030005
75.2,0.0,99.1,0.0
66.56666666666666,5.820271089524572,97.2,0.9416297927883638
77.9,1.6000000000000014,96.6,0.6000000000000014
61.5,1.0,96.9,0.6000000000000014
71.23333333333333,6.073073539997869,97.66666666666667,0.5557777333511014
68.4,7.5000000000000036,95.95,0.45000000000000284
77.8,0.0,97.1,0.0
67.35,1.5500000000000043,97.4,0.8000000000000043
74.9,0.0,97.6,0.0
79.8,0.0,94.9,0.0
68.125,9.650485739070339,96.825,0.7595228765481653
51.65,1.75,98.4,0.6999999999999957
71.3,6.0,98.5,0.20000000000000284
73.80000000000001,8.100000000000001,98.35,1.0500000000000043
70.6,0.0,99.0,0.0
79.6,1.8000000000000043,96.15,0.3500000000000014
79.5,0.0,96.0,0.0
69.2,7.599999999999998,96.85,1.4499999999999957
70.3,0.0,95.4,0.0
75.85,4.949999999999996,97.05000000000001,0.14999999999999858
75.33333333333333,7.480790213755649,97.56666666666666,1.8553226733434327
64.4,0.0,100.0,0.0
66.9,0.0,96.9,0.0
73.13333333333334,4.763985259796207,96.83333333333333,1.4383632673594284
66.7,0.0,97.0,0.0
70.4,0.0,95.9,0.0
77.0,0.0,97.9,0.0
61.3,0.0,95.9,0.0
61.6,0.0,98.6,0.0
87.9,0.0,96.8,0.0
63.349999999999994,3.7499999999999964,96.3,1.2000000000000028
69.4,1.5,96.4,0.10000000000000142
76.9,0.0,95.6,0.0
74.8,0.0,98.6,0.0
68.1,0.0,98.6,0.0
69.9,0.0,96.6,0.0
66.2,0.0,96.8,0.0
59.5,0.0,95.9,0.0
68.9,0.0,97.15,2.8500000000000014
66.4,0.0,95.7,0.0
72.375,7.142259796450979,96.75,0.6422616289332559
71.39999999999999,5.832666628567074,96.73333333333333,0.3299831645537235
76.0,5.0,98.35,0.5500000000000043
84.1,0.0,95.3,0.0
67.5,0.0,97.2,0.0
76.5,0.0,96.7,0.0
67.5,0.0,96.0,0.0
81.2,0.0,95.3,0.0
62.5,0.0,96.4,0.0
72.9,0.0,94.1,0.0
73.03333333333333,5.576338902501855,96.7,1.122497216032183
72.6,0.0,99.5,0.0
78.45,3.25,97.95,0.04999999999999716
59.5,0.0,96.3,0.0
67.0,0.0,98.5,0.0
74.55000000000001,0.8500000000000014,96.75,2.549999999999997
68.2,0.0,99.5,0.0
72.5,1.4000000000000057,96.6,0.30000000000000426
66.9,0.30000000000000426,95.2,1.5
50.7,0.0,96.4,0.0
68.2,0.0,97.4,0.0
69.0,0.0,97.0,0.0
71.05,9.049999999999997,97.35,0.75
70.4,0.0,95.6,0.0
65.63333333333334,5.648205221326703,97.66666666666667,0.6342099196813493
67.6,0.0,95.2,0.0
68.7,0.0,99.5,0.0
65.3,0.0,99.7,0.0
77.0,1.2999999999999972,98.7,0.7999999999999972
73.7,0.0,99.3,0.0
50.0,0.0,96.4,0.0
60.5,0.0,96.5,0.0
63.8,0.0,97.1,0.0
72.7,0.0,97.9,0.0
76.4,0.0,96.9,0.0
72.30000000000001,3.6000000000000014,96.0,0.5999999999999943
72.2,0.0,97.6,0.0
68.73333333333333,5.902730065166644,96.96666666666665,1.1025223605694163
73.13333333333334,2.5720722298480547,97.60000000000001,0.29439202887759586
85.7,0.0,95.5,0.0
86.3,0.0,97.8,0.0
72.6,7.0,97.19999999999999,0.10000000000000142
67.3,0.5,97.0,0.4000000000000057
67.725,5.216500263586691,97.19999999999999,1.5795568998931324
82.9,0.0,97.5,0.0
67.3,5.699999999999999,95.95,0.04999999999999716
75.69999999999999,2.3999999999999986,99.05000000000001,0.14999999999999858
75.9,0.0,97.3,0.0
68.6,3.1000000000000014,95.85,1.3500000000000014
72.3,0.0,96.4,0.0
80.3,0.0,93.8,0.0
62.4,0.0,98.4,0.0
73.1,5.5,97.35,2.6499999999999986
86.8,0.0,98.4,0.0
74.46666666666667,4.881484291574527,95.89999999999999,1.1313708498984787
85.9,0.0,97.8,0.0
60.0,0.0,97.6,0.0
79.1,0.0,95.5,0.0
77.5,0.0,97.7,0.0
71.95,7.950000000000003,98.2,1.2999999999999972
71.2,0.0,97.4,0.0
75.7,0.0,98.1,0.0
81.7,0.0,94.0,0.0
66.8,7.299999999999997,96.85,0.9499999999999957
71.5,0.0,99.8,0.0
74.0,0.0,99.6,0.0
71.0,0.0,95.6,0.0
64.75,1.5499999999999972,96.9,0.10000000000000142
62.9,0.0,97.7,0.0
64.4,0.0,99.4,0.0
80.5,0.0,96.3,0.0
68.3,3.0,97.55,0.9500000000000028
70.83333333333333,7.017280258207034,97.40000000000002,2.19696760710454
72.5,5.598214000911367,96.3,0.8524474568362969
72.1,0.19999999999999576,97.30000000000001,0.6000000000000014
76.4,0.0,99.7,0.0
61.5,0.0,97.1,0.0
78.65,3.3500000000000014,98.05,1.9500000000000028
77.3,3.5,96.1,0.8000000000000043
65.4,0.0,99.8,0.0
74.1,0.0,98.0,0.0
67.2,0.0,95.8,0.0
64.55,7.25,97.05,2.049999999999997
69.56666666666666,2.098147330914163,96.76666666666667,0.5312459150169788
66.3,0.0,98.1,0.0
55.9,10.899999999999999,96.45,1.4500000000000028
74.2,0.0,97.4,0.0
73.6,0.0,95.3,0.0
74.1,0.0,98.0,0.0
74.4,0.0,99.2,0.0
69.3,0.0,95.8,0.0
74.1,0.0,97.6,0.0
61.73333333333333,9.76194425079121,97.56666666666666,0.7760297817881899
71.6,2.8000000000000043,96.35,1.0500000000000043
87.1,7.0,94.95,0.5499999999999972
73.73333333333333,9.9546750602697,96.46666666666665,1.1085526098877232
70.1,0.0,96.3,0.0
78.45,6.549999999999997,97.35,0.25
54.9,0.0,94.9,0.0
45.0,0.0,96.4,0.0
70.16666666666667,8.112678691748835,96.13333333333333,0.6018490028422627
74.6,0.0,94.3,0.0
75.0,0.0,96.3,0.0
69.39999999999999,3.395094500402995,96.63333333333333,2.321398046197353
69.1,1.6000000000000014,96.35,0.5500000000000043
68.0,0.0,98.4,0.0
76.7,0.0,96.9,0.0
64.46666666666667,7.425332016519903,97.93333333333334,1.6739839372652938
71.2,1.7000000000000028,94.0,0.5
71.25,7.25,97.35,0.3500000000000014
68.5,9.299999999999997,95.5,0.5999999999999943
75.025,11.86030669923843,98.35,0.9861541461657993
67.0,0.0,96.5,0.0
71.2,0.0,97.8,0.0
65.30000000000001,6.600000000000001,95.0,0.20000000000000284
76.2,0.0,96.5,0.0
70.4,0.0,95.9,0.0
63.8,0.0,96.0,0.0
73.15,2.6499999999999986,98.35,0.44999999999999574
75.1,0.0,96.8,0.0
71.9,0.0,94.7,0.0
87.9,0.0,97.9,0.0
65.5,0.0,95.2,0.0
63.1,0.0,97.7,0.0
63.93333333333334,0.8178562764256894,96.26666666666667,1.2256517540566823
76.75,6.150000000000006,95.7,0.29999999999999716
69.7,0.0,98.3,0.0
73.7,0.0,98.1,0.0
83.53333333333333,2.904402788105596,97.8,1.8832595855767356
70.0,0.0,97.3,0.0
76.5,0.0,96.2,0.0
66.5,2.2686266036231424,96.83333333333333,0.6236095644623235
57.5,0.0,98.3,0.0
76.0,0.0,96.4,0.0
61.26666666666667,1.8190351532856328,96.39999999999999,0.616441400296898
70.5,0.0,95.3,0.0
71.1,0.0,97.6,0.0
74.5,2.0,97.69999999999999,1.6000000000000014
60.95,0.5500000000000007,94.94999999999999,0.14999999999999858
75.25,2.450000000000003,97.75,2.1500000000000057
59.2,0.0,95.5,0.0
64.6,0.0,98.4,0.0
61.9,4.899999999999999,95.25,1.1500000000000057
83.9,7.0,95.4,0.3999999999999986
82.5,0.0,97.6,0.0
73.35,11.249999999999996,96.4,0.8000000000000043
61.4,0.0,95.0,0.0
64.7,0.0,98.2,0.0
71.56666666666666,3.6380703065712687,96.5,0.6683312551921179
84.9,3.8000000000000043,96.6,1.1999999999999957
69.2,0.0,96.9,0.0
72.4,0.0,97.5,0.0
66.46666666666667,8.187117251443816,97.39999999999999,1.2027745701779131
77.1,13.899999999999999,97.65,1.4499999999999957
78.5,0.0,94.4,0.0
70.1,0.0,97.4,0.0
61.349999999999994,12.95,97.15,0.05000000000000426
72.3,4.4211612350904685,96.60000000000001,1.1575836902790246
69.55,3.25,98.7,1.2999999999999972
65.85,3.1499999999999986,95.65,0.05000000000000426
73.2,0.0,97.9,0.0
68.94999999999999,1.6499999999999986,95.1,0.30000000000000426
68.9,5.899999999999999,96.9,1.8000000000000043
70.8,0.0,96.2,0.0
78.75,0.3499999999999943,96.7,0.29999999999999716
65.5,0.0,97.6,0.0
71.85,8.850000000000001,96.75,0.75
75.1,0.0,97.7,0.0
58.8,0.5,97.3,1.2999999999999972
71.4,0.0,96.8,0.0
74.76666666666667,4.644949467492144,95.56666666666666,1.6006942938057314
88.1,0.0,95.9,0.0
77.8,0.20000000000000284,99.25,0.45000000000000284
67.7,0.0,97.5,0.0
77.825,7.497457902516021,97.02499999999999,1.7440971876589906
69.5,0.0,97.1,0.0
68.9,0.0,100.0,0.0
78.16666666666667,3.000370347510828,97.63333333333333,0.8993825042154706
74.05000000000001,2.1499999999999986,98.0,0.20000000000000284
71.9,4.199999999999996,99.05,0.25
78.6,0.0,96.4,0.0
72.3,2.799999999999997,98.75,0.5499999999999972
74.1,0.0,98.8,0.0
77.8,0.0,100.0,0.0
66.03333333333333,4.460443425888909,96.93333333333334,2.1746008573733455
72.3,0.0,95.6,0.0
70.93333333333334,7.472765366463894,97.26666666666665,1.7782638224465541
64.86666666666667,6.793297350248178,96.56666666666668,0.5312459150169728
67.2,0.0,96.8,0.0
66.0,0.0,96.7,0.0
66.9,0.0,96.4,0.0
70.33333333333333,8.3973540806349,97.06666666666666,0.5557777333511014
83.2,0.0,98.8,0.0
67.4,0.0,92.9,0.0
72.7,0.0,96.5,0.0
79.7,0.0,98.8,0.0
82.15,1.1499999999999986,95.69999999999999,0.6000000000000014
63.4,0.0,98.0,0.0
87.6,0.0,96.3,0.0
70.9,0.0,96.4,0.0
64.33333333333333,1.9344824171395851,96.73333333333333,1.3224556283251536
77.1,0.0,99.4,0.0
77.8,0.0,94.5,0.0
65.3,0.0,99.3,0.0
82.7,0.0,96.6,0.0
75.4,2.1999999999999957,96.55,0.04999999999999716
75.1,0.0,96.7,0.0
62.7,1.3000000000000007,98.2,0.7999999999999972
77.53333333333335,6.449978466802987,96.83333333333333,2.163844315615662
68.2,0.0,98.3,0.0
60.4,0.0,96.4,0.0
72.85,1.1499999999999986,94.8,0.20000000000000284
63.9,0.0,96.5,0.0
73.7,0.0,98.4,0.0
77.8,0.0,96.8,0.0
82.4,0.0,98.7,0.0
77.36666666666666,8.457869445407367,95.7,1.0801234497346435
68.3,0.0,95.1,0.0
67.03333333333333,2.85462587546755,96.8,1.630950643030007
80.7,0.0,98.4,0.0
69.7,0.0,99.7,0.0
74.05,3.450000000000003,96.3,1.0
64.3,0.0,96.9,0.0
82.7,0.0,98.9,0.0
72.35,1.4499999999999957,97.8,2.200000000000003
71.63333333333334,10.656557709796454,95.73333333333335,1.2710450643291782
65.83333333333333,4.748567035315906,97.76666666666667,0.30912061651652584
72.43333333333334,0.5249338582674549,97.09999999999998,1.7720045146669317
65.9,0.0,97.5,0.0
71.55,4.25,97.25,0.5499999999999972
78.3,0.0,96.0,0.0
77.46666666666667,5.118810625743271,97.0,0.4546060565661923
80.1,0.0,100.0,0.0
62.0,11.700000000000003,97.30000000000001,0.10000000000000142
78.0,0.0,98.5,0.0
88.0,0.0,98.1,0.0
74.9,4.899999999999999,97.75,0.25
80.7,0.0,96.5,0.0
75.5,0.0,97.0,0.0
62.65,3.9499999999999957,98.4,1.3000000000000043
78.0,0.0,95.1,0.0
69.8,0.0,100.0,0.0
65.95,4.950000000000003,95.1,0.19999999999999576
66.25,3.049999999999997,97.65,0.5500000000000043
77.9,0.0,96.6,0.0
88.8,0.0,97.2,0.0
74.6,0.0,99.5,0.0
77.1,0.0,99.1,0.0
82.8,0.0,95.8,0.0
72.93333333333334,8.473619192660372,95.83333333333333,0.2867441755680889
72.65,0.9499999999999957,97.25,1.25
68.05000000000001,7.350000000000001,97.3,0.29999999999999716
70.8,0.0,98.2,0.0
64.9,0.0,95.7,0.0
77.5,0.0,96.6,0.0
62.6,0.0,97.8,0.0
74.0,0.0,98.1,0.0
70.85,13.10753600033202,97.0,1.5700318468107568
81.2,0.0,96.5,0.0
71.5,4.799999999999997,97.25,0.45000000000000284
82.06666666666666,4.1120419366646646,97.5,1.435270009440732
86.0,0.0,97.3,0.0
76.8,0.0,94.3,0.0
61.4,0.0,96.5,0.0
79.7,0.0,96.1,0.0
61.45,14.450000000000003,98.05,0.9500000000000028
49.2,0.0,99.2,0.0
68.75,4.650000000000006,96.9,0.8000000000000043
80.8,0.0,94.9,0.0
73.65,8.149999999999999,98.2,0.7999999999999972
71.1,0.0,97.8,0.0
71.3,0.0,100.0,0.0
80.2,0.0,97.0,0.0
78.8,5.045790324617145,96.93333333333334,0.5436502143433345
68.35,2.1499999999999986,98.3,0.7999999999999972
66.25,0.45000000000000284,97.75,0.04999999999999716
64.0,10.200000000000003,97.35,0.05000000000000426
68.8,2.0,98.44999999999999,0.14999999999999858
63.6,0.0,98.8,0.0
68.6,0.0,96.3,0.0
76.2,4.799999999999997,99.05,0.9500000000000028
63.4,0.0,97.3,0.0
72.2,0.0,97.5,0.0
73.5,0.0,97.6,0.0
76.5,1.2000000000000028,96.9,0.8999999999999986
76.4,2.1999999999999957,96.95,0.9500000000000028
56.6,0.0,95.9,0.0
79.3,10.0,96.85,0.6499999999999986
68.10000000000001,7.857480512225276,96.96666666666665,0.7845734863959902
74.6,0.0,96.6,0.0
75.2,4.799999999999997,96.2,0.20000000000000284
84.1,0.0,94.8,0.0
71.0,0.0,97.4,0.0
65.89999999999999,4.17372735094184,97.36666666666667,1.3199326582148845
65.1,3.4999999999999964,97.75,0.5499999999999972
67.1,0.0,97.5,0.0
69.9,0.0,97.8,0.0
79.0,0.0,95.0,0.0
70.05,3.549999999999997,96.25,0.3499999999999943
74.6,0.0,97.4,0.0
67.0,0.0,96.3,0.0
56.6,6.600000000000001,97.55,0.5499999999999972
77.65,2.75,96.65,0.5500000000000043
66.7,0.0,99.0,0.0
84.4,0.0,96.9,0.0
65.7,0.0,95.6,0.0
58.8,0.0,96.5,0.0
82.1,0.0,95.1,0.0
66.0,0.0,96.0,0.0
69.5,0.0,96.3,0.0
67.5,0.0,94.4,0.0
71.6,0.0,97.1,0.0
63.8,0.0,98.9,0.0
64.0,0.0,97.7,0.0
55.8,0.0,96.8,0.0
67.1,0.0,97.1,0.0
77.6,0.0,97.1,0.0
69.55,7.949999999999999,96.4,0.3999999999999986
66.35,7.149999999999999,95.6,1.1999999999999957
82.0,0.0,96.0,0.0
71.1,4.600000000000001,95.85,2.3500000000000014
69.45,4.75,97.45,1.5499999999999972
65.6,0.0,95.2,0.0
77.33333333333333,5.471339466305814,97.13333333333333,0.4189935029992181
65.05,11.549999999999997,97.3,0.7000000000000028
78.5,0.0,95.3,0.0
73.5,0.0,95.2,0.0
73.9,0.0,99.5,0.0
73.3,0.0,97.5,0.0
84.8,0.0,97.0,0.0
74.1,0.0,97.4,0.0
62.8,0.0,98.9,0.0
78.19999999999999,0.6000000000000014,97.4,0.6999999999999957
77.6,0.0,100.0,0.0
70.9,0.0,94.4,0.0
75.2,0.0,96.8,0.0
77.4,0.0,98.8,0.0
72.44999999999999,5.649999999999999,97.6,0.8000000000000043
79.5,0.0,97.0,0.0
74.2,0.0,96.8,0.0
81.5,0.0,98.6,0.0
75.5,0.0,96.8,0.0
60.6,0.0,100.0,0.0
69.95,6.349999999999998,96.5,0.5
84.1,0.0,96.2,0.0
79.4,0.0,96.1,0.0
76.4,0.0,97.1,0.0
70.76666666666667,1.132352516764202,97.73333333333333,1.0842303978193715
77.1,9.199999999999996,95.69999999999999,0.10000000000000142
59.7,0.0,98.0,0.0
73.7,0.0,97.3,0.0
66.4,0.0,96.4,0.0
75.9,0.0,97.1,0.0
75.9,0.0,93.0,0.0
80.3,0.0,96.4,0.0
73.5,0.0,96.4,0.0
70.5,0.0,96.9,0.0
69.3,0.0,95.6,0.0
64.5,0.0,97.8,0.0
79.5,4.700000000000003,97.55000000000001,0.3500000000000014
78.65,3.5500000000000043,95.75,0.45000000000000284
67.6,0.0,99.2,0.0
79.3,0.0,97.7,0.0
57.4,0.0,97.7,0.0
78.3,0.0,96.0,0.0
63.2,0.0,97.9,0.0
60.1,0.0,97.8,0.0
65.6,0.0,97.3,0.0
64.0,0.0,96.9,0.0
84.9,0.0,98.5,0.0
73.63333333333334,7.875842106650497,96.83333333333333,0.6128258770283411
76.8,7.14469500165449,96.0,0.8831760866327876
64.2,4.700000000000003,97.25,0.5499999999999972
67.4,0.0,97.1,0.0
66.2,0.0,96.8,0.0
72.7,0.0,97.6,0.0
73.6,0.0,95.1,0.0
72.19999999999999,0.6000000000000014,97.7,0.7999999999999972
63.45,4.349999999999998,99.35,0.6499999999999986
87.8,0.0,97.8,0.0
78.5,0.0,97.2,0.0
75.0,5.981638571495275,96.93333333333334,1.1897712198383126
70.6,0.0,99.5,0.0
74.06666666666666,9.09590872621068,97.10000000000001,1.5297058540778385
79.0,0.0,97.2,0.0
61.2,0.0,94.8,0.0
71.8,0.0,97.4,0.0
71.7,0.0,95.5,0.0
60.15,2.6499999999999986,96.5,0.5999999999999943
82.15,4.449999999999996,98.05,0.75
73.1,0.0,97.6,0.0
67.95,8.349999999999998,97.2,0.20000000000000284
79.93333333333334,9.407916288365286,95.93333333333332,1.697710877099577
70.25,2.8499999999999943,97.25,1.5499999999999972
75.9,3.6999999999999957,96.25,0.6500000000000057
76.85,3.8500000000000014,97.2,1.5
80.0,0.0,96.0,0.0
71.15,0.9499999999999957,96.3,2.200000000000003
68.4,6.600000000000001,98.0,0.5
67.7,0.0,97.1,0.0
77.8,0.0,99.1,0.0
81.5,0.0,98.7,0.0
76.9,4.300000000000004,98.30000000000001,0.3999999999999986
72.7,0.0,95.4,0.0
81.2,0.0,96.4,0.0
79.5,0.0,95.4,0.0
70.5,0.0,94.7,0.0
65.8,0.0,95.0,0.0
83.4,0.0,99.2,0.0
82.2,0.0,94.0,0.0
67.25,7.75,97.8,0.7999999999999972
71.85,5.449999999999996,97.69999999999999,1.1000000000000014
78.7,0.0,96.8,0.0
62.0,0.0,99.6,0.0
60.15,8.350000000000001,97.3,1.2000000000000028
74.5,6.599999999999994,95.1,0.6000000000000014
70.1,0.0,96.8,0.0
74.15,4.449999999999996,98.15,1.4499999999999957
78.75,2.75,97.2,1.0
66.3,9.299999999999997,98.69999999999999,0.10000000000000142
70.5,1.2000000000000028,96.85,1.4499999999999957
74.4,0.0,99.0,0.0
57.1,0.0,98.2,0.0
68.6,1.1999999999999957,96.44999999999999,0.3500000000000014
70.1,0.5,95.2,0.5
68.95,1.25,98.15,0.5500000000000043
73.2,0.0,95.5,0.0
81.0,0.0,97.7,0.0
63.2,3.5,96.25,0.5499999999999972
79.03333333333333,5.24489169467673,95.66666666666667,0.40276819911982287
78.0,0.0,97.3,0.0
70.0,0.0,98.2,0.0
65.19999999999999,0.3999999999999986,96.65,1.0500000000000043
65.8,0.0,97.5,0.0
74.1,0.0,94.6,0.0
72.03333333333335,7.185324550003908,97.89999999999999,1.5769168230019817
64.8,0.0,98.5,0.0
62.1,0.0,100.0,0.0
89.8,0.0,100.0,0.0
59.400000000000006,3.3000000000000007,95.15,2.25
69.0,0.0,98.3,0.0
78.0,0.0,97.1,0.0
64.9,0.0,97.4,0.0
79.4,0.0,99.8,0.0
63.1,0.0,96.6,0.0
66.2,0.0,100.0,0.0
63.3,0.0,98.0,0.0
76.4,0.0,97.9,0.0
74.85,6.949999999999996,95.15,0.05000000000000426
72.2,0.0,96.5,0.0
61.1,0.0,96.7,0.0
66.0,0.0,97.3,0.0
69.69999999999999,3.8999999999999986,96.65,0.6499999999999986
72.3,0.0,98.3,0.0
71.30000000000001,5.080026246651353,95.83333333333333,0.6599663291074475
89.7,0.0,99.9,0.0
76.7,0.0,96.3,0.0
80.6,0.0,98.1,0.0
85.3,0.0,92.1,0.0
69.2,0.0,95.8,0.0
55.1,0.0,98.4,0.0
72.66666666666667,2.1669230617526725,96.40000000000002,0.16329931618554172
67.15,2.4499999999999957,97.0,0.20000000000000284
77.35,3.3500000000000014,96.55000000000001,0.14999999999999858
72.85,5.75,97.3,0.5
82.6,9.399999999999999,98.45,1.4500000000000028
62.4,0.0,98.1,0.0
73.0,0.0,96.4,0.0
69.30000000000001,2.1000000000000014,95.80000000000001,1.1000000000000014
73.0,10.088607436113273,97.23333333333333,1.675974011996871
74.25,3.25,98.44999999999999,0.14999999999999858
68.6,4.788179890800538,96.46666666666665,0.9809292646374796
74.0,6.900000000000006,96.19999999999999,0.3999999999999986
76.9,0.0,94.0,0.0
73.1,3.0,99.35,0.05000000000000426
74.0,0.0,97.2,0.0
79.8,3.799999999999997,96.45,0.75
71.2,9.599999999999998,97.45,1.0499999999999972
84.3,0.0,97.8,0.0
75.0,0.7000000000000028,96.19999999999999,0.3999999999999986
73.0,0.0,96.3,0.0
104.0,0.0,98.0,0.0
99.0,0.0,98.0,0.0
96.0,0.0,98.0,0.0
95.0,0.0,98.0,0.0
92.0,0.0,97.0,0.0
88.0,0.0,98.0,0.0
92.0,0.0,99.0,0.0
92.0,0.0,97.0,0.0
93.0,0.0,100.0,0.0
80.0,0.0,99.0,0.0
76.0,0.0,100.0,0.0
74.0,0.0,100.0,0.0
71.0,0.0,98.0,0.0
76.0,0.0,99.0,0.0
79.0,0.0,99.0,0.0
87.0,0.0,97.0,0.0
81.0,0.0,97.0,0.0
74.0,0.0,99.0,0.0
73.0,0.0,98.0,0.0
82.0,0.0,100.0,0.0
80.0,0.0,98.0,0.0
81.0,0.0,100.0,0.0
76.0,0.0,99.0,0.0
79.0,0.0,99.0,0.0
72.0,0.0,99.0,0.0
74.0,0.0,98.0,0.0
78.0,0.0,97.0,0.0
84.0,0.0,99.0,0.0
95.0,0.0,97.0,0.0
94.0,0.0,97.0,0.0
108.0,0.0,98.0,0.0
96.0,0.0,100.0,0.0
93.0,0.0,100.0,0.0
90.0,0.0,100.0,0.0
88.0,0.0,100.0,0.0
102.0,0.0,100.0,0.0
99.0,0.0,100.0,0.0
105.0,0.0,99.0,0.0
81.0,0.0,97.0,0.0
85.0,0.0,98.0,0.0
89.0,0.0,100.0,0.0
79.0,0.0,100.0,0.0
78.0,0.0,100.0,0.0
74.0,0.0,98.0,0.0
74.0,0.0,97.0,0.0
78.0,0.0,100.0,0.0
77.0,0.0,96.0,0.0
74.0,0.0,100.0,0.0
85.0,0.0,100.0,0.0
73.0,0.0,98.0,0.0
64.0,0.0,99.0,0.0
66.0,0.0,100.0,0.0
75.0,0.0,100.0,0.0
67.0,0.0,100.0,0.0
85.0,0.0,100.0,0.0
91.0,0.0,98.0,0.0
99.0,0.0,98.0,0.0
100.0,0.0,100.0,0.0
110.0,0.0,100.0,0.0
110.0,0.0,99.0,0.0
100.0,0.0,100.0,0.0
90.0,0.0,99.0,0.0
88.0,0.0,98.0,0.0
92.0,0.0,99.0,0.0
76.0,0.0,99.0,0.0
93.0,0.0,100.0,0.0
81.0,0.0,100.0,0.0
81.0,0.0,100.0,0.0
82.0,0.0,99.0,0.0
76.0,0.0,100.0,0.0
84.0,0.0,100.0,0.0
79.0,0.0,100.0,0.0
68.0,0.0,100.0,0.0
71.0,0.0,100.0,0.0
71.0,0.0,100.0,0.0
69.0,0.0,100.0,0.0
79.0,0.0,98.0,0.0
65.0,0.0,97.0,0.0
69.0,0.0,98.0,0.0
63.0,0.0,99.0,0.0
75.0,0.0,100.0,0.0
78.0,0.0,97.0,0.0
71.0,0.0,99.0,0.0
58.0,0.0,100.0,0.0
69.0,0.0,100.0,0.0
67.0,0.0,100.0,0.0
63.0,0.0,99.0,0.0
62.0,0.0,100.0,0.0
68.0,0.0,100.0,0.0
66.0,0.0,99.0,0.0
63.0,0.0,99.0,0.0
83.0,0.0,99.0,0.0
65.0,0.0,92.0,0.0
63.0,0.0,100.0,0.0
62.0,0.0,100.0,0.0
63.0,0.0,100.0,0.0
64.0,0.0,100.0,0.0
82.0,0.0,99.0,0.0
69.0,0.0,98.0,0.0
68.0,0.0,98.0,0.0
66.0,0.0,98.0,0.0
79.0,0.0,100.0,0.0
73.0,0.0,100.0,0.0
65.0,0.0,99.0,0.0
60.0,0.0,99.0,0.0
61.0,0.0,98.0,0.0
58.0,0.0,100.0,0.0
63.0,0.0,99.0,0.0
63.0,0.0,99.0,0.0
64.0,0.0,99.0,0.0
70.0,0.0,99.0,0.0
64.0,0.0,99.0,0.0
61.0,0.0,100.0,0.0
75.0,0.0,100.0,0.0
67.0,0.0,98.0,0.0
66.0,0.0,98.0,0.0
65.0,0.0,100.0,0.0
62.0,0.0,100.0,0.0
67.0,0.0,100.0,0.0
75.0,0.0,98.0,0.0
72.0,0.0,96.0,0.0
63.0,0.0,99.0,0.0
66.0,0.0,99.0,0.0
55.0,0.0,100.0,0.0
61.0,0.0,100.0,0.0
65.0,0.0,99.0,0.0
64.0,0.0,99.0,0.0
59.0,0.0,100.0,0.0
65.0,0.0,100.0,0.0
67.0,0.0,100.0,0.0
58.0,0.0,100.0,0.0
64.0,0.0,100.0,0.0
64.0,0.0,100.0,0.0
64.0,0.0,100.0,0.0
68.0,0.0,100.0,0.0
70.0,0.0,100.0,0.0
74.0,0.0,100.0,0.0
66.0,0.0,100.0,0.0
60.0,0.0,100.0,0.0
57.0,0.0,100.0,0.0
71.0,0.0,100.0,0.0
56.0,0.0,100.0,0.0
51.0,0.0,100.0,0.0
52.0,0.0,100.0,0.0
51.0,0.0,100.0,0.0
55.0,0.0,100.0,0.0
55.0,0.0,100.0,0.0
62.0,0.0,100.0,0.0
57.0,0.0,100.0,0.0
51.0,0.0,100.0,0.0
54.0,0.0,100.0,0.0
53.0,0.0,100.0,0.0
55.0,0.0,100.0,0.0
54.0,0.0,100.0,0.0
53.0,0.0,100.0,0.0
66.0,0.0,100.0,0.0
58.0,0.0,99.0,0.0
57.0,0.0,99.0,0.0
59.0,0.0,99.0,0.0
64.0,0.0,100.0,0.0
70.0,0.0,99.0,0.0
56.0,0.0,100.0,0.0
57.0,0.0,100.0,0.0
58.0,0.0,100.0,0.0
59.0,0.0,98.0,0.0
59.0,0.0,100.0,0.0
58.0,0.0,100.0,0.0
58.0,0.0,100.0,0.0
62.0,0.0,100.0,0.0
56.0,0.0,100.0,0.0
69.0,0.0,99.0,0.0
63.0,0.0,100.0,0.0
60.0,0.0,100.0,0.0
63.0,0.0,99.0,0.0
68.0,0.0,100.0,0.0
59.0,0.0,100.0,0.0
58.0,0.0,100.0,0.0
62.0,0.0,99.0,0.0
76.0,0.0,98.0,0.0
68.0,0.0,100.0,0.0
68.0,0.0,100.0,0.0
67.0,0.0,99.0,0.0
69.0,0.0,100.0,0.0
72.0,0.0,99.0,0.0
66.0,0.0,100.0,0.0
76.0,0.0,100.0,0.0
70.0,0.0,99.0,0.0
78.0,0.0,99.0,0.0
71.0,0.0,100.0,0.0
67.0,0.0,100.0,0.0
74.0,0.0,100.0,0.0
66.0,0.0,100.0,0.0
78.0,0.0,98.0,0.0
82.0,0.0,98.0,0.0
77.0,0.0,99.0,0.0
75.0,0.0,100.0,0.0
69.0,0.0,100.0,0.0
73.0,0.0,100.0,0.0
68.0,0.0,100.0,0.0
76.0,0.0,100.0,0.0
80.0,0.0,100.0,0.0
90.0,0.0,100.0,0.0
88.0,0.0,100.0,0.0
88.0,0.0,100.0,0.0
90.0,0.0,100.0,0.0
81.0,0.0,100.0,0.0
94.0,0.0,100.0,0.0
88.0,0.0,100.0,0.0
93.0,0.0,99.0,0.0
99.0,0.0,98.0,0.0
95.0,0.0,100.0,0.0
89.0,0.0,100.0,0.0
81.0,0.0,100.0,0.0
88.0,0.0,100.0,0.0
90.0,0.0,100.0,0.0
102.0,0.0,100.0,0.0
99.0,0.0,100.0,0.0
90.0,0.0,99.0,0.0
91.0,0.0,99.0,0.0
90.0,0.0,99.0,0.0
85.0,0.0,100.0,0.0
84.0,0.0,100.0,0.0
81.0,0.0,100.0,0.0
79.0,0.0,100.0,0.0
90.0,0.0,100.0,0.0
88.0,0.0,100.0,0.0
76.0,0.0,100.0,0.0
76.0,0.0,100.0,0.0
85.0,0.0,100.0,0.0
85.0,0.0,100.0,0.0
93.0,0.0,100.0,0.0
95.0,0.0,99.0,0.0
86.0,0.0,99.0,0.0
84.0,0.0,99.0,0.0
85.0,0.0,100.0,0.0
100.0,0.0,100.0,0.0
106.0,0.0,99.0,0.0
96.0,0.0,98.0,0.0
99.0,0.0,98.0,0.0
103.0,0.0,100.0,0.0
100.0,0.0,100.0,0.0
98.0,0.0,100.0,0.0
81.0,0.0,100.0,0.0
92.0,0.0,99.0,0.0
86.0,0.0,99.0,0.0
98.0,0.0,100.0,0.0
83.0,0.0,99.0,0.0
83.0,0.0,100.0,0.0
97.0,0.0,100.0,0.0
69.0,0.0,99.0,0.0
77.0,0.0,100.0,0.0
90.0,0.0,100.0,0.0
73.0,0.0,99.0,0.0
84.0,0.0,99.0,0.0
83.0,0.0,99.0,0.0
84.0,0.0,98.0,0.0
86.0,0.0,100.0,0.0
88.0,0.0,100.0,0.0
84.0,0.0,99.0,0.0
85.0,0.0,100.0,0.0
95.0,0.0,98.0,0.0
85.0,0.0,98.0,0.0
98.0,0.0,97.0,0.0
98.0,0.0,98.0,0.0
101.0,0.0,98.0,0.0
89.0,0.0,96.0,0.0
104.0,0.0,97.0,0.0
96.0,0.0,97.0,0.0
96.0,0.0,97.0,0.0
87.0,0.0,97.0,0.0
101.0,0.0,97.0,0.0
102.0,0.0,97.0,0.0
104.0,0.0,95.0,0.0
99.0,0.0,98.0,0.0
93.0,0.0,100.0,0.0
98.0,0.0,98.0,0.0
100.0,0.0,98.0,0.0
103.0,0.0,98.0,0.0
109.0,0.0,96.0,0.0
111.0,0.0,96.0,0.0
107.0,0.0,96.0,0.0
114.0,0.0,96.0,0.0
106.0,0.0,96.0,0.0
103.0,0.0,96.0,0.0
110.0,0.0,96.0,0.0
109.0,0.0,97.0,0.0
122.0,0.0,96.0,0.0
140.0,0.0,98.0,0.0
118.0,0.0,96.0,0.0
118.0,0.0,97.0,0.0
123.0,0.0,96.0,0.0
136.0,0.0,97.0,0.0
120.0,0.0,97.0,0.0
111.0,0.0,99.0,0.0
112.0,0.0,99.0,0.0
114.0,0.0,99.0,0.0
113.0,0.0,100.0,0.0
120.0,0.0,98.0,0.0
131.0,0.0,100.0,0.0
136.0,0.0,100.0,0.0
143.0,0.0,99.0,0.0
154.0,0.0,96.0,0.0
137.0,0.0,95.0,0.0
157.0,0.0,97.0,0.0
152.0,0.0,94.0,0.0
152.0,0.0,95.0,0.0
158.0,0.0,95.0,0.0
151.0,0.0,95.0,0.0
147.0,0.0,95.0,0.0
142.0,0.0,96.0,0.0
95.0,0.0,94.0,0.0
97.0,0.0,92.0,0.0
90.0,0.0,92.0,0.0
97.0,0.0,89.0,0.0
106.0,0.0,88.0,0.0
103.0,0.0,89.0,0.0
96.0,0.0,93.0,0.0
103.0,0.0,92.0,0.0
93.0,0.0,94.0,0.0
96.0,0.0,94.0,0.0
97.0,0.0,93.0,0.0
96.0,0.0,94.0,0.0
98.0,0.0,95.0,0.0
108.0,0.0,96.0,0.0
110.0,0.0,95.0,0.0
109.0,0.0,96.0,0.0
107.0,0.0,95.0,0.0
113.0,0.0,95.0,0.0
111.0,0.0,96.0,0.0
100.0,0.0,94.0,0.0
107.0,0.0,94.0,0.0
98.0,0.0,94.0,0.0
95.0,0.0,92.0,0.0
97.0,0.0,95.0,0.0
107.0,0.0,96.0,0.0
94.0,0.0,95.0,0.0
93.0,0.0,94.0,0.0
101.0,0.0,94.0,0.0
93.0,0.0,96.0,0.0
91.0,0.0,96.0,0.0
93.0,0.0,94.0,0.0
95.0,0.0,92.0,0.0
102.0,0.0,95.0,0.0
112.0,0.0,90.0,0.0
113.0,0.0,93.0,0.0
113.0,0.0,90.0,0.0
108.0,0.0,94.0,0.0
95.0,0.0,93.0,0.0
96.0,0.0,92.0,0.0
93.0,0.0,88.0,0.0
90.0,0.0,92.0,0.0
89.0,0.0,92.0,0.0
85.0,0.0,96.0,0.0
84.0,0.0,90.0,0.0
84.0,0.0,92.0,0.0
85.0,0.0,91.0,0.0
85.0,0.0,93.0,0.0
87.0,0.0,95.0,0.0
87.0,0.0,90.0,0.0
88.0,0.0,89.0,0.0
88.0,0.0,90.0,0.0
88.0,0.0,89.0,0.0
84.0,0.0,91.0,0.0
83.0,0.0,90.0,0.0
84.0,0.0,91.0,0.0
84.0,0.0,91.0,0.0
88.0,0.0,90.0,0.0
89.0,0.0,87.0,0.0
88.0,0.0,91.0,0.0
87.0,0.0,92.0,0.0
91.0,0.0,91.0,0.0
89.0,0.0,60.0,0.0
88.0,0.0,76.0,0.0
86.0,0.0,89.0,0.0
87.0,0.0,89.0,0.0
86.0,0.0,90.0,0.0
86.0,0.0,93.0,0.0
87.0,0.0,94.0,0.0
80.0,0.0,75.0,0.0
23.0,32.526911934581186,66.0,0.0
98.0,0.0,93.0,0.0
97.0,0.0,95.0,0.0
102.0,0.0,94.0,0.0
91.0,0.0,91.0,0.0
101.0,0.0,93.0,0.0
95.0,0.0,94.0,0.0
91.0,0.0,94.0,0.0
94.0,0.0,96.0,0.0
98.0,0.0,93.0,0.0
82.0,0.0,95.0,0.0
87.0,0.0,90.0,0.0
93.0,0.0,91.0,0.0
89.0,0.0,92.0,0.0
91.0,0.0,93.0,0.0
104.0,0.0,93.0,0.0
100.0,0.0,91.0,0.0
92.0,0.0,91.0,0.0
98.0,0.0,92.0,0.0
88.0,0.0,94.0,0.0
88.0,0.0,95.0,0.0
92.0,0.0,92.0,0.0
87.0,0.0,95.0,0.0
78.0,0.0,96.0,0.0
92.0,0.0,94.0,0.0
87.0,0.0,95.0,0.0
97.0,0.0,92.0,0.0
89.0,0.0,94.0,0.0
94.0,0.0,93.0,0.0
89.0,0.0,91.0,0.0
88.0,0.0,94.0,0.0
90.0,0.0,95.0,0.0
94.0,0.0,91.0,0.0
101.0,0.0,94.0,0.0
101.0,0.0,90.0,0.0
93.0,0.0,95.0,0.0
87.0,0.0,97.0,0.0
85.0,0.0,99.0,0.0
75.0,0.0,97.0,0.0
73.0,0.0,98.0,0.0
76.0,0.0,93.0,0.0
77.0,0.0,100.0,0.0
75.0,0.0,100.0,0.0
75.0,0.0,93.0,0.0
85.0,0.0,96.0,0.0
77.0,0.0,98.0,0.0
88.0,0.0,92.0,0.0
84.0,0.0,86.0,0.0
82.0,0.0,93.0,0.0
82.0,0.0,92.0,0.0
84.0,0.0,85.0,0.0
86.0,0.0,85.0,0.0
89.0,0.0,84.0,0.0
88.0,0.0,86.0,0.0
85.0,0.0,92.0,0.0
86.0,0.0,95.0,0.0
88.0,0.0,94.0,0.0
86.0,0.0,92.0,0.0
84.0,0.0,60.0,0.0
65.0,0.0,100.0,0.0
60.0,0.0,100.0,0.0
60.0,0.0,100.0,0.0
59.0,0.0,98.0,0.0
59.0,0.0,100.0,0.0
59.0,0.0,100.0,0.0
60.0,0.0,100.0,0.0
60.0,0.0,100.0,0.0
57.0,0.0,100.0,0.0
57.0,0.0,100.0,0.0
55.0,0.0,100.0,0.0
61.0,0.0,100.0,0.0
64.0,0.0,100.0,0.0
62.0,0.0,100.0,0.0
61.0,0.0,100.0,0.0
60.0,0.0,100.0,0.0
61.0,0.0,100.0,0.0
88.0,0.0,100.0,0.0
87.0,0.0,100.0,0.0
76.0,0.0,100.0,0.0
82.0,0.0,98.0,0.0
83.0,0.0,100.0,0.0
83.0,0.0,100.0,0.0
79.0,0.0,99.0,0.0
70.0,0.0,100.0,0.0
75.0,0.0,100.0,0.0
71.0,0.0,100.0,0.0
77.0,0.0,100.0,0.0
76.0,0.0,96.0,0.0
74.0,0.0,95.0,0.0
76.0,0.0,97.0,0.0
82.0,0.0,97.0,0.0
79.0,0.0,97.0,0.0
84.0,0.0,97.0,0.0
78.0,0.0,96.0,0.0
83.0,0.0,96.0,0.0
87.0,0.0,96.0,0.0
81.0,0.0,97.0,0.0
79.0,0.0,96.0,0.0
78.0,0.0,96.0,0.0
89.0,0.0,97.0,0.0
85.0,0.0,97.0,0.0
74.0,0.0,98.0,0.0
70.0,0.0,97.0,0.0
72.0,0.0,98.0,0.0
73.0,0.0,98.0,0.0
74.0,0.0,97.0,0.0
73.0,0.0,96.0,0.0
72.0,0.0,98.0,0.0
79.0,0.0,98.0,0.0
68.0,0.0,98.0,0.0
65.0,0.0,97.0,0.0
71.0,0.0,98.0,0.0
66.0,0.0,97.0,0.0
65.0,0.0,95.0,0.0
67.0,0.0,97.0,0.0
61.0,0.0,96.0,0.0
63.0,0.0,97.0,0.0
60.0,0.0,96.0,0.0
60.0,0.0,96.0,0.0
61.0,0.0,98.0,0.0
68.0,0.0,99.0,0.0
65.0,0.0,99.0,0.0
58.0,0.0,97.0,0.0
60.0,0.0,98.0,0.0
69.0,0.0,99.0,0.0
65.0,0.0,99.0,0.0
56.0,0.0,98.0,0.0
62.0,0.0,98.0,0.0
66.0,0.0,88.0,0.0
88.0,0.0,99.0,0.0
82.0,0.0,100.0,0.0
84.0,0.0,98.0,0.0
95.0,0.0,100.0,0.0
91.0,0.0,100.0,0.0
90.0,0.0,98.0,0.0
90.0,0.0,98.0,0.0
86.0,0.0,100.0,0.0
94.0,0.0,95.0,0.0
94.0,0.0,100.0,0.0
87.0,0.0,99.0,0.0
90.0,0.0,100.0,0.0
90.0,0.0,99.0,0.0
88.0,0.0,98.0,0.0
86.0,0.0,98.0,0.0
89.0,0.0,92.0,0.0
90.0,0.0,93.0,0.0
89.0,0.0,91.0,0.0
83.0,0.0,91.0,0.0
88.0,0.0,93.0,0.0
89.0,0.0,93.0,0.0
78.0,0.0,99.0,0.0
88.0,0.0,98.0,0.0
87.0,0.0,97.0,0.0
85.0,0.0,98.0,0.0
87.0,0.0,99.0,0.0
87.0,0.0,96.0,0.0
89.0,0.0,93.0,0.0
85.0,0.0,98.0,0.0
86.0,0.0,98.0,0.0
93.0,0.0,100.0,0.0
82.0,0.0,100.0,0.0
88.0,0.0,100.0,0.0
90.0,0.0,98.0,0.0
93.0,0.0,95.0,0.0
89.0,0.0,97.0,0.0
91.0,0.0,97.0,0.0
90.0,0.0,97.0,0.0
84.0,0.0,98.0,0.0
89.0,0.0,98.0,0.0
85.0,0.0,100.0,0.0
82.0,0.0,100.0,0.0
95.0,0.0,100.0,0.0
98.0,0.0,97.0,0.0
88.0,0.0,97.0,0.0
85.0,0.0,98.0,0.0
91.0,0.0,100.0,0.0
92.0,0.0,100.0,0.0
94.0,0.0,99.0,0.0
99.0,0.0,100.0,0.0
81.0,0.0,100.0,0.0
80.0,0.0,99.0,0.0
108.0,0.0,99.0,0.0
98.0,0.0,100.0,0.0
96.0,0.0,100.0,0.0
103.0,0.0,100.0,0.0
104.0,0.0,100.0,0.0
101.0,0.0,100.0,0.0
109.0,0.0,100.0,0.0
103.0,0.0,100.0,0.0
100.0,0.0,100.0,0.0
99.0,0.0,100.0,0.0
97.0,0.0,100.0,0.0
99.0,0.0,100.0,0.0
96.0,0.0,100.0,0.0
96.0,0.0,100.0,0.0
94.0,0.0,100.0,0.0
100.0,0.0,100.0,0.0
98.0,0.0,100.0,0.0
97.0,0.0,100.0,0.0
102.0,0.0,100.0,0.0
112.0,0.0,100.0,0.0
104.0,0.0,99.0,0.0
103.0,0.0,100.0,0.0
104.0,0.0,100.0,0.0
120.0,0.0,100.0,0.0
114.0,0.0,99.0,0.0
112.0,0.0,99.0,0.0
109.0,0.0,99.0,0.0
109.0,0.0,100.0,0.0
112.0,0.0,100.0,0.0
111.0,0.0,100.0,0.0
128.0,0.0,100.0,0.0
140.0,0.0,100.0,0.0
122.0,0.0,100.0,0.0
115.0,0.0,100.0,0.0
110.0,0.0,100.0,0.0
109.0,0.0,100.0,0.0
105.0,0.0,95.0,0.0
105.0,0.0,99.0,0.0
107.0,0.0,100.0,0.0
103.0,0.0,100.0,0.0
119.0,0.0,100.0,0.0
113.0,0.0,99.0,0.0
110.0,0.0,100.0,0.0
103.0,0.0,99.0,0.0
95.0,0.0,99.0,0.0
96.0,0.0,99.0,0.0
93.0,0.0,99.0,0.0
96.0,0.0,100.0,0.0
88.0,0.0,100.0,0.0
87.0,0.0,100.0,0.0
94.0,0.0,100.0,0.0
94.0,0.0,100.0,0.0
93.0,0.0,100.0,0.0
91.0,0.0,100.0,0.0
100.0,0.0,100.0,0.0
104.0,0.0,100.0,0.0
108.0,0.0,99.0,0.0
105.0,0.0,99.0,0.0
105.0,0.0,95.0,0.0
102.0,0.0,95.0,0.0
105.0,0.0,99.0,0.0
105.0,0.0,98.0,0.0
104.0,0.0,96.0,0.0
115.0,0.0,98.0,0.0
103.0,0.0,100.0,0.0
95.0,0.0,99.0,0.0
94.0,0.0,100.0,0.0
92.0,0.0,98.0,0.0
89.0,0.0,86.0,0.0
83.0,0.0,100.0,0.0
93.0,0.0,92.0,0.0
87.0,0.0,100.0,0.0
88.0,0.0,96.0,0.0
93.0,0.0,95.0,0.0
103.0,0.0,95.0,0.0
88.0,0.0,90.0,0.0
85.0,0.0,99.0,0.0
92.0,0.0,86.0,0.0
94.0,0.0,98.0,0.0
96.0,0.0,89.0,0.0
111.0,0.0,84.0,0.0
96.0,0.0,95.0,0.0
104.0,0.0,96.0,0.0
108.0,0.0,96.0,0.0
111.0,0.0,95.0,0.0
104.0,0.0,89.0,0.0
99.0,0.0,96.0,0.0
105.0,0.0,98.0,0.0
80.0,0.0,100.0,0.0
84.0,0.0,98.0,0.0
86.0,0.0,98.0,0.0
74.0,0.0,98.0,0.0
75.0,0.0,98.0,0.0
69.0,0.0,97.0,0.0
68.0,0.0,97.0,0.0
56.0,0.0,97.0,0.0
61.0,0.0,97.0,0.0
53.0,0.0,98.0,0.0
57.0,0.0,96.0,0.0
58.0,0.0,96.0,0.0
60.0,0.0,97.0,0.0
59.0,0.0,97.0,0.0
67.0,0.0,97.0,0.0
56.0,0.0,97.0,0.0
73.0,0.0,94.0,0.0
75.0,0.0,96.0,0.0
65.0,0.0,98.0,0.0
65.0,0.0,98.0,0.0
78.0,0.0,97.0,0.0
73.0,0.0,96.0,0.0
58.0,0.0,98.0,0.0
71.0,0.0,97.0,0.0
68.0,0.0,97.0,0.0
59.0,0.0,97.0,0.0
57.0,0.0,98.0,0.0
58.0,0.0,94.0,0.0
66.0,0.0,96.0,0.0
52.0,0.0,95.0,0.0
65.0,0.0,97.0,0.0
68.0,0.0,98.0,0.0
71.0,0.0,99.0,0.0
64.0,0.0,90.0,0.0
69.0,0.0,91.0,0.0
76.0,0.0,98.0,0.0
73.0,0.0,97.0,0.0
69.0,0.0,100.0,0.0
69.0,0.0,100.0,0.0
70.0,0.0,100.0,0.0
59.0,0.0,34.0,0.0
65.0,0.0,100.0,0.0
62.0,0.0,100.0,0.0
61.0,0.0,97.0,0.0
87.0,0.0,51.0,0.0
50.0,0.0,59.0,0.0
94.0,0.0,92.0,0.0
86.0,0.0,96.0,0.0
90.0,0.0,96.0,0.0
89.0,0.0,98.0,0.0
87.0,0.0,96.0,0.0
96.0,0.0,95.0,0.0
91.0,0.0,92.0,0.0
83.0,0.0,92.0,0.0
84.0,0.0,96.0,0.0
87.0,0.0,94.0,0.0
87.0,0.0,96.0,0.0
87.0,0.0,93.0,0.0
85.0,0.0,97.0,0.0
77.0,0.0,99.0,0.0
81.0,0.0,97.0,0.0
81.0,0.0,97.0,0.0
85.0,0.0,97.0,0.0
93.0,0.0,97.0,0.0
88.0,0.0,95.0,0.0
90.0,0.0,95.0,0.0
80.0,0.0,95.0,0.0
82.0,0.0,94.0,0.0
83.0,0.0,93.0,0.0
90.0,0.0,94.0,0.0
87.0,0.0,93.0,0.0
83.0,0.0,93.0,0.0
84.0,0.0,94.0,0.0
75.0,0.0,93.0,0.0
78.0,0.0,94.0,0.0
75.0,0.0,93.0,0.0
69.0,0.0,91.0,0.0
64.0,0.0,90.0,0.0
69.0,0.0,92.0,0.0
68.0,0.0,93.0,0.0
66.0,0.0,95.0,0.0
78.0,0.0,91.0,0.0
72.0,0.0,90.0,0.0
74.0,0.0,91.0,0.0
73.0,0.0,91.0,0.0
92.0,0.0,93.0,0.0
70.0,0.0,97.0,0.0
66.0,0.0,97.0,0.0
84.0,0.0,98.0,0.0
81.0,0.0,96.0,0.0
90.0,0.0,97.0,0.0
87.0,0.0,95.0,0.0
84.0,0.0,95.0,0.0
72.0,0.0,95.0,0.0
71.0,0.0,94.0,0.0
136.0,0.0,97.0,0.0
123.0,0.0,99.0,0.0
117.0,0.0,96.0,0.0
113.0,0.0,100.0,0.0
120.0,7.0710678118654755,99.5,0.7071067811865476
112.0,0.0,100.0,0.0
124.0,0.0,100.0,0.0
124.0,0.0,100.0,0.0
111.0,0.0,100.0,0.0
117.0,0.0,100.0,0.0
114.0,0.0,99.0,0.0
112.0,0.0,99.0,0.0
115.0,0.0,99.0,0.0
115.0,0.0,99.0,0.0
112.0,0.0,99.0,0.0
103.0,0.0,100.0,0.0
118.0,0.0,100.0,0.0
112.0,0.0,97.0,0.0
113.0,0.0,99.0,0.0
116.0,0.0,99.0,0.0
108.0,0.0,99.0,0.0
114.0,0.0,99.0,0.0
116.0,0.0,100.0,0.0
104.0,0.0,99.0,0.0
98.0,0.0,99.0,0.0
97.0,0.0,100.0,0.0
106.0,0.0,99.0,0.0
105.0,0.0,100.0,0.0
104.0,0.0,99.0,0.0
102.0,0.0,96.0,0.0
104.0,0.0,94.0,0.0
108.0,0.0,100.0,0.0
111.0,0.0,93.0,0.0
122.0,0.0,95.0,0.0
113.0,0.0,96.0,0.0
109.0,0.0,81.0,0.0
117.0,0.0,97.0,0.0
106.0,0.0,99.0,0.0
112.0,0.0,99.0,0.0
97.0,0.0,100.0,0.0
104.0,0.0,97.0,0.0
102.0,0.0,97.0,0.0
105.0,0.0,97.0,0.0
95.0,0.0,97.0,0.0
98.0,0.0,98.0,0.0
102.0,0.0,98.0,0.0
106.0,0.0,98.0,0.0
99.0,0.0,98.0,0.0
108.0,0.0,94.0,0.0
110.0,0.0,93.0,0.0
93.0,0.0,99.0,0.0
117.0,0.0,97.0,0.0
110.0,0.0,95.0,0.0
106.0,0.0,96.0,0.0
67.0,0.0,95.0,0.0
75.0,0.0,97.0,0.0
74.0,0.0,96.0,0.0
78.0,0.0,96.0,0.0
79.0,0.0,98.0,0.0
77.0,0.0,98.0,0.0
78.0,0.0,96.0,0.0
78.0,0.0,97.0,0.0
72.0,0.0,98.0,0.0
71.0,0.0,96.0,0.0
74.0,0.0,95.0,0.0
68.0,0.0,97.0,0.0
70.0,0.0,97.0,0.0
75.0,0.0,97.0,0.0
72.0,0.0,98.0,0.0
70.0,0.0,98.0,0.0
76.0,0.0,99.0,0.0
79.0,0.0,90.0,0.0
78.0,0.0,96.0,0.0
80.0,0.0,96.0,0.0
77.0,0.0,97.0,0.0
85.0,0.0,92.0,0.0
77.0,0.0,97.0,0.0
68.0,0.0,99.0,0.0
68.0,0.0,94.0,0.0
70.0,0.0,94.0,0.0
69.0,0.0,95.0,0.0
73.0,0.0,94.0,0.0
69.0,0.0,96.0,0.0
87.0,0.0,94.0,0.0
86.0,0.0,93.0,0.0
85.0,0.0,91.0,0.0
85.0,0.0,97.0,0.0
81.0,0.0,96.0,0.0
83.0,0.0,95.0,0.0
81.0,0.0,95.0,0.0
78.0,0.0,97.0,0.0
69.0,0.0,97.0,0.0
75.0,0.0,98.0,0.0
73.0,0.0,96.0,0.0
73.0,0.0,97.0,0.0
76.0,0.0,96.0,0.0
80.0,0.0,98.0,0.0
81.0,0.0,99.0,0.0
76.0,0.0,98.0,0.0
78.0,0.0,97.0,0.0
89.0,0.0,94.0,0.0
83.0,0.0,99.0,0.0
72.0,0.0,95.0,0.0
78.0,0.0,96.0,0.0
82.0,0.0,97.0,0.0
81.0,0.0,97.0,0.0
79.0,0.0,97.0,0.0
79.0,0.0,98.0,0.0
141.0,0.0,99.0,0.0
145.0,0.0,93.0,0.0
121.0,0.0,99.0,0.0
122.0,0.0,100.0,0.0
124.0,0.0,98.0,0.0
128.0,0.0,93.0,0.0
129.0,0.0,93.0,0.0
129.0,0.0,94.0,0.0
128.0,0.0,95.0,0.0
129.0,0.0,95.0,0.0
128.0,0.0,95.0,0.0
126.0,0.0,94.0,0.0
129.0,0.0,97.0,0.0
133.0,0.0,97.0,0.0
135.0,0.0,93.0,0.0
133.0,0.0,93.0,0.0
136.0,0.0,94.0,0.0
136.0,0.0,94.0,0.0
136.0,0.0,94.0,0.0
115.0,0.0,93.0,0.0
113.0,0.0,96.0,0.0
127.0,0.0,95.0,0.0
126.0,0.0,93.0,0.0
115.0,0.0,93.0,0.0
116.0,0.0,94.0,0.0
108.0,0.0,94.0,0.0
119.0,0.0,96.0,0.0
133.0,0.0,95.0,0.0
132.0,0.0,95.0,0.0
130.0,0.0,97.0,0.0
138.0,0.0,92.0,0.0
135.0,0.0,96.0,0.0
130.0,0.0,97.0,0.0
131.0,0.0,97.0,0.0
131.0,0.0,92.0,0.0
120.0,0.0,96.0,0.0
125.0,0.0,96.0,0.0
122.0,0.0,96.0,0.0
116.0,0.0,96.0,0.0
103.0,0.0,97.0,0.0
106.0,0.0,96.0,0.0
107.0,0.0,97.0,0.0
104.0,0.0,98.0,0.0
105.0,0.0,96.0,0.0
109.0,0.0,96.0,0.0
108.0,0.0,97.0,0.0
100.0,0.0,97.0,0.0
98.0,0.0,97.0,0.0
102.0,0.0,96.0,0.0
107.0,0.0,98.0,0.0
114.0,0.0,98.0,0.0
116.0,0.0,96.0,0.0
115.0,0.0,96.0,0.0
114.0,0.0,98.0,0.0
109.0,0.0,99.0,0.0
109.0,0.0,99.0,0.0
111.0,0.0,99.0,0.0
107.0,0.0,99.0,0.0
103.0,0.0,99.0,0.0
102.0,0.0,99.0,0.0
101.0,0.0,99.0,0.0
105.0,0.0,99.0,0.0
108.0,0.0,100.0,0.0
101.0,0.0,100.0,0.0
101.0,0.0,100.0,0.0
101.0,0.0,99.0,0.0
98.0,0.0,99.0,0.0
100.0,0.0,99.0,0.0
101.0,0.0,99.0,0.0
102.0,0.0,99.0,0.0
101.0,0.0,98.0,0.0
99.0,0.0,98.0,0.0
102.0,0.0,98.0,0.0
98.0,0.0,97.0,0.0
109.0,0.0,98.0,0.0
103.0,0.0,99.0,0.0
104.0,0.0,97.0,0.0
113.0,0.0,96.0,0.0
113.0,0.0,94.0,0.0
113.0,0.0,96.0,0.0
117.0,0.0,94.0,0.0
111.0,0.0,92.0,0.0
113.0,0.0,92.0,0.0
117.0,0.0,89.0,0.0
122.0,0.0,100.0,0.0
118.0,0.0,96.0,0.0
111.0,0.0,96.0,0.0
110.0,0.0,97.0,0.0
108.0,0.0,94.0,0.0
105.0,0.0,97.0,0.0
106.0,0.0,99.0,0.0
109.0,0.0,99.0,0.0
109.0,0.0,99.0,0.0
110.0,0.0,99.0,0.0
112.0,0.0,98.0,0.0
112.0,0.0,98.0,0.0
108.0,0.0,97.0,0.0
118.0,0.0,98.0,0.0
116.0,0.0,97.0,0.0
118.0,0.0,97.0,0.0
118.0,0.0,100.0,0.0
120.0,0.0,99.0,0.0
122.0,0.0,99.0,0.0
124.0,0.0,99.0,0.0
126.0,0.0,98.0,0.0
119.0,0.0,98.0,0.0
118.0,0.0,96.0,0.0
120.0,0.0,97.0,0.0
120.0,0.0,97.0,0.0
121.0,0.0,99.0,0.0
118.0,0.0,97.0,0.0
114.0,0.0,98.0,0.0
118.0,0.0,97.0,0.0
113.0,0.0,97.0,0.0
114.0,0.0,99.0,0.0
116.0,0.0,99.0,0.0
115.0,0.0,98.0,0.0
114.0,0.0,99.0,0.0
115.0,0.0,96.0,0.0
114.0,0.0,99.0,0.0
119.0,0.0,99.0,0.0
127.0,0.0,96.0,0.0
118.0,0.0,95.0,0.0
121.0,0.0,94.0,0.0
124.0,0.0,93.0,0.0
118.0,0.0,97.0,0.0
119.0,0.0,95.0,0.0
110.0,0.0,98.0,0.0
111.0,0.0,98.0,0.0
114.0,0.0,100.0,0.0
118.0,0.0,96.0,0.0
120.0,0.0,95.0,0.0
119.0,0.0,96.0,0.0
123.0,0.0,97.0,0.0
116.0,0.0,98.0,0.0
113.0,0.0,97.0,0.0
110.0,0.0,98.0,0.0
115.0,0.0,97.0,0.0
119.0,0.0,97.0,0.0
118.0,0.0,96.0,0.0
111.0,0.0,97.0,0.0
116.0,0.0,97.0,0.0
123.0,0.0,91.0,0.0
125.0,0.0,96.0,0.0
127.0,0.0,96.0,0.0
130.0,0.0,96.0,0.0
134.0,0.0,91.0,0.0
116.0,0.0,96.0,0.0
120.0,0.0,97.0,0.0
121.0,0.0,95.0,0.0
127.0,0.0,97.0,0.0
132.0,0.0,98.0,0.0
137.0,0.0,96.0,0.0
131.0,0.0,99.0,0.0
118.0,0.0,100.0,0.0
118.0,0.0,100.0,0.0
122.0,0.0,98.0,0.0
125.0,0.0,99.0,0.0
124.0,0.0,100.0,0.0
123.0,0.0,100.0,0.0
115.0,0.0,99.0,0.0
114.0,0.0,100.0,0.0
114.0,0.0,97.0,0.0
118.0,0.0,97.0,0.0
122.0,0.0,96.0,0.0
123.0,0.0,95.0,0.0
126.0,0.0,96.0,0.0
126.0,0.0,96.0,0.0
127.0,0.0,97.0,0.0
125.0,0.0,96.0,0.0
113.0,0.0,96.0,0.0
112.0,0.0,96.0,0.0
118.0,0.0,97.0,0.0
120.0,0.0,98.0,0.0
123.0,0.0,93.0,0.0
124.0,0.0,93.0,0.0
120.0,0.0,95.0,0.0
116.0,0.0,97.0,0.0
118.0,0.0,97.0,0.0
115.0,0.0,94.0,0.0
120.0,0.0,94.0,0.0
122.0,0.0,95.0,0.0
122.0,0.0,96.0,0.0
114.0,0.0,95.0,0.0
118.0,0.0,95.0,0.0
124.0,0.0,95.0,0.0
126.0,0.0,96.0,0.0
129.0,0.0,90.0,0.0
132.0,0.0,92.0,0.0
133.0,0.0,95.0,0.0
124.0,0.0,96.0,0.0
130.0,0.0,98.0,0.0
121.0,0.0,96.0,0.0
111.0,0.0,99.0,0.0
107.0,0.0,97.0,0.0
109.0,0.0,97.0,0.0
115.0,0.0,100.0,0.0
111.0,0.0,100.0,0.0
108.0,0.0,100.0,0.0
114.0,0.0,94.0,0.0
119.0,0.0,93.0,0.0
126.0,0.0,94.0,0.0
118.0,0.0,93.0,0.0
114.0,0.0,93.0,0.0
114.0,0.0,95.0,0.0
116.0,0.0,94.0,0.0
114.0,0.0,96.0,0.0
109.0,0.0,98.0,0.0
99.0,0.0,97.0,0.0
98.0,0.0,97.0,0.0
101.0,0.0,96.0,0.0
110.0,0.0,96.0,0.0
113.0,0.0,94.0,0.0
112.0,0.0,93.0,0.0
111.0,0.0,93.0,0.0
109.0,0.0,94.0,0.0
105.0,0.0,93.0,0.0
106.0,0.0,93.0,0.0
105.0,0.0,91.0,0.0
105.0,0.0,91.0,0.0
95.0,0.0,90.0,0.0
101.0,0.0,90.0,0.0
106.0,0.0,92.0,0.0
111.0,0.0,94.0,0.0
114.0,0.0,92.0,0.0
105.0,0.0,94.0,0.0
102.0,0.0,95.0,0.0
102.0,0.0,96.0,0.0
99.0,0.0,97.0,0.0
104.0,0.0,95.0,0.0
107.0,0.0,96.0,0.0
92.0,0.0,95.0,0.0
93.0,0.0,96.0,0.0
96.0,0.0,95.0,0.0
103.0,0.0,96.0,0.0
100.0,0.0,94.0,0.0
104.0,0.0,95.0,0.0
101.0,0.0,95.0,0.0
104.0,0.0,93.0,0.0
103.0,0.0,93.0,0.0
105.0,0.0,97.0,0.0
110.0,0.0,94.0,0.0
113.0,0.0,93.0,0.0
113.0,0.0,92.0,0.0
113.0,0.0,91.0,0.0
113.0,0.0,92.0,0.0
113.0,0.0,93.0,0.0
112.0,0.0,90.0,0.0
107.0,0.0,95.0,0.0
105.0,0.0,95.0,0.0
103.0,0.0,97.0,0.0
102.0,0.0,98.0,0.0
103.0,0.0,97.0,0.0
104.0,0.0,97.0,0.0
105.0,0.0,96.0,0.0
106.0,0.0,95.0,0.0
107.0,0.0,96.0,0.0
103.0,0.0,98.0,0.0
108.0,0.0,93.0,0.0
106.0,0.0,94.0,0.0
109.0,0.0,95.0,0.0
110.0,0.0,95.0,0.0
113.0,0.0,91.0,0.0
116.0,0.0,93.0,0.0
116.0,0.0,92.0,0.0
117.0,0.0,91.0,0.0
114.0,0.0,92.0,0.0
113.0,0.0,93.0,0.0
108.0,0.0,94.0,0.0
98.0,0.0,95.0,0.0
97.0,0.0,89.0,0.0
94.0,0.0,92.0,0.0
91.0,0.0,93.0,0.0
93.0,0.0,93.0,0.0
93.0,0.0,94.0,0.0
87.0,0.0,93.0,0.0
88.0,0.0,95.0,0.0
90.0,0.0,94.0,0.0
91.0,0.0,94.0,0.0
86.0,0.0,94.0,0.0
89.0,0.0,94.0,0.0
93.0,0.0,95.0,0.0
91.0,0.0,94.0,0.0
93.0,0.0,95.0,0.0
100.0,0.0,94.0,0.0
102.0,0.0,93.0,0.0
99.0,0.0,96.0,0.0
104.0,0.0,94.0,0.0
103.0,0.0,92.0,0.0
108.0,0.0,96.0,0.0
106.0,0.0,95.0,0.0
105.0,0.0,91.0,0.0
101.0,0.0,98.0,0.0
102.0,0.0,94.0,0.0
102.0,0.0,93.0,0.0
105.0,0.0,88.0,0.0
105.0,0.0,93.0,0.0
105.0,0.0,100.0,0.0
107.0,0.0,96.0,0.0
114.0,0.0,100.0,0.0
118.0,0.0,98.0,0.0
116.0,0.0,99.0,0.0
105.0,0.0,99.0,0.0
101.0,0.0,100.0,0.0
112.0,0.0,93.0,0.0
97.0,0.0,97.0,0.0
97.0,0.0,97.0,0.0
94.0,0.0,97.0,0.0
98.0,0.0,99.0,0.0
99.0,0.0,99.0,0.0
97.0,0.0,99.0,0.0
98.0,0.0,99.0,0.0
84.0,0.0,99.0,0.0
86.0,0.0,99.0,0.0
89.0,0.0,99.0,0.0
92.0,0.0,99.0,0.0
94.0,0.0,99.0,0.0
96.0,0.0,98.0,0.0
104.0,0.0,97.0,0.0
103.0,0.0,95.0,0.0
107.0,0.0,93.0,0.0
108.0,0.0,94.0,0.0
107.0,0.0,94.0,0.0
108.0,0.0,93.0,0.0
97.0,0.0,95.0,0.0
96.0,0.0,97.0,0.0
107.0,0.0,95.0,0.0
116.0,0.0,98.0,0.0
103.0,0.0,96.0,0.0
107.0,0.0,95.0,0.0
108.0,0.0,96.0,0.0
115.0,0.0,98.0,0.0
111.0,0.0,97.0,0.0
117.0,0.0,97.0,0.0
109.0,0.0,98.0,0.0
113.0,0.0,97.0,0.0
110.0,0.0,97.0,0.0
98.0,0.0,98.0,0.0
112.0,0.0,98.0,0.0
100.0,0.0,98.0,0.0
97.0,0.0,98.0,0.0
105.0,0.0,98.0,0.0
106.0,0.0,98.0,0.0
110.0,0.0,94.0,0.0
109.0,0.0,97.0,0.0
98.0,0.0,99.0,0.0
97.0,0.0,98.0,0.0
99.0,0.0,99.0,0.0
98.0,0.0,92.0,0.0
98.0,0.0,99.0,0.0
102.0,0.0,98.0,0.0
107.0,0.0,98.0,0.0
94.0,0.0,93.0,0.0
98.0,0.0,97.0,0.0
100.0,0.0,98.0,0.0
106.0,0.0,96.0,0.0
109.0,0.0,94.0,0.0
107.0,0.0,98.0,0.0
99.0,0.0,99.0,0.0
103.0,0.0,97.0,0.0
104.0,0.0,99.0,0.0
108.0,0.0,98.0,0.0
108.0,0.0,98.0,0.0
107.0,0.0,100.0,0.0
113.0,0.0,97.0,0.0
116.0,0.0,97.0,0.0
107.0,0.0,98.0,0.0
104.0,0.0,99.0,0.0
106.0,0.0,99.0,0.0
104.0,0.0,100.0,0.0
103.0,0.0,100.0,0.0
100.0,0.0,100.0,0.0
103.0,0.0,99.0,0.0
97.0,0.0,100.0,0.0
102.0,0.0,100.0,0.0
104.0,0.0,100.0,0.0
100.0,0.0,100.0,0.0
95.0,0.0,100.0,0.0
105.0,0.0,100.0,0.0
105.0,0.0,100.0,0.0
109.0,0.0,100.0,0.0
100.0,0.0,100.0,0.0
98.0,0.0,100.0,0.0
93.0,0.0,100.0,0.0
99.0,0.0,100.0,0.0
98.0,0.0,100.0,0.0
97.0,0.0,100.0,0.0
101.0,0.0,100.0,0.0
98.0,0.0,100.0,0.0
98.0,0.0,100.0,0.0
101.0,0.0,99.0,0.0
104.0,0.0,100.0,0.0
106.0,0.0,100.0,0.0
105.0,0.0,100.0,0.0
106.0,0.0,100.0,0.0
101.0,0.0,100.0,0.0
102.0,0.0,100.0,0.0
101.0,0.0,100.0,0.0
102.0,0.0,100.0,0.0
102.0,0.0,99.0,0.0
102.0,0.0,95.0,0.0
107.0,0.0,100.0,0.0
108.0,0.0,100.0,0.0
105.0,0.0,100.0,0.0
91.0,0.0,99.0,0.0
92.0,0.0,100.0,0.0
103.0,0.0,100.0,0.0
104.0,0.0,100.0,0.0
98.0,0.0,100.0,0.0
92.0,0.0,100.0,0.0
101.0,0.0,97.0,0.0
104.0,0.0,100.0,0.0
106.0,0.0,100.0,0.0
105.0,0.0,100.0,0.0
101.0,0.0,99.0,0.0
103.0,0.0,99.0,0.0
99.0,0.0,100.0,0.0
106.0,0.0,100.0,0.0
101.0,0.0,99.0,0.0
96.0,0.0,100.0,0.0
104.0,0.0,98.0,0.0
104.0,0.0,98.0,0.0
109.0,0.0,99.0,0.0
106.0,0.0,100.0,0.0
103.0,0.0,100.0,0.0
99.0,0.0,100.0,0.0
98.0,0.0,100.0,0.0
102.0,0.0,100.0,0.0
105.0,0.0,100.0,0.0
116.0,0.0,96.0,0.0
120.0,0.0,99.0,0.0
116.0,0.0,100.0,0.0
107.0,0.0,100.0,0.0
109.0,0.0,99.0,0.0
110.0,0.0,100.0,0.0
110.0,0.0,100.0,0.0
111.0,0.0,100.0,0.0
99.0,0.0,100.0,0.0
101.0,0.0,99.0,0.0
106.0,0.0,98.0,0.0
112.0,0.0,100.0,0.0
108.0,0.0,98.0,0.0
103.0,0.0,100.0,0.0
97.0,0.0,100.0,0.0
102.0,0.0,100.0,0.0
108.0,0.0,100.0,0.0
107.0,0.0,98.0,0.0
111.0,0.0,98.0,0.0
93.0,0.0,98.0,0.0
100.0,0.0,98.0,0.0
104.0,0.0,97.0,0.0
106.0,0.0,95.0,0.0
104.0,0.0,97.0,0.0
103.0,0.0,96.0,0.0
106.0,0.0,96.0,0.0
93.0,0.0,98.0,0.0
97.0,0.0,98.0,0.0
100.0,0.0,96.0,0.0
101.0,0.0,97.0,0.0
103.0,0.0,96.0,0.0
95.0,0.0,98.0,0.0
100.0,0.0,95.0,0.0
101.0,0.0,96.0,0.0
105.0,0.0,96.0,0.0
106.0,0.0,97.0,0.0
92.0,0.0,98.0,0.0
107.0,0.0,96.0,0.0
102.0,0.0,97.0,0.0
103.0,0.0,97.0,0.0
105.0,0.0,96.0,0.0
90.0,0.0,96.0,0.0
94.0,0.0,97.0,0.0
97.0,0.0,95.0,0.0
102.0,0.0,92.0,0.0
107.0,0.0,95.0,0.0
105.0,0.0,94.0,0.0
93.0,0.0,96.0,0.0
100.0,0.0,93.0,0.0
101.0,0.0,94.0,0.0
95.0,1.4142135623730951,100.0,0.0
96.0,0.0,100.0,0.0
105.0,0.0,100.0,0.0
97.0,0.0,100.0,0.0
94.0,0.0,100.0,0.0
97.0,0.0,100.0,0.0
88.0,0.0,100.0,0.0
91.0,0.0,100.0,0.0
93.0,0.0,100.0,0.0
95.0,0.0,100.0,0.0
105.0,0.0,100.0,0.0
108.0,0.0,100.0,0.0
96.0,0.0,100.0,0.0
94.0,0.0,100.0,0.0
103.0,0.0,100.0,0.0
105.0,0.0,100.0,0.0
101.0,0.0,99.0,0.0
103.0,0.0,100.0,0.0
103.0,0.0,100.0,0.0
99.0,0.0,100.0,0.0
97.0,0.0,100.0,0.0
99.0,0.0,99.0,0.0
106.0,0.0,100.0,0.0
97.0,0.0,100.0,0.0
95.0,0.0,100.0,0.0
95.0,0.0,100.0,0.0
98.0,0.0,100.0,0.0
96.0,0.0,10.0,0.0
105.0,0.0,100.0,0.0
109.0,0.0,100.0,0.0
108.0,0.0,100.0,0.0
108.0,0.0,100.0,0.0
104.0,0.0,99.0,0.0
105.0,0.0,99.0,0.0
106.0,0.0,99.0,0.0
108.0,0.0,99.0,0.0
104.0,0.0,99.0,0.0
97.0,0.0,100.0,0.0
90.0,0.0,100.0,0.0
98.0,0.0,97.0,0.0
96.0,0.0,99.0,0.0
99.0,0.0,100.0,0.0
117.0,0.0,100.0,0.0
103.0,0.0,100.0,0.0
98.0,0.0,100.0,0.0
99.0,0.0,99.0,0.0
105.0,0.0,99.0,0.0
92.0,0.0,97.0,0.0
95.0,0.0,99.0,0.0
105.0,0.0,100.0,0.0
111.0,0.0,100.0,0.0
97.0,0.0,100.0,0.0
100.0,0.0,100.0,0.0
100.0,0.0,97.0,0.0
101.0,0.0,97.0,0.0
112.0,0.0,98.0,0.0
105.0,0.0,99.0,0.0
109.0,0.0,100.0,0.0
103.0,0.0,100.0,0.0
108.0,0.0,100.0,0.0
110.0,0.0,99.0,0.0
106.0,0.0,99.0,0.0
112.0,0.0,99.0,0.0
111.0,0.0,100.0,0.0
107.0,0.0,97.0,0.0
108.0,0.0,96.0,0.0
106.0,0.0,96.0,0.0
107.0,0.0,97.0,0.0
103.0,0.0,99.0,0.0
110.0,0.0,98.0,0.0
110.0,0.0,99.0,0.0
105.0,0.0,99.0,0.0
107.0,0.0,97.0,0.0
95.0,0.0,98.0,0.0
99.0,0.0,97.0,0.0
111.0,0.0,100.0,0.0
108.0,0.0,100.0,0.0
102.0,0.0,99.0,0.0
103.0,0.0,100.0,0.0
93.0,0.0,100.0,0.0
94.0,0.0,100.0,0.0
97.0,0.0,100.0,0.0
104.0,0.0,100.0,0.0
96.0,0.0,100.0,0.0
94.0,0.0,100.0,0.0
85.0,0.0,100.0,0.0
93.0,0.0,100.0,0.0
100.0,0.0,100.0,0.0
90.0,0.0,100.0,0.0
98.0,0.0,100.0,0.0
98.0,0.0,100.0,0.0
105.0,0.0,100.0,0.0
116.0,0.0,100.0,0.0
125.0,0.0,100.0,0.0
117.0,0.0,100.0,0.0
117.0,0.0,100.0,0.0
118.0,0.0,100.0,0.0
124.0,0.0,100.0,0.0
112.0,0.0,100.0,0.0
126.0,0.0,99.0,0.0
122.0,0.0,97.0,0.0
125.0,0.0,93.0,0.0
109.0,0.0,99.0,0.0
113.0,0.0,99.0,0.0
120.0,0.0,97.0,0.0
130.0,0.0,94.0,0.0
117.0,0.0,97.0,0.0
127.0,0.0,100.0,0.0
134.0,0.0,100.0,0.0
126.0,0.0,100.0,0.0
135.0,0.0,96.0,0.0
147.0,0.0,68.0,0.0
142.0,0.0,100.0,0.0
142.0,0.0,100.0,0.0
139.0,0.0,95.0,0.0
137.0,0.0,100.0,0.0
128.0,0.0,100.0,0.0
129.0,0.0,100.0,0.0
129.0,0.0,91.0,0.0
135.0,0.0,98.0,0.0
135.0,0.0,93.0,0.0
138.0,0.0,89.0,0.0
139.0,0.0,84.0,0.0
137.0,0.0,94.0,0.0
132.0,0.0,97.0,0.0
129.0,0.0,97.0,0.0
129.0,0.0,97.0,0.0
125.0,0.0,98.0,0.0
126.0,0.0,98.0,0.0
121.0,0.0,98.0,0.0
118.0,0.0,99.0,0.0
118.0,0.0,100.0,0.0
119.0,0.0,99.0,0.0
123.0,0.0,92.0,0.0
116.0,0.0,99.0,0.0
116.0,0.0,99.0,0.0
119.0,0.0,97.0,0.0
116.0,0.0,98.0,0.0
120.0,0.0,99.0,0.0
121.0,0.0,99.0,0.0
122.0,0.0,94.0,0.0
120.0,0.0,96.0,0.0
118.0,0.0,96.0,0.0
119.0,0.0,98.0,0.0
119.0,0.0,96.0,0.0
122.0,0.0,90.0,0.0
122.0,0.0,89.0,0.0
123.0,0.0,94.0,0.0
123.0,0.0,87.0,0.0
125.0,0.0,91.0,0.0
125.0,0.0,88.0,0.0
131.0,0.0,85.0,0.0
138.0,0.0,81.0,0.0
134.0,0.0,73.0,0.0
134.0,0.0,80.0,0.0
134.0,0.0,84.0,0.0
137.0,0.0,89.0,0.0
127.0,0.0,91.0,0.0
131.0,0.0,88.0,0.0
128.0,0.0,85.0,0.0
152.0,0.0,72.0,0.0
120.0,0.0,99.0,0.0
108.0,0.0,100.0,0.0
102.0,0.0,100.0,0.0
104.0,0.0,100.0,0.0
97.0,0.0,100.0,0.0
102.0,0.0,100.0,0.0
101.0,0.0,100.0,0.0
101.0,0.0,100.0,0.0
105.0,0.0,100.0,0.0
100.0,0.0,100.0,0.0
97.0,0.0,100.0,0.0
100.0,0.0,100.0,0.0
101.0,0.0,100.0,0.0
97.0,0.0,100.0,0.0
91.0,0.0,100.0,0.0
103.0,0.0,100.0,0.0
103.0,0.0,100.0,0.0
96.0,0.0,96.0,0.0
101.0,0.0,100.0,0.0
97.0,0.0,100.0,0.0
93.0,0.0,100.0,0.0
101.0,0.0,100.0,0.0
100.0,0.0,100.0,0.0
98.0,0.0,100.0,0.0
98.0,0.0,100.0,0.0
102.0,0.0,100.0,0.0
101.0,0.0,100.0,0.0
102.0,0.0,100.0,0.0
103.0,0.0,100.0,0.0
105.0,0.0,100.0,0.0
93.0,0.0,100.0,0.0
89.0,0.0,100.0,0.0
95.0,0.0,100.0,0.0
100.0,0.0,100.0,0.0
97.0,0.0,100.0,0.0
97.0,0.0,100.0,0.0
104.0,0.0,100.0,0.0
85.0,0.0,100.0,0.0
95.0,0.0,88.0,0.0
92.0,0.0,87.0,0.0
99.0,0.0,99.0,0.0
93.0,0.0,100.0,0.0
88.0,0.0,100.0,0.0
79.0,0.0,100.0,0.0
91.0,0.0,93.0,0.0
77.0,0.0,100.0,0.0
65.0,0.0,100.0,0.0
78.0,0.0,99.0,0.0
80.0,0.0,97.0,0.0
101.0,0.0,99.0,0.0
83.0,0.0,99.0,0.0
79.0,0.0,94.0,0.0
80.0,0.0,100.0,0.0
70.0,0.0,100.0,0.0
71.0,0.0,99.0,0.0
61.0,0.0,99.0,0.0
60.0,0.0,99.0,0.0
62.0,0.0,100.0,0.0
58.0,0.0,100.0,0.0
57.0,0.0,100.0,0.0
57.0,0.0,100.0,0.0
53.0,0.0,100.0,0.0
54.0,0.0,97.0,0.0
58.0,0.0,97.0,0.0
61.0,0.0,100.0,0.0
59.0,0.0,98.0,0.0
57.0,0.0,97.0,0.0
57.0,0.0,93.0,0.0
69.0,0.0,92.0,0.0
67.5,2.1213203435596424,100.0,0.0
66.0,0.0,100.0,0.0
66.0,0.0,99.0,0.0
65.0,0.0,98.0,0.0
72.0,2.549509756796394,91.5,3.1091263510296048
74.2,2.588435821108957,94.6,2.5099800796022254
71.0,0.0,100.0,0.0
69.0,0.0,100.0,0.0
80.0,0.0,93.0,0.0
70.0,0.0,86.0,0.0
77.0,0.0,95.0,0.0
77.0,0.0,100.0,0.0
81.0,0.0,98.0,0.0
85.0,0.0,99.0,0.0
84.0,0.0,100.0,0.0
81.0,0.0,100.0,0.0
77.0,0.0,93.0,0.0
74.0,0.0,100.0,0.0
68.0,0.0,100.0,0.0
70.0,0.0,100.0,0.0
77.0,0.0,100.0,0.0
79.0,0.0,100.0,0.0
72.0,0.0,100.0,0.0
68.0,0.0,100.0,0.0
74.0,0.0,99.0,0.0
68.0,0.0,100.0,0.0
62.0,0.0,100.0,0.0
68.0,0.0,100.0,0.0
64.0,0.0,97.0,0.0
61.0,0.0,100.0,0.0
71.0,0.0,100.0,0.0
72.0,0.0,100.0,0.0
70.0,0.0,100.0,0.0
72.0,0.0,100.0,0.0
70.0,0.0,100.0,0.0
73.0,0.0,96.0,0.0
73.0,0.0,97.0,0.0
73.0,0.0,99.0,0.0
72.0,0.0,98.0,0.0
73.0,0.0,99.0,0.0
73.0,0.0,100.0,0.0
80.0,0.0,99.0,0.0
73.0,0.0,98.0,0.0
80.0,0.0,94.0,0.0
78.0,0.0,94.0,0.0
82.0,0.0,98.0,0.0
80.0,0.0,98.0,0.0
83.0,0.0,98.0,0.0
80.0,0.0,97.0,0.0
84.0,0.0,98.0,0.0
94.0,0.0,99.0,0.0
88.0,0.0,94.0,0.0
87.0,0.0,93.0,0.0
88.0,0.0,92.0,0.0
81.0,0.0,90.0,0.0
85.0,0.0,89.0,0.0
88.0,0.0,89.0,0.0
85.0,0.0,97.0,0.0
82.0,0.0,99.0,0.0
86.0,0.0,100.0,0.0
73.0,0.0,100.0,0.0
69.0,0.0,99.0,0.0
74.0,0.0,100.0,0.0
66.0,0.0,99.0,0.0
71.0,0.0,98.0,0.0
73.0,0.0,100.0,0.0
78.0,0.0,100.0,0.0
85.0,0.0,98.0,0.0
97.0,0.0,100.0,0.0
96.0,0.0,100.0,0.0
92.0,0.0,100.0,0.0
94.0,0.0,86.0,0.0
79.0,0.0,100.0,0.0
84.0,0.0,100.0,0.0
80.0,0.0,97.0,0.0
88.0,0.0,96.0,0.0
92.0,0.0,100.0,0.0
91.0,0.0,98.0,0.0
80.0,0.0,99.0,0.0
89.0,0.0,100.0,0.0
83.0,0.0,96.0,0.0
95.0,0.0,97.0,0.0
93.0,0.0,99.0,0.0
96.0,0.0,99.0,0.0
99.0,0.0,100.0,0.0
101.0,0.0,97.0,0.0
112.0,0.0,100.0,0.0
83.0,0.0,96.0,0.0
82.0,0.0,98.0,0.0
93.0,0.0,88.0,0.0
93.0,0.0,91.0,0.0
94.0,0.0,99.0,0.0
95.0,0.0,100.0,0.0
101.0,0.0,96.0,0.0
89.0,0.0,95.0,0.0
80.0,0.0,93.0,0.0
86.0,0.0,96.0,0.0
88.0,0.0,95.0,0.0
86.0,0.0,94.0,0.0
100.0,0.0,97.0,0.0
102.0,0.0,97.0,0.0
108.0,0.0,98.0,0.0
90.0,0.0,98.0,0.0
92.0,0.0,97.0,0.0
83.0,0.0,95.0,0.0
94.0,0.0,98.0,0.0
95.0,0.0,96.0,0.0
105.0,0.0,97.0,0.0
97.0,0.0,98.0,0.0
102.0,0.0,99.0,0.0
83.0,0.0,98.0,0.0
94.0,0.0,100.0,0.0
91.0,0.0,99.0,0.0
70.0,0.0,96.0,0.0
82.0,0.0,99.0,0.0
96.0,0.0,99.0,0.0
87.0,0.0,100.0,0.0
77.0,0.0,99.0,0.0
86.0,0.0,100.0,0.0
100.0,0.0,95.0,0.0
104.0,0.0,100.0,0.0
103.0,0.0,100.0,0.0
109.0,0.0,97.0,0.0
88.0,0.0,90.0,0.0
111.0,0.0,95.0,0.0
103.0,0.0,98.0,0.0
102.0,0.0,98.0,0.0
103.0,0.0,97.0,0.0
114.0,0.0,95.0,0.0
112.0,0.0,99.0,0.0
120.0,0.0,97.0,0.0
90.0,0.0,94.0,0.0
89.0,0.0,97.0,0.0
97.0,0.0,98.0,0.0
92.0,0.0,91.0,0.0
79.0,0.0,95.0,0.0
75.0,0.0,97.0,0.0
79.0,0.0,99.0,0.0
81.0,0.0,99.0,0.0
77.0,0.0,99.0,0.0
89.0,0.0,96.0,0.0
90.0,0.0,97.0,0.0
98.0,0.0,95.0,0.0
95.0,0.0,93.0,0.0
98.0,0.0,97.0,0.0
72.0,0.0,92.0,0.0
83.0,0.0,99.0,0.0
86.0,0.0,94.0,0.0
83.0,0.0,96.0,0.0
89.0,0.0,99.0,0.0
91.0,0.0,97.0,0.0
73.0,0.0,94.0,0.0
71.0,0.0,99.0,0.0
77.0,0.0,93.0,0.0
79.0,0.0,91.0,0.0
84.0,0.0,97.0,0.0
87.0,0.0,100.0,0.0
81.0,0.0,97.0,0.0
94.0,0.0,93.0,0.0
88.0,0.0,95.0,0.0
90.0,0.0,93.0,0.0
90.0,0.0,95.0,0.0
100.0,0.0,98.0,0.0
83.0,0.0,95.0,0.0
86.66666666666667,4.618802153517007,96.0,0.0
97.0,0.0,96.0,0.0
99.0,0.0,98.0,0.0
100.0,0.0,99.0,0.0
95.0,0.0,97.0,0.0
69.0,0.0,96.0,0.0
82.0,0.0,96.0,0.0
79.0,0.0,95.0,0.0
84.0,0.0,99.0,0.0
78.0,0.0,100.0,0.0
98.0,0.0,92.0,0.0
76.0,0.0,96.0,0.0
74.0,0.0,96.0,0.0
81.0,0.0,96.0,0.0
82.0,0.0,99.0,0.0
82.0,0.0,98.0,0.0
76.0,0.0,99.0,0.0
81.0,0.0,100.0,0.0
85.0,0.0,99.0,0.0
94.0,0.0,97.0,0.0
92.0,0.0,97.0,0.0
95.0,0.0,99.0,0.0
80.0,0.0,97.0,0.0
69.0,0.0,97.0,0.0
72.0,0.0,100.0,0.0
74.0,0.0,100.0,0.0
79.0,0.0,99.0,0.0
77.0,0.0,99.0,0.0
72.0,0.0,98.0,0.0
68.0,0.0,98.0,0.0
74.0,0.0,100.0,0.0
65.0,0.0,95.0,0.0
68.0,0.0,96.0,0.0
77.0,0.0,93.0,0.0
78.0,0.0,99.0,0.0
80.0,0.0,99.0,0.0
73.0,0.0,96.0,0.0
82.0,0.0,95.0,0.0
79.0,0.0,97.0,0.0
90.0,0.0,98.0,0.0
78.0,0.0,93.0,0.0
78.0,0.0,98.0,0.0
70.0,0.0,98.0,0.0
73.0,0.0,91.0,0.0
75.0,0.0,92.0,0.0
83.0,0.0,98.0,0.0
83.0,0.0,99.0,0.0
60.0,0.0,96.0,0.0
66.0,0.0,100.0,0.0
74.0,0.0,100.0,0.0
67.0,0.0,100.0,0.0
83.0,0.0,99.0,0.0
73.0,0.0,97.0,0.0
59.0,0.0,98.0,0.0
66.0,0.0,97.0,0.0
68.0,0.0,94.0,0.0
77.0,0.0,96.0,0.0
79.0,0.0,97.0,0.0
73.0,0.0,97.0,0.0
72.0,0.0,99.0,0.0
67.0,0.0,95.0,0.0
59.0,0.0,96.0,0.0
66.0,0.0,99.0,0.0
79.0,0.0,99.0,0.0
83.0,0.0,95.0,0.0
67.0,0.0,98.0,0.0
59.0,0.0,99.0,0.0
64.0,0.0,99.0,0.0
73.0,0.0,100.0,0.0
66.0,0.0,100.0,0.0
79.0,0.0,98.0,0.0
65.0,0.0,100.0,0.0
70.0,0.0,90.0,0.0
75.0,0.0,93.0,0.0
83.0,0.0,92.0,0.0
70.0,0.0,99.0,0.0
61.0,0.0,96.0,0.0
66.0,0.0,96.0,0.0
62.0,0.0,96.0,0.0
68.0,0.0,96.0,0.0
68.0,0.0,100.0,0.0
72.0,0.0,99.0,0.0
74.0,0.0,91.0,0.0
60.0,0.0,100.0,0.0
54.0,0.0,100.0,0.0
85.5,2.1213203435596424,96.5,0.7071067811865476
83.0,0.0,96.0,0.0
86.0,0.0,98.0,0.0
85.0,0.0,96.0,0.0
89.0,0.0,94.0,0.0
90.0,0.0,95.0,0.0
92.0,0.0,96.0,0.0
92.0,0.0,98.0,0.0
88.0,0.0,98.0,0.0
87.0,0.0,97.0,0.0
85.0,0.0,97.0,0.0
86.0,0.0,96.0,0.0
87.0,0.0,96.0,0.0
87.0,0.0,95.0,0.0
89.0,0.0,95.0,0.0
90.0,0.0,95.0,0.0
98.0,0.0,96.0,0.0
98.0,0.0,95.0,0.0
101.0,0.0,94.0,0.0
99.0,0.0,95.0,0.0
99.0,0.0,96.0,0.0
99.0,0.0,95.0,0.0
101.0,0.0,97.0,0.0
103.0,0.0,96.0,0.0
100.0,0.0,95.0,0.0
103.0,0.0,96.0,0.0
99.0,0.0,94.0,0.0
98.0,0.0,94.0,0.0
98.0,0.0,95.0,0.0
97.0,0.0,94.0,0.0
92.0,0.0,95.0,0.0
93.0,0.0,95.0,0.0
93.0,0.0,99.0,0.0
88.0,0.0,97.0,0.0
91.0,0.0,96.0,0.0
93.0,0.0,96.0,0.0
94.0,0.0,96.0,0.0
97.0,0.0,96.0,0.0
99.0,0.0,94.0,0.0
104.0,0.0,95.0,0.0
106.0,0.0,96.0,0.0
102.0,0.0,96.0,0.0
102.0,0.0,97.0,0.0
98.0,0.0,94.0,0.0
97.0,0.0,96.0,0.0
94.0,0.0,95.0,0.0
95.0,0.0,96.0,0.0
92.0,0.0,96.0,0.0
94.0,0.0,98.0,0.0
96.0,0.0,95.0,0.0
90.0,0.0,100.0,0.0
92.0,0.0,96.0,0.0
97.0,0.0,96.0,0.0
97.0,0.0,95.0,0.0
95.0,0.0,93.0,0.0
91.0,0.0,96.0,0.0
94.0,0.0,97.0,0.0
98.0,0.0,96.0,0.0
107.0,0.0,94.0,0.0
101.0,0.0,96.0,0.0
97.0,0.0,97.0,0.0
113.0,0.0,97.0,0.0
96.0,0.0,97.0,0.0
102.0,0.0,96.0,0.0
104.0,0.0,95.0,0.0
95.0,0.0,96.0,0.0
102.0,0.0,95.0,0.0
111.0,0.0,95.0,0.0
114.0,0.0,94.0,0.0
112.0,0.0,94.0,0.0
110.0,0.0,92.0,0.0
116.0,0.0,94.0,0.0
114.0,0.0,95.0,0.0
110.0,0.0,94.0,0.0
117.0,0.0,95.0,0.0
112.0,0.0,96.0,0.0
118.0,0.0,95.0,0.0
120.0,0.0,93.0,0.0
117.0,0.0,93.0,0.0
115.0,0.0,100.0,0.0
121.0,0.0,96.0,0.0
111.0,0.0,95.0,0.0
112.0,0.0,97.0,0.0
111.0,0.0,98.0,0.0
122.0,0.0,89.0,0.0
119.0,0.0,91.0,0.0
116.0,0.0,91.0,0.0
115.0,0.0,95.0,0.0
107.0,0.0,95.0,0.0
111.0,0.0,95.0,0.0
119.0,0.0,97.0,0.0
112.0,0.0,97.0,0.0
106.0,0.0,97.0,0.0
99.0,0.0,96.0,0.0
96.0,0.0,96.0,0.0
96.0,0.0,96.0,0.0
108.0,0.0,97.0,0.0
104.0,0.0,96.0,0.0
105.0,0.0,96.0,0.0
104.0,0.0,96.0,0.0
106.0,0.0,96.0,0.0
96.0,0.0,97.0,0.0
102.0,0.0,96.0,0.0
107.0,0.0,98.0,0.0
90.0,0.0,97.0,0.0
104.0,0.0,96.0,0.0
96.0,0.0,94.0,0.0
82.0,0.0,97.0,0.0
88.0,0.0,98.0,0.0
78.0,0.0,97.0,0.0
94.0,0.0,98.0,0.0
73.0,0.0,98.0,0.0
87.0,0.0,97.0,0.0
108.0,0.0,92.0,0.0
98.0,0.0,96.0,0.0
103.0,0.0,95.0,0.0
83.0,0.0,93.0,0.0
97.0,0.0,97.0,0.0
95.0,0.0,96.0,0.0
99.0,0.0,97.0,0.0
89.0,0.0,96.0,0.0
98.0,0.0,96.0,0.0
98.0,0.0,94.0,0.0
89.0,0.0,97.0,0.0
101.0,0.0,97.0,0.0
91.0,0.0,91.0,0.0
94.0,0.0,94.0,0.0
86.0,0.0,99.0,0.0
98.0,0.0,92.0,0.0
85.0,0.0,99.0,0.0
100.0,0.0,100.0,0.0
102.0,0.0,100.0,0.0
99.0,0.0,96.0,0.0
108.0,0.0,99.0,0.0
101.0,0.0,100.0,0.0
106.0,0.0,95.0,0.0
101.0,0.0,97.0,0.0
108.0,0.0,98.0,0.0
104.0,0.0,100.0,0.0
88.0,0.0,100.0,0.0
83.0,0.0,100.0,0.0
104.0,0.0,100.0,0.0
104.0,0.0,100.0,0.0
105.0,0.0,97.0,0.0
91.0,0.0,100.0,0.0
92.0,0.0,98.0,0.0
103.0,0.0,99.0,0.0
49.0,0.0,100.0,0.0
48.0,0.0,99.0,0.0
67.0,0.0,99.0,0.0
47.0,0.0,100.0,0.0
46.0,0.0,99.0,0.0
48.0,0.0,99.0,0.0
48.0,0.0,100.0,0.0
47.0,0.0,99.0,0.0
50.0,0.0,97.0,0.0
49.0,0.0,98.0,0.0
50.0,0.0,97.0,0.0
60.0,0.0,98.0,0.0
58.0,0.0,95.0,0.0
57.0,0.0,92.0,0.0
58.0,0.0,96.0,0.0
120.0,0.0,95.0,0.0
122.5,0.7071067811865476,95.0,0.0
113.0,0.0,97.0,0.0
112.0,0.0,97.0,0.0
118.0,0.0,99.0,0.0
113.0,0.0,98.0,0.0
118.0,0.0,97.0,0.0
122.0,0.0,90.0,0.0
120.0,0.0,92.0,0.0
115.0,0.0,94.0,0.0
114.0,0.0,96.0,0.0
112.0,0.0,95.0,0.0
112.0,0.0,96.0,0.0
111.0,0.0,93.0,0.0
111.0,0.0,90.0,0.0
118.0,0.0,88.0,0.0
114.0,0.0,92.0,0.0
101.0,0.0,81.0,0.0
115.0,0.0,91.0,0.0
114.0,0.0,92.0,0.0
115.0,0.0,90.0,0.0
112.0,0.0,92.0,0.0
111.0,0.0,92.0,0.0
108.0,0.0,91.0,0.0
111.0,0.0,91.0,0.0
109.0,0.0,90.0,0.0
105.0,0.0,89.0,0.0
110.0,0.0,94.0,0.0
108.0,0.0,95.0,0.0
104.0,0.0,93.0,0.0
105.0,0.0,94.0,0.0
107.0,0.0,84.0,0.0
112.0,0.0,81.0,0.0
112.0,0.0,75.0,0.0
110.0,0.0,80.0,0.0
107.0,0.0,61.0,0.0
84.0,0.0,99.0,0.0
85.0,0.0,99.0,0.0
78.0,0.0,96.0,0.0
70.0,0.0,93.0,0.0
80.0,0.0,97.0,0.0
77.0,0.0,94.0,0.0
82.0,0.0,97.0,0.0
86.0,0.0,94.0,0.0
73.0,0.0,92.0,0.0
83.0,0.0,96.0,0.0
87.0,0.0,100.0,0.0
88.0,0.0,99.0,0.0
79.0,0.0,98.0,0.0
81.0,0.0,94.0,0.0
87.0,0.0,99.0,0.0
87.0,0.0,98.0,0.0
82.0,0.0,98.0,0.0
77.0,0.0,99.0,0.0
87.0,0.0,100.0,0.0
84.0,0.0,99.0,0.0
84.0,0.0,98.0,0.0
93.0,0.0,100.0,0.0
75.0,0.0,98.0,0.0
88.0,0.0,98.0,0.0
94.0,0.0,96.0,0.0
90.0,0.0,100.0,0.0
89.0,0.0,100.0,0.0
96.0,0.0,94.0,0.0
87.0,0.0,96.0,0.0
94.0,0.0,97.0,0.0
108.0,0.0,80.5,2.1213203435596424
98.0,0.0,98.0,0.0
89.0,0.0,99.0,0.0
85.0,0.0,92.0,0.0
99.0,0.0,98.0,0.0
59.0,0.0,98.0,0.0
82.0,0.0,97.0,0.0
84.0,0.0,98.0,0.0
82.0,0.0,98.0,0.0
69.0,0.0,98.0,0.0
95.0,0.0,91.0,0.0
93.0,0.0,95.0,0.0
90.0,0.0,94.0,0.0
83.0,0.0,94.0,0.0
72.0,0.0,90.0,0.0
85.0,0.0,96.0,0.0
83.0,0.0,96.0,0.0
84.0,0.0,95.0,0.0
90.0,0.0,94.0,0.0
94.0,0.0,95.0,0.0
95.0,0.0,95.0,0.0
92.0,0.0,98.0,0.0
84.0,0.0,99.0,0.0
83.0,0.0,100.0,0.0
76.0,0.0,100.0,0.0
81.0,0.0,100.0,0.0
97.0,0.0,99.0,0.0
84.0,0.0,97.0,0.0
84.0,0.0,96.0,0.0
72.0,0.0,98.0,0.0
82.0,0.0,96.0,0.0
101.0,0.0,88.0,0.0
95.0,0.0,94.0,0.0
88.0,0.0,100.0,0.0
96.0,0.0,92.0,0.0
103.0,0.0,89.0,0.0
83.0,0.0,94.0,0.0
91.0,0.0,95.0,0.0
92.0,0.0,93.0,0.0
113.0,0.0,94.0,0.0
137.0,0.0,96.0,0.0
134.0,0.0,97.0,0.0
97.0,0.0,99.0,0.0
84.0,0.0,98.0,0.0
83.0,0.0,95.0,0.0
77.0,0.0,95.0,0.0
72.0,0.0,94.0,0.0
71.0,0.0,94.0,0.0
87.0,0.0,94.0,0.0
86.0,0.0,98.0,0.0
85.0,0.0,98.0,0.0
84.0,0.0,97.0,0.0
90.0,0.0,100.0,0.0
89.0,0.0,100.0,0.0
87.0,0.0,99.0,0.0
81.0,0.0,100.0,0.0
79.0,0.0,93.0,0.0
78.0,0.0,100.0,0.0
79.0,0.0,100.0,0.0
80.0,0.0,97.0,0.0
79.0,0.0,98.0,0.0
76.0,0.0,98.0,0.0
75.0,0.0,96.0,0.0
76.0,0.0,97.0,0.0
76.0,0.0,97.0,0.0
72.0,0.0,93.0,0.0
70.0,0.0,93.0,0.0
70.0,0.0,95.0,0.0
73.0,0.0,95.0,0.0
71.0,0.0,95.0,0.0
73.0,0.0,94.0,0.0
73.0,0.0,94.0,0.0
79.0,0.0,93.0,0.0
74.0,0.0,95.0,0.0
76.0,0.0,95.0,0.0
87.0,0.0,94.0,0.0
67.0,0.0,94.0,0.0
67.0,0.0,92.0,0.0
72.0,0.0,93.0,0.0
63.0,0.0,93.0,0.0
68.0,0.0,93.0,0.0
75.0,0.0,94.0,0.0
67.0,0.0,94.0,0.0
64.0,0.0,94.0,0.0
63.0,0.0,96.0,0.0
65.0,0.0,94.0,0.0
65.0,0.0,94.0,0.0
62.0,0.0,95.0,0.0
58.0,0.0,96.0,0.0
74.0,0.0,95.0,0.0
77.0,0.0,96.0,0.0
68.0,0.0,96.0,0.0
66.0,0.0,96.0,0.0
69.0,0.0,95.0,0.0
59.0,0.0,95.0,0.0
58.0,0.0,95.0,0.0
60.0,0.0,97.0,0.0
59.0,0.0,95.0,0.0
59.0,0.0,96.0,0.0
55.0,0.0,96.0,0.0
60.0,0.0,96.0,0.0
60.0,0.0,98.0,0.0
61.0,0.0,97.0,0.0
55.0,0.0,96.0,0.0
61.0,0.0,96.0,0.0
61.0,0.0,96.0,0.0
59.0,0.0,97.0,0.0
69.0,0.0,98.0,0.0
64.0,0.0,98.0,0.0
62.0,0.0,97.0,0.0
68.0,0.0,100.0,0.0
65.0,0.0,98.0,0.0
71.0,0.0,96.0,0.0
66.0,0.0,97.0,0.0
68.0,0.0,97.0,0.0
69.0,0.0,97.0,0.0
78.0,0.0,95.0,0.0
79.0,0.0,96.0,0.0
76.0,0.0,97.0,0.0
68.0,0.0,96.0,0.0
67.0,0.0,97.0,0.0
69.0,0.0,96.0,0.0
63.0,0.0,96.0,0.0
70.0,0.0,97.0,0.0
69.0,0.0,98.0,0.0
66.0,0.0,97.0,0.0
69.0,0.0,98.0,0.0
70.0,0.0,99.0,0.0
78.0,0.0,98.0,0.0
64.0,0.0,97.0,0.0
66.0,0.0,96.0,0.0
66.0,0.0,95.0,0.0
66.0,0.0,99.0,0.0
74.0,0.0,96.0,0.0
69.0,0.0,98.0,0.0
72.0,0.0,95.0,0.0
74.0,0.0,97.0,0.0
74.0,0.0,96.0,0.0
78.0,0.0,94.0,0.0
84.0,0.0,97.0,0.0
82.0,0.0,95.0,0.0
86.0,0.0,95.0,0.0
83.0,0.0,94.0,0.0
82.0,0.0,94.0,0.0
79.0,0.0,95.0,0.0
78.0,0.0,96.0,0.0
85.0,0.0,98.0,0.0
86.0,0.0,94.0,0.0
83.0,0.0,99.0,0.0
76.0,0.0,95.0,0.0
69.0,0.0,100.0,0.0
74.0,0.0,97.0,0.0
71.0,0.0,96.0,0.0
77.0,0.0,95.0,0.0
82.0,0.0,97.0,0.0
77.0,0.0,97.0,0.0
78.0,0.0,98.0,0.0
76.0,0.0,92.0,0.0
71.0,0.0,96.0,0.0
73.0,0.0,94.0,0.0
77.0,0.0,94.0,0.0
81.0,0.0,93.0,0.0
74.0,0.0,95.0,0.0
83.0,0.0,97.0,0.0
76.0,0.0,92.0,0.0
74.0,0.0,94.0,0.0
78.0,0.0,94.0,0.0
80.0,0.0,97.0,0.0
78.0,0.0,96.0,0.0
93.0,0.0,98.0,0.0
91.0,0.0,98.0,0.0
104.0,0.0,89.0,0.0
88.0,0.0,90.0,0.0
86.0,0.0,92.0,0.0
87.0,0.0,94.0,0.0
99.0,0.0,88.0,0.0
90.0,0.0,94.0,0.0
80.0,0.0,94.0,0.0
83.0,0.0,95.0,0.0
85.0,0.0,94.0,0.0
78.0,0.0,95.0,0.0
80.0,0.0,94.0,0.0
82.0,0.0,95.0,0.0
85.0,0.0,94.0,0.0
85.0,0.0,93.0,0.0
85.0,0.0,95.0,0.0
90.0,0.0,94.0,0.0
95.0,0.0,93.0,0.0
86.0,0.0,95.0,0.0
81.0,0.0,97.0,0.0
83.0,0.0,94.0,0.0
80.0,0.0,99.0,0.0
89.0,0.0,99.0,0.0
85.0,0.0,97.0,0.0
86.0,0.0,94.0,0.0
81.0,0.0,98.0,0.0
81.0,0.0,95.0,0.0
80.0,0.0,96.0,0.0
83.0,0.0,94.0,0.0
87.0,0.0,95.0,0.0
84.0,0.0,96.0,0.0
86.0,0.0,93.0,0.0
80.0,0.0,99.0,0.0
84.0,0.0,98.0,0.0
82.0,0.0,95.0,0.0
80.0,0.0,95.0,0.0
88.0,0.0,98.0,0.0
91.0,0.0,97.0,0.0
89.0,0.0,100.0,0.0
87.0,0.0,99.0,0.0
83.0,0.0,100.0,0.0
85.0,0.0,99.0,0.0
89.0,0.0,98.0,0.0
73.0,0.0,99.0,0.0
69.0,0.0,99.0,0.0
81.0,0.0,98.0,0.0
79.0,0.0,99.0,0.0
80.0,0.0,98.0,0.0
78.0,0.0,97.0,0.0
75.0,0.0,96.0,0.0
73.0,0.0,100.0,0.0
82.0,0.0,99.0,0.0
79.0,0.0,99.0,0.0
70.0,0.0,100.0,0.0
76.0,0.0,100.0,0.0
75.0,0.0,100.0,0.0
79.0,0.0,99.0,0.0
79.0,0.0,97.0,0.0
80.0,0.0,98.0,0.0
82.0,0.0,94.0,0.0
82.0,0.0,98.0,0.0
79.0,0.0,93.0,0.0
76.0,0.0,100.0,0.0
93.0,0.0,95.0,0.0
75.0,0.0,98.0,0.0
78.0,0.0,95.0,0.0
75.0,0.0,97.0,0.0
77.0,0.0,97.0,0.0
71.0,0.0,95.0,0.0
98.0,0.0,93.0,0.0
94.0,0.0,93.0,0.0
89.0,0.0,98.0,0.0
94.0,0.0,94.0,0.0
97.0,0.0,96.0,0.0
91.0,0.0,93.0,0.0
78.0,0.0,94.0,0.0
105.0,0.0,94.0,0.0
96.0,0.0,98.0,0.0
85.0,0.0,97.0,0.0
84.0,0.0,99.0,0.0
91.0,0.0,97.0,0.0
105.0,0.0,96.0,0.0
87.0,0.0,97.0,0.0
103.0,0.0,96.0,0.0
93.0,0.0,99.0,0.0
106.0,0.0,100.0,0.0
102.0,0.0,100.0,0.0
99.0,0.0,100.0,0.0
98.0,0.0,100.0,0.0
101.0,0.0,100.0,0.0
108.0,0.0,100.0,0.0
108.0,0.0,100.0,0.0
109.0,0.0,99.0,0.0
110.0,0.0,99.0,0.0
117.0,0.0,100.0,0.0
118.0,0.0,99.0,0.0
120.0,0.0,98.0,0.0
116.0,0.0,99.0,0.0
118.0,0.0,99.0,0.0
116.0,0.0,99.0,0.0
117.0,0.0,99.0,0.0
126.0,0.0,97.0,0.0
119.0,0.0,98.0,0.0
122.0,0.0,96.0,0.0
119.0,0.0,97.0,0.0
115.0,0.0,99.0,0.0
122.0,0.0,97.0,0.0
117.0,0.0,98.0,0.0
118.0,0.0,97.0,0.0
121.0,0.0,100.0,0.0
113.0,0.0,98.0,0.0
112.0,0.0,98.0,0.0
105.0,0.0,98.0,0.0
103.0,0.0,98.0,0.0
116.0,0.0,98.0,0.0
101.0,0.0,99.0,0.0
115.0,0.0,97.0,0.0
115.0,0.0,99.0,0.0
120.0,0.0,99.0,0.0
100.0,0.0,100.0,0.0
109.0,0.0,99.0,0.0
111.0,0.0,98.0,0.0
114.0,0.0,99.0,0.0
102.0,0.0,99.0,0.0
113.0,0.0,100.0,0.0
110.0,0.0,100.0,0.0
107.0,0.0,100.0,0.0
122.0,0.0,100.0,0.0
125.0,0.0,96.0,0.0
121.0,0.0,98.0,0.0
124.0,0.0,99.0,0.0
127.0,0.0,100.0,0.0
128.0,0.0,97.0,0.0
115.0,0.0,99.0,0.0
108.0,0.0,98.0,0.0
101.0,0.0,99.0,0.0
101.0,0.0,99.0,0.0
94.0,0.0,99.0,0.0
95.0,0.0,100.0,0.0
92.0,0.0,99.0,0.0
101.0,0.0,97.0,0.0
105.0,0.0,97.0,0.0
121.0,0.0,98.0,0.0
117.0,0.0,98.0,0.0
115.0,0.0,97.0,0.0
131.0,0.0,97.0,0.0
135.0,0.0,96.0,0.0
111.0,0.0,98.0,0.0
111.0,0.0,98.0,0.0
106.0,0.0,96.0,0.0
112.0,0.0,99.0,0.0
119.0,0.0,99.0,0.0
126.0,0.0,99.0,0.0
117.0,0.0,100.0,0.0
131.0,0.0,97.0,0.0
134.0,0.0,92.0,0.0
129.0,0.0,96.0,0.0
143.0,0.0,98.0,0.0
131.0,0.0,96.0,0.0
123.0,0.0,98.0,0.0
122.0,0.0,99.0,0.0
116.0,0.0,99.0,0.0
119.0,0.0,98.0,0.0
114.0,0.0,98.0,0.0
116.0,0.0,98.0,0.0
118.0,0.0,98.0,0.0
120.0,0.0,100.0,0.0
120.0,0.0,97.0,0.0
119.0,0.0,97.0,0.0
116.0,0.0,99.0,0.0
116.0,0.0,98.0,0.0
118.0,0.0,96.0,0.0
108.0,0.0,98.0,0.0
111.0,0.0,99.0,0.0
119.0,0.0,95.0,0.0
116.0,0.0,99.0,0.0
118.0,0.0,99.0,0.0
112.0,0.0,99.0,0.0
106.0,0.0,99.0,0.0
99.0,0.0,98.0,0.0
96.0,0.0,100.0,0.0
96.0,0.0,100.0,0.0
111.0,0.0,99.0,0.0
99.0,0.0,97.0,0.0
101.0,0.0,94.0,0.0
105.0,0.0,94.0,0.0
106.0,0.0,93.0,0.0
107.0,0.0,95.0,0.0
107.0,0.0,94.0,0.0
109.0,0.0,94.0,0.0
105.0,0.0,93.0,0.0
103.0,0.0,94.0,0.0
103.0,0.0,95.0,0.0
100.0,0.0,92.0,0.0
120.0,0.0,93.0,0.0
106.0,0.0,96.0,0.0
115.0,0.0,95.0,0.0
115.0,0.0,95.0,0.0
116.0,0.0,94.0,0.0
112.0,0.0,99.0,0.0
116.0,0.0,97.0,0.0
116.0,0.0,96.0,0.0
110.0,0.0,99.0,0.0
110.0,0.0,99.0,0.0
106.0,0.0,100.0,0.0
119.0,0.0,96.0,0.0
113.0,0.0,98.0,0.0
132.0,0.0,95.0,0.0
126.0,0.0,88.0,0.0
123.0,0.0,99.0,0.0
122.0,0.0,94.0,0.0
126.0,0.0,91.0,0.0
120.0,0.0,99.0,0.0
117.0,0.0,100.0,0.0
118.0,0.0,92.0,0.0
114.0,0.0,96.0,0.0
116.0,0.0,97.0,0.0
119.0,0.0,99.0,0.0
124.0,0.0,91.0,0.0
124.0,0.0,94.0,0.0
121.0,0.0,98.0,0.0
120.0,0.0,99.0,0.0
119.0,0.0,97.0,0.0
120.0,0.0,98.0,0.0
112.0,0.0,99.0,0.0
111.0,0.0,98.0,0.0
109.0,0.0,97.0,0.0
106.0,0.0,100.0,0.0
126.0,0.0,94.0,0.0
115.0,0.0,98.0,0.0
108.0,0.0,97.0,0.0
108.0,0.0,97.0,0.0
129.0,0.0,97.0,0.0
121.0,0.0,97.0,0.0
114.0,0.0,99.0,0.0
115.0,0.0,99.0,0.0
114.0,0.0,99.0,0.0
121.0,0.0,96.0,0.0
114.0,0.0,96.0,0.0
108.0,0.0,98.0,0.0
111.0,0.0,96.0,0.0
114.0,0.0,99.0,0.0
107.0,0.0,100.0,0.0
104.0,0.0,100.0,0.0
116.0,0.0,95.0,0.0
107.0,0.0,99.0,0.0
111.0,0.0,99.0,0.0
113.0,0.0,94.0,0.0
125.0,0.0,99.0,0.0
119.0,0.0,98.0,0.0
111.0,0.0,100.0,0.0
111.0,0.0,97.0,0.0
105.0,0.0,100.0,0.0
109.0,0.0,100.0,0.0
109.0,0.0,99.0,0.0
120.0,0.0,96.0,0.0
113.0,0.0,99.0,0.0
111.0,0.0,100.0,0.0
110.0,0.0,100.0,0.0
112.0,0.0,100.0,0.0
132.0,0.0,95.0,0.0
120.0,0.0,100.0,0.0
116.0,0.0,100.0,0.0
119.0,0.0,100.0,0.0
115.0,0.0,100.0,0.0
114.0,0.0,100.0,0.0
115.0,0.0,100.0,0.0
120.0,0.0,100.0,0.0
114.0,0.0,100.0,0.0
119.0,0.0,100.0,0.0
114.0,0.0,99.0,0.0
116.0,0.0,99.0,0.0
119.0,0.0,100.0,0.0
118.0,0.0,99.0,0.0
114.0,0.0,100.0,0.0
106.0,0.0,100.0,0.0
105.0,0.0,100.0,0.0
108.0,0.0,100.0,0.0
105.0,0.0,100.0,0.0
113.0,0.0,99.0,0.0
109.0,0.0,100.0,0.0
112.0,0.0,100.0,0.0
107.0,0.0,97.0,0.0
118.0,0.0,96.0,0.0
108.0,0.0,100.0,0.0
106.0,0.0,100.0,0.0
116.0,0.0,96.0,0.0
116.0,0.0,98.0,0.0
116.0,0.0,98.0,0.0
113.0,0.0,100.0,0.0
119.0,0.0,97.0,0.0
121.0,0.0,98.0,0.0
116.0,0.0,97.0,0.0
113.0,0.0,99.0,0.0
109.0,0.0,98.0,0.0
104.0,0.0,98.0,0.0
112.0,0.0,98.0,0.0
109.0,0.0,100.0,0.0
105.0,0.0,100.0,0.0
104.0,0.0,100.0,0.0
114.0,0.0,100.0,0.0
107.0,0.0,96.0,0.0
104.0,0.0,97.0,0.0
107.0,0.0,100.0,0.0
112.0,0.0,100.0,0.0
102.0,0.0,100.0,0.0
110.0,0.0,100.0,0.0
100.0,0.0,100.0,0.0
118.0,0.0,95.0,0.0
110.0,0.0,98.0,0.0
106.0,0.0,100.0,0.0
90.0,0.0,100.0,0.0
99.0,0.0,100.0,0.0
112.0,0.0,97.0,0.0
102.0,0.0,100.0,0.0
94.0,0.0,100.0,0.0
109.0,0.0,100.0,0.0
109.0,0.0,100.0,0.0
110.0,0.0,100.0,0.0
103.0,0.0,100.0,0.0
102.0,0.0,100.0,0.0
112.0,0.0,100.0,0.0
115.0,0.0,98.0,0.0
108.0,0.0,100.0,0.0
112.0,0.0,100.0,0.0
97.0,0.0,100.0,0.0
94.0,0.0,100.0,0.0
99.0,0.0,100.0,0.0
116.0,0.0,99.0,0.0
101.0,0.0,100.0,0.0
105.0,0.0,99.0,0.0
99.0,0.0,100.0,0.0
99.0,0.0,100.0,0.0
107.0,0.0,100.0,0.0
105.0,0.0,100.0,0.0
104.0,0.0,100.0,0.0
108.0,0.0,98.0,0.0
98.0,0.0,100.0,0.0
105.0,0.0,100.0,0.0
101.0,0.0,100.0,0.0
103.0,0.0,100.0,0.0
116.0,0.0,98.0,0.0
111.0,0.0,100.0,0.0
107.0,0.0,100.0,0.0
106.0,0.0,97.0,0.0
120.0,0.0,99.0,0.0
117.0,0.0,99.0,0.0
107.0,0.0,93.0,0.0
109.0,0.0,99.0,0.0
108.0,0.0,96.0,0.0
107.0,0.0,99.0,0.0
105.0,0.0,98.0,0.0
108.0,0.0,98.0,0.0
105.0,0.0,99.0,0.0
119.0,0.0,98.0,0.0
111.0,0.0,98.0,0.0
100.0,0.0,100.0,0.0
109.0,0.0,99.0,0.0
105.0,0.0,99.0,0.0
101.0,0.0,100.0,0.0
111.0,0.0,99.0,0.0
90.0,0.0,100.0,0.0
104.0,0.0,98.0,0.0
101.0,0.0,99.0,0.0
97.0,0.0,100.0,0.0
112.0,0.0,99.0,0.0
100.0,0.0,98.0,0.0
111.0,0.0,100.0,0.0
108.0,0.0,99.0,0.0
101.0,0.0,98.0,0.0
113.0,0.0,99.0,0.0
104.0,0.0,99.0,0.0
101.0,0.0,95.0,0.0
117.0,0.0,98.0,0.0
108.0,0.0,100.0,0.0
109.0,0.0,100.0,0.0
111.0,0.0,99.0,0.0
110.0,0.0,98.0,0.0
107.0,0.0,99.0,0.0
111.0,0.0,98.0,0.0
120.0,0.0,99.0,0.0
126.0,0.0,98.0,0.0
115.0,0.0,99.0,0.0
117.0,0.0,100.0,0.0
117.0,0.0,90.0,0.0
106.0,0.0,95.0,0.0
113.0,0.0,99.0,0.0
106.0,0.0,99.0,0.0
103.0,0.0,100.0,0.0
103.0,0.0,100.0,0.0
102.0,0.0,96.0,0.0
110.0,0.0,98.0,0.0
52.0,0.0,100.0,0.0
48.0,0.0,100.0,0.0
43.0,0.0,100.0,0.0
42.0,0.0,100.0,0.0
55.0,0.0,100.0,0.0
58.0,0.0,100.0,0.0
69.0,0.0,100.0,0.0
61.0,0.0,98.0,0.0
66.0,0.0,98.0,0.0
75.0,0.0,100.0,0.0
73.0,0.0,98.0,0.0
79.0,0.0,96.0,0.0
72.0,0.0,98.0,0.0
75.0,0.0,100.0,0.0
78.0,0.0,97.0,0.0
109.0,0.0,94.0,0.0
97.0,0.0,96.0,0.0
84.0,0.0,100.0,0.0
84.0,0.0,97.0,0.0
93.0,0.0,97.0,0.0
90.0,0.0,97.0,0.0
94.0,0.0,96.0,0.0
107.0,0.0,95.0,0.0
80.0,0.0,95.0,0.0
85.0,0.0,98.0,0.0
98.0,0.0,98.0,0.0
105.0,0.0,98.0,0.0
95.0,0.0,98.0,0.0
94.0,0.0,96.0,0.0
93.0,0.0,96.0,0.0
106.0,0.0,97.0,0.0
107.0,0.0,96.0,0.0
104.0,0.0,98.0,0.0
102.0,0.0,99.0,0.0
98.0,0.0,100.0,0.0
93.0,0.0,99.0,0.0
85.0,0.0,98.0,0.0
87.0,0.0,100.0,0.0
110.0,0.0,93.0,0.0
84.0,0.0,100.0,0.0
84.0,0.0,95.0,0.0
72.0,0.0,98.0,0.0
76.0,0.0,95.0,0.0
82.0,0.0,100.0,0.0
76.0,0.0,98.0,0.0
79.0,0.0,100.0,0.0
72.0,0.0,99.0,0.0
76.0,0.0,98.0,0.0
96.0,0.0,99.0,0.0
114.0,0.0,94.0,0.0
100.0,0.0,97.0,0.0
91.0,0.0,97.0,0.0
84.0,0.0,97.0,0.0
97.0,0.0,98.0,0.0
90.0,0.0,100.0,0.0
81.0,0.0,100.0,0.0
83.0,0.0,95.0,0.0
81.0,0.0,100.0,0.0
71.0,0.0,97.0,0.0
73.0,0.0,99.0,0.0
81.0,0.0,99.0,0.0
72.0,0.0,100.0,0.0
75.0,0.0,100.0,0.0
75.0,0.0,100.0,0.0
77.0,0.0,100.0,0.0
89.0,0.0,100.0,0.0
98.0,0.0,100.0,0.0
101.0,0.0,100.0,0.0
104.0,0.0,99.0,0.0
99.0,0.0,98.0,0.0
91.0,0.0,99.0,0.0
84.0,0.0,100.0,0.0
81.0,0.0,100.0,0.0
86.0,0.0,100.0,0.0
93.0,0.0,96.0,0.0
86.0,0.0,99.0,0.0
93.0,0.0,100.0,0.0
77.0,0.0,99.0,0.0
75.0,0.0,100.0,0.0
86.0,0.0,100.0,0.0
79.0,0.0,98.0,0.0
91.0,0.0,98.0,0.0
93.0,0.0,100.0,0.0
92.0,0.0,99.0,0.0
90.0,0.0,98.0,0.0
85.0,0.0,98.0,0.0
79.0,0.0,100.0,0.0
75.0,0.0,100.0,0.0
77.0,0.0,100.0,0.0
71.0,0.0,100.0,0.0
73.0,0.0,98.0,0.0
72.0,0.0,97.0,0.0
66.0,0.0,99.0,0.0
64.0,0.0,100.0,0.0
70.0,0.0,100.0,0.0
68.0,0.0,100.0,0.0
79.0,0.0,97.0,0.0
58.0,0.0,99.0,0.0
60.0,0.0,100.0,0.0
69.0,0.0,100.0,0.0
67.0,0.0,100.0,0.0
63.0,0.0,100.0,0.0
86.0,0.0,100.0,0.0
71.0,0.0,97.0,0.0
71.0,0.0,98.0,0.0
61.0,0.0,100.0,0.0
62.0,0.0,100.0,0.0
63.0,0.0,100.0,0.0
69.0,0.0,98.0,0.0
70.0,0.0,96.0,0.0
63.0,0.0,98.0,0.0
64.0,0.0,99.0,0.0
70.0,0.0,98.0,0.0
88.0,0.0,97.0,0.0
75.0,0.0,96.0,0.0
84.0,0.0,96.0,0.0
78.0,0.0,95.0,0.0
73.0,0.0,96.0,0.0
80.0,0.0,96.0,0.0
72.0,0.0,98.0,0.0
71.0,0.0,97.0,0.0
73.0,0.0,98.0,0.0
78.5,0.7071067811865476,97.5,0.7071067811865476
74.0,0.0,98.0,0.0
75.0,0.0,98.0,0.0
76.0,0.0,95.0,0.0
80.0,0.0,94.0,0.0
76.0,0.0,97.0,0.0
70.0,0.0,99.0,0.0
70.0,0.0,99.0,0.0
69.0,0.0,96.0,0.0
74.0,0.0,98.0,0.0
75.0,0.0,99.0,0.0
101.0,0.0,95.5,2.1213203435596424
83.0,0.0,100.0,0.0
81.0,0.0,100.0,0.0
74.0,0.0,100.0,0.0
90.0,0.0,100.0,0.0
83.0,0.0,100.0,0.0
82.0,0.0,100.0,0.0
81.0,0.0,100.0,0.0
82.0,0.0,100.0,0.0
80.0,0.0,100.0,0.0
79.0,0.0,100.0,0.0
72.0,0.0,100.0,0.0
74.0,0.0,100.0,0.0
74.0,0.0,100.0,0.0
78.0,0.0,100.0,0.0
82.0,0.0,100.0,0.0
84.0,0.0,100.0,0.0
110.0,0.0,59.0,0.0
121.0,0.0,72.0,0.0
117.0,0.0,82.0,0.0
75.0,0.0,81.0,0.0
74.0,0.0,100.0,0.0
90.0,0.0,100.0,0.0
90.0,0.0,100.0,0.0
88.0,0.0,100.0,0.0
87.0,0.0,100.0,0.0
74.0,0.0,100.0,0.0
73.0,0.0,100.0,0.0
74.0,0.0,100.0,0.0
73.0,0.0,100.0,0.0
76.5,2.1213203435596424,100.0,0.0
74.0,0.0,99.0,0.0
74.0,0.0,98.0,0.0
74.0,0.0,100.0,0.0
76.0,0.0,100.0,0.0
84.0,0.0,96.0,0.0
85.0,0.0,100.0,0.0
74.0,0.0,100.0,0.0
80.0,0.0,100.0,0.0
77.0,0.0,100.0,0.0
78.0,0.0,100.0,0.0
79.0,0.0,100.0,0.0
89.0,0.0,100.0,0.0
88.0,0.0,100.0,0.0
104.0,0.0,100.0,0.0
93.0,0.0,100.0,0.0
89.0,0.0,100.0,0.0
77.0,0.0,100.0,0.0
94.0,0.0,100.0,0.0
93.0,0.0,100.0,0.0
96.0,0.0,100.0,0.0
85.0,0.0,100.0,0.0
90.0,0.0,100.0,0.0
85.0,0.0,100.0,0.0
85.0,0.0,100.0,0.0
91.0,0.0,99.0,0.0
87.0,0.0,99.0,0.0
81.0,0.0,99.0,0.0
81.0,0.0,100.0,0.0
89.0,0.0,100.0,0.0
93.0,0.0,100.0,0.0
92.0,0.0,100.0,0.0
95.0,0.0,95.0,0.0
91.0,0.0,99.0,0.0
83.0,0.0,100.0,0.0
87.0,0.0,100.0,0.0
89.0,0.0,100.0,0.0
84.0,0.0,100.0,0.0
93.0,0.0,100.0,0.0
91.0,0.0,99.0,0.0
88.0,0.0,99.0,0.0
75.0,0.0,99.0,0.0
75.0,0.0,100.0,0.0
72.0,0.0,98.0,0.0
83.0,0.0,100.0,0.0
81.0,0.0,100.0,0.0
69.0,0.0,100.0,0.0
75.0,0.0,100.0,0.0
76.0,0.0,100.0,0.0
76.0,0.0,100.0,0.0
75.0,0.0,100.0,0.0
67.0,0.0,100.0,0.0
77.0,0.0,100.0,0.0
76.0,0.0,100.0,0.0
73.0,0.0,98.0,0.0
71.0,0.0,100.0,0.0
79.0,0.0,99.0,1.4142135623730951
70.0,0.0,100.0,0.0
75.0,0.0,100.0,0.0
68.0,0.0,100.0,0.0
75.0,0.0,100.0,0.0
80.0,0.0,100.0,0.0
74.0,0.0,100.0,0.0
74.0,0.0,100.0,0.0
72.0,0.0,100.0,0.0
64.0,0.0,100.0,0.0
68.0,0.0,100.0,0.0
73.0,0.0,100.0,0.0
77.0,0.0,100.0,0.0
81.0,0.0,100.0,0.0
83.0,0.0,90.0,0.0
76.0,0.0,100.0,0.0
63.0,0.0,100.0,0.0
74.0,0.0,92.0,0.0
69.0,0.0,100.0,0.0
66.0,0.0,100.0,0.0
65.0,0.0,100.0,0.0
63.0,0.0,100.0,0.0
64.0,0.0,100.0,0.0
62.0,0.0,100.0,0.0
61.0,0.0,100.0,0.0
64.0,0.0,100.0,0.0
64.0,0.0,100.0,0.0
72.0,0.0,100.0,0.0
81.0,0.0,99.0,0.0
91.0,0.0,98.0,0.0
88.0,0.0,100.0,0.0
74.0,0.0,100.0,0.0
76.0,0.0,100.0,0.0
76.0,0.0,100.0,0.0
79.0,0.0,100.0,0.0
79.0,0.0,100.0,0.0
78.0,0.0,100.0,0.0
98.0,0.0,99.0,0.0
94.0,0.0,99.0,0.0
97.0,0.0,99.0,0.0
97.0,0.0,100.0,0.0
97.0,0.0,100.0,0.0
93.0,0.0,100.0,0.0
92.0,0.0,99.0,0.0
98.0,0.0,100.0,0.0
95.0,0.0,100.0,0.0
92.0,0.0,95.0,0.0
100.0,0.0,100.0,0.0
90.0,0.0,99.0,0.0
91.0,0.0,93.0,0.0
90.0,0.0,100.0,0.0
77.0,0.0,100.0,0.0
71.0,0.0,100.0,0.0
86.0,0.0,100.0,0.0
80.0,0.0,100.0,0.0
75.0,0.0,100.0,0.0
69.0,0.0,100.0,0.0
89.0,0.0,100.0,0.0
81.0,0.0,100.0,0.0
80.0,0.0,100.0,0.0
84.0,0.0,100.0,0.0
82.0,0.0,100.0,0.0
80.0,0.0,99.0,0.0
72.0,0.0,100.0,0.0
73.0,0.0,100.0,0.0
90.0,0.0,99.0,0.0
75.0,0.0,95.0,0.0
73.0,0.0,92.0,0.0
82.0,0.0,100.0,0.0
72.0,0.0,100.0,0.0
89.0,0.0,100.0,0.0
95.0,0.0,100.0,0.0
111.0,0.0,100.0,0.0
83.0,0.0,98.0,0.0
95.0,0.0,100.0,0.0
103.0,0.0,100.0,0.0
96.0,0.0,100.0,0.0
101.0,0.0,99.0,0.0
87.0,0.0,100.0,0.0
88.0,0.0,100.0,0.0
74.0,0.0,100.0,0.0
76.0,0.0,100.0,0.0
83.0,0.0,100.0,0.0
83.0,0.0,100.0,0.0
93.0,0.0,100.0,0.0
90.0,0.0,100.0,0.0
90.0,0.0,100.0,0.0
83.0,0.0,100.0,0.0
85.0,0.0,100.0,0.0
88.0,0.0,100.0,0.0
84.0,0.0,100.0,0.0
79.0,0.0,100.0,0.0
87.0,0.0,100.0,0.0
85.0,0.0,100.0,0.0
88.0,0.0,100.0,0.0
101.0,0.0,100.0,0.0
91.0,0.0,100.0,0.0
109.0,0.0,90.0,0.0
95.0,0.0,100.0,0.0
94.0,0.0,100.0,0.0
94.0,0.0,100.0,0.0
97.0,0.0,100.0,0.0
83.0,0.0,98.0,0.0
96.0,0.0,100.0,0.0
100.0,0.0,100.0,0.0
86.0,0.0,100.0,0.0
84.0,0.0,100.0,0.0
80.0,0.0,100.0,0.0
93.0,0.0,100.0,0.0
100.0,0.0,100.0,0.0
106.0,0.0,100.0,0.0
106.0,0.0,100.0,0.0
103.0,0.0,95.0,0.0
103.0,0.0,95.0,0.0
106.0,0.0,98.0,0.0
111.0,0.0,99.0,0.0
94.0,0.0,97.0,0.0
97.0,0.0,98.0,0.0
111.0,0.0,98.0,0.0
100.0,0.0,96.0,0.0
109.0,0.0,99.0,0.0
112.0,0.0,100.0,0.0
110.0,0.0,96.0,0.0
114.0,0.0,95.0,0.0
103.0,0.0,91.0,0.0
104.0,0.0,98.0,0.0
105.0,0.0,100.0,0.0
106.0,0.0,95.0,0.0
89.0,0.0,100.0,0.0
102.0,0.0,98.0,0.0
91.0,0.0,99.0,0.0
100.0,0.0,93.0,0.0
116.0,0.0,96.0,0.0
96.0,0.0,94.0,0.0
97.0,0.0,90.0,0.0
101.0,0.0,100.0,0.0
106.0,0.0,100.0,0.0
107.0,0.0,100.0,0.0
104.0,0.0,94.0,0.0
90.0,0.0,100.0,0.0
85.0,0.0,100.0,0.0
98.0,0.0,99.0,0.0
102.0,0.0,99.0,0.0
99.0,0.0,100.0,0.0
103.0,0.0,92.0,0.0
93.0,0.0,100.0,0.0
108.0,0.0,100.0,0.0
95.0,0.0,100.0,0.0
87.0,0.0,99.0,0.0
101.0,0.0,99.0,0.0
92.0,0.0,99.0,0.0
91.0,0.0,97.0,0.0
92.0,0.0,100.0,0.0
102.0,0.0,94.0,0.0
79.0,0.0,99.0,0.0
83.0,0.0,100.0,0.0
89.0,0.0,98.0,0.0
93.0,0.0,100.0,0.0
84.0,0.0,100.0,0.0
90.0,0.0,100.0,0.0
83.0,0.0,100.0,0.0
77.0,0.0,100.0,0.0
88.0,0.0,100.0,0.0
74.0,0.0,100.0,0.0
68.0,0.0,100.0,0.0
75.0,0.0,99.0,0.0
71.0,0.0,100.0,0.0
90.0,0.0,100.0,0.0
82.0,0.0,98.0,0.0
82.0,0.0,100.0,0.0
74.0,0.0,100.0,0.0
81.0,0.0,100.0,0.0
82.0,0.0,100.0,0.0
85.0,0.0,100.0,0.0
87.0,0.0,99.0,0.0
88.0,0.0,98.0,0.0
74.0,0.0,94.0,0.0
81.0,0.0,96.0,0.0
78.0,0.0,97.0,0.0
79.0,0.0,97.0,0.0
77.0,0.0,95.0,0.0
72.0,0.0,96.0,0.0
84.0,0.0,96.0,0.0
83.0,0.0,99.0,0.0
81.0,0.0,96.0,0.0
83.0,0.0,96.0,0.0
84.0,0.0,95.0,0.0
74.0,0.0,97.0,0.0
73.0,0.0,95.0,0.0
73.0,0.0,94.0,0.0
74.0,0.0,97.0,0.0
77.0,0.0,96.0,0.0
72.0,0.0,96.0,0.0
83.0,0.0,96.0,0.0
80.0,0.0,94.0,0.0
79.0,0.0,96.0,0.0
79.0,0.0,97.0,0.0
74.5,2.1213203435596424,100.0,0.0
60.0,0.0,100.0,0.0
63.0,0.0,100.0,0.0
68.0,0.0,97.0,0.0
70.0,0.0,95.0,0.0
67.0,0.0,98.0,0.0
67.0,0.0,98.0,0.0
75.0,0.0,99.0,0.0
74.0,0.0,99.0,0.0
67.0,0.0,100.0,0.0
79.0,0.0,94.0,0.0
74.0,0.0,96.0,0.0
71.0,0.0,96.0,0.0
74.0,0.0,96.0,0.0
70.0,0.0,97.0,0.0
68.0,0.0,98.0,0.0
106.0,0.0,91.0,0.0
84.0,0.0,94.0,0.0
80.0,0.0,93.0,0.0
85.0,0.0,96.0,0.0
124.0,0.0,93.0,0.0
120.0,0.0,95.0,0.0
123.0,0.0,93.0,0.0
122.0,0.0,93.0,0.0
95.0,0.0,96.0,0.0
98.0,0.0,96.0,0.0
89.0,0.0,96.0,0.0
90.0,0.0,94.0,0.0
84.0,0.0,94.0,0.0
99.0,0.0,95.0,0.0
110.0,0.0,98.0,0.0
133.0,0.0,96.0,0.0
112.0,0.0,99.0,0.0
123.0,0.0,100.0,0.0
105.0,0.0,98.0,0.0
120.0,0.0,98.0,0.0
103.0,0.0,98.0,0.0
97.0,0.0,100.0,0.0
92.0,0.0,98.0,0.0
89.0,0.0,100.0,0.0
93.0,0.0,99.0,0.0
98.0,0.0,100.0,0.0
88.0,0.0,96.0,0.0
98.0,0.0,98.0,0.0
96.0,0.0,95.0,0.0
94.0,0.0,96.0,0.0
91.0,0.0,97.0,0.0
93.0,0.0,99.0,0.0
87.0,0.0,100.0,0.0
93.0,0.0,98.0,0.0
98.0,0.0,96.0,0.0
87.0,0.0,92.0,0.0
100.0,0.0,98.0,0.0
97.0,0.0,92.0,0.0
100.0,0.0,94.0,0.0
107.0,0.0,92.0,0.0
96.0,0.0,96.0,0.0
94.0,0.0,100.0,0.0
110.0,0.0,99.0,0.0
107.0,0.0,96.0,0.0
101.0,0.0,100.0,0.0
107.0,0.0,98.0,0.0
101.0,0.0,99.0,0.0
107.0,0.0,97.0,0.0
99.0,0.0,95.0,0.0
106.0,0.0,97.0,0.0
110.0,0.0,98.0,0.0
93.0,0.0,98.0,0.0
96.0,0.0,98.0,0.0
86.0,0.0,98.0,0.0
93.0,0.0,98.0,0.0
93.0,0.0,100.0,0.0
86.0,0.0,98.0,0.0
81.0,0.0,100.0,0.0
78.0,0.0,100.0,0.0
86.0,0.0,100.0,0.0
84.0,0.0,100.0,0.0
92.0,0.0,100.0,0.0
104.0,0.0,100.0,0.0
80.0,0.0,99.0,0.0
80.0,0.0,98.0,0.0
84.0,0.0,100.0,0.0
83.0,0.0,97.0,0.0
75.0,0.0,96.0,0.0
76.0,0.0,99.0,0.0
68.0,0.0,100.0,0.0
77.0,0.0,100.0,0.0
73.0,0.0,100.0,0.0
66.0,0.0,100.0,0.0
93.0,0.0,97.0,0.0
78.0,0.0,96.0,0.0
79.0,0.0,100.0,0.0
76.0,0.0,100.0,0.0
83.0,0.0,97.0,0.0
87.0,0.0,99.0,0.0
89.0,0.0,97.0,0.0
84.0,0.0,95.0,0.0
82.0,0.0,97.0,0.0
91.0,0.0,94.0,0.0
85.0,0.0,95.0,0.0
70.0,0.0,97.0,0.0
91.0,0.0,93.0,0.0
78.0,0.0,96.0,0.0
81.0,0.0,98.0,0.0
80.0,0.0,97.0,0.0
87.0,0.0,96.0,0.0
82.0,0.0,96.0,0.0
87.0,0.0,95.0,0.0
76.0,0.0,98.0,0.0
86.0,0.0,97.0,0.0
78.0,0.0,92.0,0.0
99.0,0.0,94.0,0.0
78.0,0.0,98.0,0.0
78.0,0.0,97.0,0.0
83.0,0.0,96.0,0.0
83.0,0.0,94.0,0.0
90.0,0.0,95.0,0.0
89.0,0.0,97.0,0.0
91.0,0.0,98.0,0.0
88.0,0.0,95.0,0.0
92.0,0.0,100.0,0.0
98.0,0.0,94.0,0.0
88.0,0.0,100.0,0.0
123.0,0.0,94.0,0.0
126.0,0.0,97.0,0.0
128.0,0.0,100.0,0.0
103.0,0.0,92.0,0.0
96.0,0.0,100.0,0.0
93.0,0.0,99.0,0.0
80.0,0.0,99.0,0.0
91.0,0.0,94.0,0.0
78.0,0.0,93.0,0.0
82.0,0.0,92.0,0.0
89.0,0.0,95.0,0.0
82.0,0.0,98.0,0.0
80.0,0.0,99.0,0.0
93.0,0.0,97.0,0.0
94.0,0.0,100.0,0.0
101.0,0.0,100.0,0.0
79.0,0.0,99.0,0.0
98.0,0.0,100.0,0.0
93.0,0.0,100.0,0.0
103.0,0.0,100.0,0.0
86.0,0.0,100.0,0.0
98.0,0.0,98.0,0.0
99.0,0.0,100.0,0.0
104.0,0.0,100.0,0.0
101.0,0.0,100.0,0.0
108.0,0.0,100.0,0.0
84.0,0.0,100.0,0.0
103.0,0.0,100.0,0.0
104.0,0.0,100.0,0.0
103.0,0.0,100.0,0.0
102.0,0.0,100.0,0.0
87.0,0.0,99.0,0.0
83.0,0.0,100.0,0.0
86.0,0.0,100.0,0.0
84.0,0.0,100.0,0.0
84.0,0.0,100.0,0.0
99.0,0.0,100.0,0.0
84.0,0.0,99.0,0.0
93.0,0.0,97.0,0.0
98.0,0.0,97.0,0.0
81.0,0.0,100.0,0.0
104.0,0.0,97.0,0.0
88.0,0.0,98.0,0.0
121.0,0.0,97.0,0.0
79.0,0.0,100.0,0.0
82.0,0.0,100.0,0.0
79.0,0.0,96.0,0.0
72.0,0.0,100.0,0.0
79.0,0.0,96.0,0.0
87.0,0.0,98.0,0.0
72.0,0.0,100.0,0.0
100.0,0.0,99.0,0.0
97.0,0.0,98.0,0.0
84.0,0.0,95.0,0.0
74.0,0.0,96.0,0.0
78.0,0.0,99.0,0.0
76.0,0.0,96.0,0.0
85.0,0.0,97.0,0.0
74.0,0.0,100.0,0.0
81.0,0.0,100.0,0.0
85.0,0.0,97.0,0.0
76.0,0.0,100.0,0.0
69.0,0.0,100.0,0.0
70.0,0.0,97.0,0.0
80.0,0.0,99.0,0.0
67.0,0.0,100.0,0.0
67.0,0.0,100.0,0.0
83.0,0.0,98.0,0.0
72.0,0.0,99.0,0.0
74.0,0.0,100.0,0.0
69.0,0.0,100.0,0.0
68.0,0.0,100.0,0.0
77.0,0.0,100.0,0.0
66.0,0.0,100.0,0.0
62.0,0.0,100.0,0.0
80.0,0.0,96.0,0.0
77.0,0.0,96.0,0.0
86.0,0.0,97.0,0.0
66.0,0.0,100.0,0.0
81.0,0.0,98.0,0.0
80.0,0.0,99.0,0.0
68.0,0.0,100.0,0.0
64.0,0.0,99.0,0.0
64.0,0.0,100.0,0.0
82.0,0.0,97.0,0.0
66.0,0.0,99.0,0.0
86.0,0.0,93.0,0.0
63.0,0.0,100.0,0.0
64.0,0.0,100.0,0.0
78.0,0.0,96.0,0.0
66.0,0.0,100.0,0.0
67.0,0.0,97.0,0.0
70.0,0.0,100.0,0.0
74.0,0.0,100.0,0.0
64.0,0.0,100.0,0.0
76.0,0.0,100.0,0.0
73.0,0.0,100.0,0.0
77.0,0.0,100.0,0.0
65.0,0.0,100.0,0.0
65.0,0.0,97.0,0.0
79.0,0.0,97.0,0.0
75.0,0.0,99.0,0.0
68.0,0.0,100.0,0.0
80.0,0.0,98.0,0.0
79.0,0.0,98.0,0.0
67.0,0.0,100.0,0.0
84.0,0.0,98.0,0.0
86.0,0.0,100.0,0.0
88.0,0.0,100.0,0.0
81.0,0.0,97.0,0.0
78.0,0.0,99.0,0.0
81.0,0.0,100.0,0.0
87.0,0.0,96.0,0.0
94.0,0.0,96.0,0.0
85.0,0.0,100.0,0.0
91.0,0.0,100.0,0.0
78.0,0.0,99.0,0.0
70.0,0.0,100.0,0.0
80.0,0.0,100.0,0.0
72.0,0.0,100.0,0.0
72.0,0.0,100.0,0.0
77.0,0.0,100.0,0.0
69.0,0.0,98.0,0.0
71.0,0.0,100.0,0.0
86.0,0.0,99.0,0.0
75.0,0.0,99.0,0.0
69.0,0.0,100.0,0.0
88.0,0.0,97.0,0.0
70.0,0.0,100.0,0.0
84.0,0.0,100.0,0.0
83.0,0.0,100.0,0.0
82.0,0.0,100.0,0.0
83.0,0.0,99.0,0.0
93.0,0.0,95.0,0.0
74.0,0.0,96.0,0.0
78.0,0.0,99.0,0.0
74.0,0.0,100.0,0.0
68.0,0.0,100.0,0.0
72.0,0.0,100.0,0.0
73.0,0.0,100.0,0.0
80.0,0.0,100.0,0.0
77.0,0.0,99.0,0.0
69.0,0.0,100.0,0.0
67.0,0.0,100.0,0.0
74.0,0.0,100.0,0.0
67.0,0.0,100.0,0.0
73.0,0.0,100.0,0.0
66.0,0.0,100.0,0.0
67.0,0.0,100.0,0.0
67.0,0.0,100.0,0.0
71.0,0.0,100.0,0.0
63.0,0.0,100.0,0.0
63.0,0.0,100.0,0.0
60.0,0.0,100.0,0.0
66.0,0.0,100.0,0.0
57.0,0.0,100.0,0.0
60.0,0.0,100.0,0.0
64.0,0.0,100.0,0.0
61.0,0.0,99.0,0.0
59.0,0.0,100.0,0.0
59.0,0.0,100.0,0.0
69.0,0.0,100.0,0.0
60.0,0.0,100.0,0.0
66.0,0.0,99.0,0.0
62.0,0.0,100.0,0.0
64.0,0.0,100.0,0.0
64.0,0.0,100.0,0.0
64.0,0.0,100.0,0.0
62.0,0.0,100.0,0.0
59.0,0.0,100.0,0.0
59.0,0.0,100.0,0.0
60.0,0.0,100.0,0.0
58.0,0.0,100.0,0.0
60.0,0.0,100.0,0.0
61.0,0.0,100.0,0.0
66.0,0.0,100.0,0.0
64.0,0.0,100.0,0.0
67.0,0.0,100.0,0.0
64.0,0.0,100.0,0.0
65.0,0.0,100.0,0.0
61.0,0.0,100.0,0.0
61.0,0.0,100.0,0.0
69.0,0.0,100.0,0.0
67.0,0.0,100.0,0.0
65.0,0.0,100.0,0.0
61.0,0.0,100.0,0.0
67.0,0.0,100.0,0.0
128.0,0.0,100.0,0.0
115.0,0.0,98.0,0.0
106.0,0.0,98.0,0.0
98.0,0.0,100.0,0.0
97.0,0.0,100.0,0.0
90.0,0.0,100.0,0.0
89.0,0.0,100.0,0.0
89.0,0.0,100.0,0.0
86.0,0.0,100.0,0.0
84.0,0.0,100.0,0.0
79.0,0.0,99.0,0.0
80.0,0.0,98.0,0.0
79.0,0.0,100.0,0.0
79.0,0.0,99.0,0.0
82.0,0.0,99.0,0.0
81.0,0.0,100.0,0.0
81.0,0.0,100.0,0.0
79.0,0.0,99.0,0.0
78.0,0.0,99.0,0.0
79.0,0.0,96.0,0.0
80.0,0.0,97.0,0.0
77.0,0.0,100.0,0.0
84.0,0.0,98.0,0.0
80.0,0.0,100.0,0.0
82.0,0.0,99.0,0.0
87.0,0.0,100.0,0.0
86.0,0.0,97.0,0.0
84.0,0.0,100.0,0.0
86.0,0.0,97.0,0.0
79.0,0.0,100.0,0.0
82.0,0.0,100.0,0.0
80.0,0.0,99.0,0.0
80.0,0.0,100.0,0.0
77.0,0.0,100.0,0.0
79.0,0.0,100.0,0.0
70.0,0.0,99.0,0.0
76.0,0.0,99.0,0.0
75.0,0.0,91.0,0.0
78.0,0.0,98.0,0.0
67.0,0.0,100.0,0.0
69.0,0.0,98.0,0.0
76.0,0.0,97.0,0.0
83.0,0.0,98.0,0.0
74.0,0.0,100.0,0.0
62.0,0.0,100.0,0.0
80.0,0.0,100.0,0.0
92.0,0.0,100.0,0.0
99.0,0.0,100.0,0.0
80.0,0.0,100.0,0.0
78.0,0.0,100.0,0.0
80.0,0.0,97.0,0.0
67.0,0.0,100.0,0.0
68.0,0.0,100.0,0.0
69.0,0.0,100.0,0.0
72.0,0.0,100.0,0.0
74.0,0.0,100.0,0.0
69.0,0.0,99.0,0.0
64.0,0.0,100.0,0.0
64.0,0.0,100.0,0.0
68.0,0.0,99.0,0.0
69.0,0.0,100.0,0.0
68.0,0.0,100.0,0.0
68.0,0.0,99.0,0.0
64.0,0.0,100.0,0.0
64.0,0.0,100.0,0.0
66.0,0.0,99.0,0.0
69.0,0.0,100.0,0.0
63.0,0.0,100.0,0.0
68.0,0.0,100.0,0.0
69.0,0.0,100.0,0.0
72.0,0.0,100.0,0.0
72.0,0.0,98.0,0.0
67.0,0.0,98.0,0.0
64.0,0.0,100.0,0.0
65.0,0.0,99.0,0.0
63.0,0.0,100.0,0.0
65.0,0.0,100.0,0.0
72.0,0.0,100.0,0.0
65.0,0.0,100.0,0.0
68.0,0.0,100.0,0.0
72.0,0.0,97.0,0.0
74.0,0.0,100.0,0.0
76.0,0.0,97.0,0.0
76.0,0.0,96.0,0.0
83.0,0.0,98.0,0.0
94.0,0.0,98.0,0.0
95.0,0.0,78.0,0.0
80.0,0.0,100.0,0.0
74.0,0.0,100.0,0.0
71.0,0.0,100.0,0.0
71.0,0.0,100.0,0.0
68.0,0.0,100.0,0.0
77.0,0.0,100.0,0.0
68.0,0.0,100.0,0.0
68.0,0.0,100.0,0.0
74.0,0.0,100.0,0.0
66.0,0.0,99.0,0.0
64.0,0.0,100.0,0.0
65.0,0.0,100.0,0.0
71.0,0.0,100.0,0.0
61.0,0.0,100.0,0.0
69.0,0.0,100.0,0.0
64.0,0.0,98.0,0.0
61.0,0.0,100.0,0.0
67.0,0.0,100.0,0.0
72.0,0.0,94.0,0.0
66.0,0.0,99.0,0.0
70.5,0.7071067811865476,99.0,0.0
62.0,0.0,100.0,0.0
67.0,0.0,94.0,0.0
64.0,0.0,97.0,0.0
65.0,0.0,99.0,0.0
60.0,0.0,100.0,0.0
64.0,0.0,98.0,0.0
66.0,0.0,99.0,0.0
65.0,0.0,100.0,0.0
66.0,0.0,100.0,0.0
65.0,0.0,99.0,0.0
61.0,0.0,100.0,0.0
61.0,0.0,99.0,0.0
60.0,0.0,100.0,0.0
59.0,0.0,100.0,0.0
61.0,0.0,100.0,0.0
60.0,0.0,99.0,0.0
64.0,0.0,97.0,0.0
77.0,0.0,94.0,0.0
63.0,0.0,100.0,0.0
67.0,0.0,100.0,0.0
68.0,0.0,98.0,0.0
63.0,0.0,100.0,0.0
62.0,0.0,100.0,0.0
59.0,0.0,100.0,0.0
63.0,0.0,100.0,0.0
60.0,0.0,100.0,0.0
62.0,0.0,100.0,0.0
60.0,0.0,99.0,0.0
68.0,0.0,100.0,0.0
69.0,0.0,100.0,0.0
80.0,0.0,97.0,0.0
70.0,0.0,99.0,0.0
69.0,0.0,98.0,0.0
69.0,0.0,92.0,0.0
70.0,0.0,97.0,0.0
67.0,0.0,100.0,0.0
73.0,0.0,97.0,0.0
73.0,0.0,100.0,0.0
76.0,0.0,96.0,0.0
74.0,0.0,100.0,0.0
78.0,0.0,100.0,0.0
85.0,0.0,99.0,0.0
72.0,0.0,100.0,0.0
82.0,0.0,100.0,0.0
91.0,0.0,98.0,0.0
85.0,0.0,99.0,0.0
84.0,0.0,99.0,0.0
76.0,0.0,99.0,0.0
69.0,0.0,99.0,0.0
70.0,0.0,98.0,0.0
72.0,0.0,96.0,0.0
68.0,0.0,99.0,0.0
76.0,0.0,100.0,0.0
71.0,0.0,100.0,0.0
66.0,0.0,100.0,0.0
62.0,0.0,100.0,0.0
60.0,0.0,100.0,0.0
58.0,0.0,100.0,0.0
61.0,0.0,100.0,0.0
59.0,0.0,100.0,0.0
59.0,0.0,100.0,0.0
60.0,0.0,100.0,0.0
60.0,0.0,100.0,0.0
65.0,0.0,100.0,0.0
64.0,0.0,99.0,0.0
61.0,0.0,100.0,0.0
66.0,0.0,100.0,0.0
66.0,0.0,100.0,0.0
76.0,0.0,99.0,0.0
78.0,0.0,100.0,0.0
78.0,0.0,99.0,0.0
68.0,0.0,94.0,0.0
69.0,0.0,99.0,0.0
74.0,0.0,98.0,0.0
65.0,0.0,98.0,0.0
66.0,0.0,97.0,0.0
67.0,0.0,99.0,0.0
64.0,0.0,97.0,0.0
70.0,0.0,98.0,0.0
70.0,0.0,97.0,0.0
64.0,0.0,99.0,0.0
69.0,0.0,99.0,0.0
67.0,0.0,100.0,0.0
68.0,0.0,100.0,0.0
71.0,0.0,99.0,0.0
61.0,0.0,100.0,0.0
66.0,0.0,100.0,0.0
61.0,0.0,98.0,0.0
61.0,0.0,99.0,0.0
65.0,0.0,98.0,0.0
65.0,0.0,99.0,0.0
74.0,0.0,99.0,0.0
63.0,0.0,97.0,0.0
68.0,0.0,100.0,0.0
68.0,0.0,100.0,0.0
69.0,0.0,100.0,0.0
66.0,0.0,100.0,0.0
66.0,0.0,100.0,0.0
71.0,0.0,99.0,0.0
71.0,0.0,100.0,0.0
72.0,0.0,100.0,0.0
79.0,0.0,94.0,0.0
70.0,0.0,97.0,0.0
62.0,0.0,100.0,0.0
66.0,0.0,99.0,0.0
64.0,0.0,99.0,0.0
70.0,0.0,96.0,0.0
64.0,0.0,96.0,0.0
71.0,0.0,98.0,0.0
64.0,0.0,97.0,0.0
68.0,0.0,99.0,0.0
67.0,0.0,98.0,0.0
64.0,0.0,99.0,0.0
66.0,0.0,100.0,0.0
72.0,0.0,99.0,0.0
63.0,0.0,100.0,0.0
73.0,0.0,100.0,0.0
64.0,0.0,100.0,0.0
67.0,0.0,100.0,0.0
63.0,0.0,98.0,0.0
73.0,0.0,93.0,0.0
67.0,0.0,99.0,0.0
65.0,0.0,100.0,0.0
68.0,0.0,100.0,0.0
63.0,0.0,99.0,0.0
62.0,0.0,100.0,0.0
62.0,0.0,100.0,0.0
64.0,0.0,100.0,0.0
61.0,0.0,100.0,0.0
64.0,0.0,100.0,0.0
79.0,0.0,96.0,0.0
72.0,0.0,99.0,0.0
74.0,0.0,100.0,0.0
70.0,0.0,100.0,0.0
72.0,0.0,100.0,0.0
108.0,0.0,96.0,0.0
95.0,0.0,97.0,0.0
72.0,0.0,97.0,0.0
76.0,0.0,98.0,0.0
81.0,0.0,96.0,0.0
71.0,0.0,96.0,0.0
64.0,0.0,99.0,0.0
84.0,0.0,100.0,0.0
85.0,0.0,100.0,0.0
77.0,0.0,98.0,0.0
71.0,0.0,100.0,0.0
74.0,0.0,96.0,0.0
73.0,0.0,100.0,0.0
66.0,0.0,99.0,0.0
54.0,0.0,100.0,0.0
67.0,0.0,100.0,0.0
81.0,0.0,99.0,0.0
63.0,0.0,99.0,0.0
60.0,0.0,99.0,0.0
57.0,0.0,100.0,0.0
63.0,0.0,100.0,0.0
58.0,0.0,100.0,0.0
69.0,0.0,98.0,0.0
66.0,0.0,100.0,0.0
60.0,0.0,100.0,0.0
60.0,0.0,99.0,0.0
64.0,0.0,99.0,0.0
63.0,0.0,99.0,0.0
68.0,0.0,100.0,0.0
72.0,0.0,98.0,0.0
70.0,0.0,100.0,0.0
73.0,0.0,99.0,0.0
75.0,0.0,99.0,0.0
72.0,0.0,96.0,0.0
73.0,0.0,95.0,0.0
73.0,0.0,98.0,0.0
68.0,0.0,98.0,0.0
66.0,0.0,99.0,0.0
62.0,0.0,99.0,0.0
64.0,0.0,98.0,0.0
67.0,0.0,99.0,0.0
67.0,0.0,100.0,0.0
67.0,0.0,100.0,0.0
89.0,0.0,98.0,0.0
70.0,0.0,99.0,0.0
72.0,0.0,100.0,0.0
71.0,0.0,100.0,0.0
76.0,0.0,100.0,0.0
79.0,0.0,98.0,0.0
73.0,0.0,99.0,0.0
92.0,0.0,96.0,0.0
86.0,0.0,95.0,0.0
91.0,0.0,97.0,0.0
71.0,0.0,96.0,0.0
69.0,0.0,97.0,0.0
62.0,0.0,99.0,0.0
59.0,0.0,100.0,0.0
61.0,0.0,98.0,0.0
60.0,0.0,99.0,0.0
58.0,0.0,100.0,0.0
58.0,0.0,100.0,0.0
58.0,0.0,100.0,0.0
62.0,0.0,100.0,0.0
59.0,0.0,100.0,0.0
59.0,0.0,100.0,0.0
67.0,0.0,100.0,0.0
61.0,0.0,100.0,0.0
64.0,0.0,100.0,0.0
71.0,0.0,100.0,0.0
63.0,0.0,100.0,0.0
58.0,0.0,100.0,0.0
77.0,1.4142135623730951,94.5,2.1213203435596424
71.0,0.0,95.0,0.0
58.0,0.0,97.0,0.0
63.0,0.0,96.0,0.0
58.0,0.0,97.0,0.0
64.0,0.0,98.0,0.0
66.0,0.0,96.0,0.0
64.0,0.0,97.0,0.0
85.0,0.0,97.0,0.0
86.0,0.0,94.0,0.0
74.0,0.0,95.0,0.0
86.0,0.0,98.0,0.0
82.0,0.0,99.0,0.0
89.0,0.0,100.0,0.0
85.0,0.0,97.0,0.0
72.0,0.0,99.0,0.0
80.0,0.0,97.0,0.0
86.0,0.0,98.0,0.0
82.0,0.0,100.0,0.0
82.0,0.0,99.0,0.0
84.0,0.0,98.0,0.0
82.0,0.0,99.0,0.0
77.0,0.0,99.0,0.0
87.0,0.0,98.0,0.0
76.0,0.0,98.0,0.0
74.0,0.0,98.0,0.0
73.0,0.0,98.0,0.0
69.0,0.0,99.0,0.0
74.0,0.0,97.0,0.0
75.0,0.0,98.0,0.0
87.0,0.0,100.0,0.0
89.0,0.0,100.0,0.0
81.0,0.0,100.0,0.0
84.0,0.0,100.0,0.0
79.0,0.0,100.0,0.0
77.0,0.0,100.0,0.0
77.0,0.0,100.0,0.0
79.0,0.0,100.0,0.0
83.0,0.0,100.0,0.0
82.0,0.0,100.0,0.0
75.0,0.0,100.0,0.0
82.0,0.0,100.0,0.0
86.0,0.0,99.0,0.0
81.0,0.0,98.0,0.0
79.0,0.0,100.0,0.0
83.0,0.0,100.0,0.0
83.0,0.0,100.0,0.0
82.0,0.0,99.0,0.0
82.0,0.0,99.0,0.0
83.0,0.0,98.0,0.0
79.0,0.0,99.0,0.0
87.0,0.0,94.0,0.0
80.0,0.0,96.0,0.0
75.0,0.0,96.0,0.0
78.0,0.0,94.0,0.0
84.0,0.0,94.0,0.0
89.0,0.0,91.0,0.0
85.0,0.0,96.0,0.0
88.0,0.0,95.0,0.0
87.0,0.0,96.0,0.0
77.0,0.0,96.0,0.0
89.0,0.0,95.0,0.0
90.0,0.0,95.0,0.0
86.0,0.0,95.0,0.0
84.0,0.0,97.0,0.0
86.0,0.0,96.0,0.0
82.0,0.0,100.0,0.0
91.0,0.0,100.0,0.0
95.0,0.0,95.0,0.0
92.0,0.0,93.0,0.0
87.0,0.0,95.0,0.0
86.0,0.0,96.0,0.0
88.0,0.0,95.0,0.0
95.0,0.0,90.0,0.0
96.0,0.0,93.0,0.0
88.0,0.0,96.0,0.0
86.0,0.0,97.0,0.0
80.0,0.0,96.0,0.0
90.0,0.0,94.0,0.0
92.0,0.0,94.0,0.0
89.0,0.0,92.0,0.0
82.0,0.0,95.0,0.0
85.0,0.0,97.0,0.0
95.0,0.0,93.0,0.0
96.0,0.0,93.0,0.0
80.0,0.0,97.0,0.0
77.0,0.0,97.0,0.0
80.0,0.0,98.0,0.0
92.0,0.0,96.0,0.0
83.0,0.0,97.0,0.0
81.0,0.0,97.0,0.0
94.0,0.0,94.0,0.0
86.0,0.0,94.0,0.0
99.0,0.0,93.0,0.0
98.0,0.0,95.0,0.0
109.0,0.0,95.0,0.0
101.0,0.0,94.0,0.0
102.5,0.7071067811865476,98.0,0.0
103.0,0.0,97.0,0.0
100.0,0.0,98.0,0.0
96.0,0.0,97.0,0.0
97.0,0.0,97.0,0.0
98.0,0.0,98.0,0.0
102.0,0.0,98.0,0.0
105.0,0.0,96.0,0.0
101.0,0.0,98.0,0.0
100.0,0.0,97.0,0.0
100.0,0.0,97.0,0.0
97.0,0.0,97.0,0.0
92.0,0.0,95.0,0.0
99.0,0.0,96.0,0.0
100.0,0.0,96.0,0.0
94.0,0.0,96.0,0.0
97.0,0.0,97.0,0.0
91.0,0.0,96.0,0.0
99.0,0.0,96.0,0.0
97.0,0.0,97.0,0.0
118.0,0.0,98.0,0.0
98.0,0.0,95.0,0.0
94.0,0.0,96.0,0.0
95.0,0.0,98.0,0.0
96.0,0.0,98.0,0.0
90.0,0.0,100.0,0.0
77.0,0.0,99.0,0.0
61.0,0.0,97.0,0.0
56.0,0.0,100.0,0.0
76.0,0.0,100.0,0.0
72.0,0.0,100.0,0.0
58.0,0.0,100.0,0.0
62.0,0.0,100.0,0.0
68.0,0.0,99.0,0.0
75.0,0.0,97.0,0.0
74.0,0.0,100.0,0.0
73.0,0.0,100.0,0.0
73.0,0.0,100.0,0.0
58.0,0.0,98.0,0.0
60.0,0.0,97.0,0.0
56.0,0.0,98.0,0.0
53.0,0.0,98.0,0.0
65.0,0.0,98.0,0.0
63.0,0.0,100.0,0.0
60.0,0.0,98.0,0.0
63.0,0.0,100.0,0.0
86.0,0.0,99.0,0.0
71.0,0.0,100.0,0.0
70.0,0.0,98.0,0.0
57.0,0.0,99.0,0.0
68.0,0.0,100.0,0.0
61.0,0.0,97.0,0.0
70.0,0.0,90.0,0.0
72.0,0.0,98.0,0.0
79.0,0.0,99.0,0.0
83.0,0.0,97.0,0.0
91.0,0.0,97.0,0.0
56.0,0.0,97.0,0.0
52.0,0.0,100.0,0.0
54.0,0.0,100.0,0.0
72.0,0.0,78.0,0.0
74.0,0.0,93.0,0.0
53.0,0.0,96.0,0.0
58.0,0.0,100.0,0.0
58.0,0.0,100.0,0.0
67.0,0.0,97.0,0.0
64.0,0.0,100.0,0.0
69.0,0.0,99.0,0.0
56.0,0.0,97.0,0.0
59.0,0.0,93.0,0.0
56.0,0.0,96.0,0.0
63.0,0.0,99.0,0.0
55.0,0.0,100.0,0.0
68.0,0.0,100.0,0.0
55.0,0.0,99.0,0.0
60.0,0.0,99.0,0.0
64.0,0.0,99.0,0.0
58.0,0.0,99.0,0.0
57.0,0.0,100.0,0.0
52.0,0.0,100.0,0.0
51.0,0.0,100.0,0.0
56.0,0.0,100.0,0.0
54.0,0.0,100.0,0.0
58.0,0.0,100.0,0.0
57.0,0.0,100.0,0.0
45.0,0.0,100.0,0.0
59.0,0.0,100.0,0.0
73.0,0.0,97.0,0.0
67.0,0.0,99.0,0.0
75.0,0.0,98.0,0.0
53.0,0.0,94.0,0.0
52.0,0.0,99.0,0.0
63.0,0.0,98.0,0.0
71.0,0.0,100.0,0.0
56.0,0.0,99.0,0.0
52.0,0.0,100.0,0.0
62.0,0.0,87.0,0.0
75.0,0.0,100.0,0.0
52.0,0.0,98.0,0.0
59.0,0.0,99.0,0.0
64.0,0.0,97.0,0.0
67.0,0.0,97.0,0.0
66.0,0.0,98.0,0.0
67.0,0.0,99.0,0.0
61.0,0.0,99.0,0.0
62.0,0.0,97.0,0.0
54.0,0.0,97.0,0.0
73.0,0.0,100.0,0.0
72.0,0.0,99.0,0.0
73.0,0.0,100.0,0.0
58.0,0.0,98.0,0.0
62.0,0.0,98.0,0.0
64.0,0.0,97.0,0.0
56.0,0.0,99.0,0.0
59.0,0.0,98.0,0.0
53.0,0.0,97.0,0.0
62.0,0.0,91.0,0.0
56.0,0.0,96.0,0.0
62.0,0.0,99.0,0.0
58.0,0.0,96.0,0.0
56.0,0.0,99.0,0.0
51.0,0.0,95.0,0.0
52.0,0.0,98.0,0.0
54.0,0.0,98.0,0.0
60.0,0.0,98.0,0.0
53.0,0.0,99.0,0.0
60.0,0.0,98.0,0.0
49.0,0.0,96.0,0.0
80.0,0.0,89.0,0.0
75.0,0.0,98.0,0.0
71.0,0.0,91.0,0.0
79.0,0.0,90.0,0.0
104.0,0.0,70.0,0.0
78.0,0.0,85.0,0.0
88.0,0.0,79.0,0.0
88.0,0.0,90.0,0.0
84.0,0.0,80.0,0.0
90.0,0.0,80.0,0.0
92.0,0.0,76.0,0.0
93.0,0.0,78.0,0.0
94.0,0.0,80.0,0.0
93.0,0.0,78.0,0.0
92.0,0.0,83.0,0.0
91.0,0.0,85.0,0.0
93.0,0.0,82.0,0.0
94.0,0.0,90.0,0.0
97.0,0.0,87.0,0.0
68.0,0.0,100.0,0.0
70.0,0.0,100.0,0.0
72.0,0.0,100.0,0.0
64.0,0.0,99.0,0.0
75.0,0.0,100.0,0.0
70.0,0.0,100.0,0.0
76.5,3.5355339059327378,99.0,0.0
73.0,0.0,99.0,0.0
86.0,0.0,99.0,0.0
89.0,0.0,98.0,0.0
90.0,0.0,99.0,0.0
99.0,0.0,98.0,0.0
90.0,0.0,95.0,0.0
91.0,0.0,94.0,0.0
106.0,0.0,97.0,0.0
104.0,0.0,95.0,0.0
105.0,0.0,96.0,0.0
110.0,0.0,96.0,0.0
110.0,0.0,96.0,0.0
89.0,0.0,95.0,0.0
80.0,0.0,95.0,0.0
85.0,0.0,94.0,0.0
78.0,0.0,94.0,0.0
67.0,0.0,99.0,0.0
70.0,0.0,99.0,0.0
71.0,0.0,99.0,0.0
84.0,0.0,95.0,0.0
91.0,0.0,96.0,0.0
84.0,0.0,98.0,0.0
86.0,0.0,97.0,0.0
84.0,0.0,97.0,0.0
83.0,0.0,98.0,0.0
81.0,0.0,98.0,0.0
89.0,0.0,98.0,0.0
107.0,0.0,97.0,0.0
84.0,0.0,97.0,0.0
109.0,0.0,96.0,0.0
114.0,0.0,97.0,0.0
104.0,0.0,97.0,0.0
103.0,0.0,97.0,0.0
107.0,0.0,97.0,0.0
87.0,0.0,97.0,0.0
103.0,0.0,98.0,0.0
74.0,0.0,96.0,0.0
97.0,0.0,97.0,0.0
74.0,0.0,97.0,0.0
74.0,0.0,95.0,0.0
74.0,0.0,95.0,0.0
79.0,0.0,94.0,0.0
96.0,0.0,95.0,0.0
71.0,0.0,96.0,0.0
72.0,0.0,94.0,0.0
70.0,0.0,97.0,0.0
67.0,0.0,98.0,0.0
66.0,0.0,97.0,0.0
68.0,0.0,97.0,0.0
65.0,0.0,95.0,0.0
71.0,0.0,94.0,0.0
75.0,0.0,94.0,0.0
74.0,0.0,95.0,0.0
78.0,0.0,96.0,0.0
69.0,0.0,95.0,0.0
65.0,0.0,96.0,0.0
94.0,0.0,96.0,0.0
84.0,0.0,92.0,0.0
86.0,0.0,94.0,0.0
63.0,0.0,95.0,0.0
63.0,0.0,94.0,0.0
82.0,0.0,95.0,0.0
68.0,0.0,95.0,0.0
58.0,0.0,95.0,0.0
70.0,0.0,95.0,0.0
62.0,0.0,95.0,0.0
56.0,0.0,95.0,0.0
55.0,0.0,95.0,0.0
56.0,0.0,95.0,0.0
54.0,0.0,95.0,0.0
54.0,0.0,95.0,0.0
54.0,0.0,95.0,0.0
54.0,0.0,95.0,0.0
52.0,0.0,95.0,0.0
57.0,0.0,95.0,0.0
74.0,0.0,95.0,0.0
75.0,0.0,95.0,0.0
70.0,0.0,97.0,0.0
65.0,0.0,95.0,0.0
62.0,0.0,95.0,0.0
62.0,0.0,94.0,0.0
54.0,0.0,95.0,0.0
70.0,0.0,95.0,0.0
54.0,0.0,95.0,0.0
59.0,0.0,94.0,0.0
66.0,0.0,94.0,0.0
58.0,0.0,94.0,0.0
58.0,0.0,94.0,0.0
55.0,0.0,94.0,0.0
54.0,0.0,94.0,0.0
62.0,0.0,95.0,0.0
55.0,0.0,96.0,0.0
53.0,0.0,94.0,0.0
53.0,0.0,94.0,0.0
70.0,0.0,92.0,0.0
57.0,0.0,87.0,0.0
66.0,0.0,91.0,0.0
81.0,0.0,91.0,0.0
48.0,0.0,87.0,0.0
84.0,0.0,92.0,0.0
81.0,0.0,93.0,0.0
90.0,0.0,92.0,0.0
88.0,0.0,92.0,0.0
92.0,0.0,92.0,0.0
90.0,0.0,94.0,0.0
84.0,0.0,93.0,0.0
63.0,0.0,97.0,0.0
0.0,0.0,84.0,0.0
151.0,0.0,87.0,0.0
114.0,0.0,97.0,0.0
116.0,0.0,96.0,0.0
111.0,0.0,97.0,0.0
112.0,0.0,100.0,0.0
102.0,0.0,99.0,0.0
113.0,0.0,99.0,0.0
95.0,0.0,98.0,0.0
80.0,0.0,99.0,0.0
75.0,0.0,99.0,0.0
73.0,0.0,99.0,0.0
71.0,0.0,97.0,0.0
71.0,0.0,98.0,0.0
71.0,0.0,97.0,0.0
82.0,0.0,95.0,0.0
99.0,0.0,93.0,0.0
89.0,0.0,92.0,0.0
95.0,0.0,93.0,0.0
93.0,0.0,95.0,0.0
95.0,0.0,95.0,0.0
72.0,0.0,96.0,0.0
72.0,0.0,94.0,0.0
69.0,0.0,95.0,0.0
66.0,0.0,97.0,0.0
63.0,0.0,98.0,0.0
66.0,0.0,95.0,0.0
67.0,0.0,96.0,0.0
62.0,0.0,97.0,0.0
60.0,0.0,97.0,0.0
59.0,0.0,98.0,0.0
59.0,0.0,99.0,0.0
55.0,0.0,97.0,0.0
55.0,0.0,98.0,0.0
55.0,0.0,98.0,0.0
60.0,0.0,98.0,0.0
40.0,0.0,97.0,0.0
54.0,0.0,99.0,0.0
50.0,0.0,98.0,0.0
56.0,0.0,99.0,0.0
53.0,0.0,99.0,0.0
46.0,0.0,99.0,0.0
53.0,0.0,98.0,0.0
62.0,0.0,100.0,0.0
63.0,0.0,100.0,0.0
55.0,0.0,100.0,0.0
45.0,0.0,100.0,0.0
54.0,0.0,100.0,0.0
57.0,0.0,100.0,0.0
55.0,0.0,98.0,0.0
56.0,0.0,100.0,0.0
37.0,0.0,100.0,0.0
54.0,0.0,90.0,0.0
49.0,0.0,100.0,0.0
49.0,0.0,100.0,0.0
45.0,0.0,99.0,0.0
54.0,0.0,100.0,0.0
49.0,0.0,100.0,0.0
50.0,0.0,100.0,0.0
53.0,0.0,100.0,0.0
57.0,0.0,100.0,0.0
61.0,0.0,100.0,0.0
57.0,0.0,100.0,0.0
58.0,0.0,100.0,0.0
66.0,0.0,97.0,0.0
78.0,0.0,100.0,0.0
91.0,0.0,100.0,0.0
83.0,0.0,100.0,0.0
81.0,0.0,99.0,0.0
69.0,0.0,99.0,0.0
65.0,0.0,99.0,0.0
63.0,0.0,100.0,0.0
58.0,0.0,99.0,0.0
81.0,0.0,100.0,0.0
0.0,0.0,97.0,0.0
98.0,0.0,96.0,0.0
98.0,0.0,95.0,0.0
68.0,0.0,97.0,0.0
86.0,0.0,100.0,0.0
73.0,0.0,96.0,0.0
89.0,0.0,100.0,0.0
59.0,0.0,97.0,0.0
59.0,0.0,100.0,0.0
54.0,0.0,100.0,0.0
61.0,0.0,100.0,0.0
67.0,0.0,100.0,0.0
80.0,0.0,100.0,0.0
90.0,0.0,100.0,0.0
91.0,0.0,100.0,0.0
88.0,0.0,100.0,0.0
81.0,0.0,100.0,0.0
84.0,0.0,100.0,0.0
73.0,0.0,100.0,0.0
67.0,0.0,100.0,0.0
67.0,0.0,100.0,0.0
81.0,0.0,99.0,0.0
55.0,0.0,100.0,0.0
62.0,0.0,100.0,0.0
64.0,0.0,99.0,0.0
81.0,0.0,100.0,0.0
41.0,0.0,96.0,0.0
93.0,0.0,98.0,0.0
72.0,0.0,100.0,0.0
54.0,0.0,100.0,0.0
57.5,0.7071067811865476,100.0,0.0
63.0,0.0,98.0,0.0
57.0,0.0,98.0,0.0
54.0,0.0,100.0,0.0
61.0,0.0,100.0,0.0
58.0,0.0,100.0,0.0
62.0,0.0,100.0,0.0
71.0,0.0,100.0,0.0
88.0,0.0,100.0,0.0
71.0,0.0,100.0,0.0
87.0,0.0,100.0,0.0
67.0,0.0,100.0,0.0
75.0,0.0,100.0,0.0
83.0,0.0,100.0,0.0
87.0,0.0,100.0,0.0
67.0,0.0,100.0,0.0
60.0,0.0,100.0,0.0
54.0,0.0,100.0,0.0
78.0,0.0,100.0,0.0
56.0,0.0,100.0,0.0
57.0,0.0,100.0,0.0
52.0,0.0,100.0,0.0
66.0,0.0,100.0,0.0
62.0,0.0,100.0,0.0
56.0,0.0,100.0,0.0
58.0,0.0,100.0,0.0
54.0,0.0,100.0,0.0
57.0,0.0,100.0,0.0
58.0,0.0,100.0,0.0
72.0,0.0,100.0,0.0
83.0,0.0,100.0,0.0
81.0,0.0,100.0,0.0
85.0,0.0,100.0,0.0
81.0,0.0,100.0,0.0
82.0,0.0,100.0,0.0
61.0,0.0,100.0,0.0
73.0,0.0,100.0,0.0
85.0,0.0,100.0,0.0
67.0,0.0,100.0,0.0
79.0,0.0,100.0,0.0
88.0,0.0,99.0,0.0
77.0,0.0,99.0,0.0
83.0,0.0,100.0,0.0
75.0,0.0,97.0,0.0
75.0,0.0,100.0,0.0
67.0,0.0,100.0,0.0
60.0,0.0,100.0,0.0
59.0,0.0,100.0,0.0
59.0,0.0,100.0,0.0
53.0,0.0,100.0,0.0
54.0,0.0,100.0,0.0
53.0,0.0,100.0,0.0
51.0,0.0,100.0,0.0
50.0,0.0,100.0,0.0
51.0,0.0,100.0,0.0
58.0,0.0,100.0,0.0
43.0,0.0,97.0,0.0
47.0,0.0,94.0,0.0
59.0,0.0,98.0,0.0
49.0,0.0,97.0,0.0
52.0,0.0,96.0,0.0
51.0,0.0,95.0,0.0
56.0,0.0,93.0,0.0
57.0,0.0,92.0,0.0
57.0,0.0,94.0,0.0
62.0,0.0,93.0,0.0
53.0,0.0,96.0,0.0
56.0,0.0,97.0,0.0
51.0,0.0,97.0,0.0
47.0,0.0,98.0,0.0
57.0,0.0,98.0,0.0
43.0,0.0,95.0,0.0
44.0,0.0,97.0,0.0
45.0,0.0,97.0,0.0
40.0,0.0,99.0,0.0
39.0,0.0,99.0,0.0
39.0,0.0,99.0,0.0
57.0,0.0,99.0,0.0
48.0,0.0,97.0,0.0
41.0,0.0,99.0,0.0
36.0,0.0,99.0,0.0
35.0,0.0,96.0,0.0
41.0,0.0,97.0,0.0
35.0,0.0,95.0,0.0
37.0,0.0,98.0,0.0
33.0,0.0,97.0,0.0
37.0,0.0,96.0,0.0
42.0,0.0,97.0,0.0
45.0,0.0,96.0,0.0
47.0,0.0,96.0,0.0
50.0,0.0,95.0,0.0
57.0,0.0,93.0,0.0
55.0,0.0,92.0,0.0
64.0,0.0,93.0,0.0
62.0,0.0,94.0,0.0
62.0,0.0,94.0,0.0
61.0,0.0,94.0,0.0
58.0,0.0,89.0,0.0
79.0,0.0,93.0,0.0
97.0,0.0,97.0,0.0
98.0,0.0,97.0,0.0
89.0,0.0,97.0,0.0
104.0,0.0,97.0,0.0
82.0,0.0,97.0,0.0
80.0,0.0,97.0,0.0
76.0,0.0,97.0,0.0
74.0,0.0,97.0,0.0
69.0,0.0,97.0,0.0
67.0,0.0,96.0,0.0
66.0,0.0,97.0,0.0
62.0,0.0,97.0,0.0
69.0,0.0,95.0,0.0
51.0,0.0,98.0,0.0
50.0,0.0,98.0,0.0
49.0,0.0,98.0,0.0
54.0,0.0,96.0,0.0
52.0,0.0,96.0,0.0
55.0,0.0,94.0,0.0
53.0,0.0,96.0,0.0
55.0,0.0,95.0,0.0
48.0,0.0,96.0,0.0
58.0,0.0,98.0,0.0
47.0,0.0,97.0,0.0
45.0,0.0,99.0,0.0
47.0,0.0,99.0,0.0
46.0,0.0,99.0,0.0
55.0,0.0,98.0,0.0
53.0,0.0,98.0,0.0
51.0,0.0,98.0,0.0
48.0,0.0,98.0,0.0
50.0,0.0,98.0,0.0
46.0,0.0,99.0,0.0
48.0,0.0,98.0,0.0
48.0,0.0,98.0,0.0
44.0,0.0,99.0,0.0
48.0,0.0,98.0,0.0
49.0,0.0,96.0,0.0
42.0,0.0,98.0,0.0
42.0,0.0,99.0,0.0
44.0,0.0,99.0,0.0
57.0,0.0,99.0,0.0
45.0,0.0,90.0,0.0
43.0,0.0,92.0,0.0
46.0,0.0,93.0,0.0
49.0,0.0,99.0,0.0
53.0,0.0,99.0,0.0
51.0,0.0,99.0,0.0
50.0,0.0,99.0,0.0
53.0,0.0,98.0,0.0
54.0,0.0,99.0,0.0
51.0,0.0,99.0,0.0
53.0,0.0,99.0,0.0
49.0,0.0,99.0,0.0
46.0,0.0,100.0,0.0
54.0,0.0,99.0,0.0
50.0,0.0,99.0,0.0
44.0,0.0,99.0,0.0
46.0,0.0,99.0,0.0
45.0,0.0,100.0,0.0
48.0,0.0,98.0,0.0
43.0,0.0,98.0,0.0
51.0,0.0,97.0,0.0
48.0,0.0,91.0,0.0
92.0,0.0,97.0,0.0
55.0,0.0,97.0,0.0
50.0,0.0,95.0,0.0
44.0,0.0,97.0,0.0
44.0,0.0,98.0,0.0
43.0,0.0,97.0,0.0
46.0,0.0,97.0,0.0
47.0,0.0,97.0,0.0
48.0,0.0,96.0,0.0
50.0,0.0,95.0,0.0
58.0,0.0,98.0,0.0
60.0,0.0,98.0,0.0
52.0,0.0,96.0,0.0
53.0,0.0,96.0,0.0
54.0,0.0,97.0,0.0
62.0,0.0,99.0,0.0
69.0,0.0,94.0,0.0
60.0,0.0,100.0,0.0
60.0,0.0,87.0,0.0
56.0,0.0,94.0,0.0
50.0,0.0,67.0,0.0
48.0,0.0,69.0,0.0
0.0,0.0,0.0,0.0
103.0,0.0,100.0,0.0
101.0,0.0,100.0,0.0
103.0,0.0,100.0,0.0
99.0,0.0,100.0,0.0
93.0,0.0,100.0,0.0
91.0,0.0,100.0,0.0
104.0,0.0,99.0,0.0
88.0,0.0,100.0,0.0
97.0,0.0,100.0,0.0
98.0,0.0,100.0,0.0
92.0,0.0,100.0,0.0
99.0,0.0,100.0,0.0
102.0,0.0,99.0,0.0
96.0,0.0,100.0,0.0
107.0,0.0,100.0,0.0
94.0,0.0,100.0,0.0
99.0,0.0,100.0,0.0
86.0,0.0,100.0,0.0
90.0,0.0,100.0,0.0
82.0,0.0,100.0,0.0
79.0,0.0,100.0,0.0
110.0,0.0,99.0,0.0
85.0,0.0,100.0,0.0
80.0,0.0,100.0,0.0
77.0,0.0,100.0,0.0
74.0,0.0,100.0,0.0
73.0,0.0,100.0,0.0
64.0,0.0,100.0,0.0
74.0,0.0,100.0,0.0
104.0,0.0,100.0,0.0
100.0,0.0,100.0,0.0
106.0,0.0,100.0,0.0
102.0,0.0,100.0,0.0
111.0,0.0,100.0,0.0
112.0,0.0,100.0,0.0
115.0,0.0,100.0,0.0
114.0,0.0,100.0,0.0
118.0,0.0,100.0,0.0
123.0,0.0,100.0,0.0
125.0,0.0,100.0,0.0
121.0,0.0,100.0,0.0
124.0,0.0,100.0,0.0
130.0,0.0,100.0,0.0
136.0,0.0,100.0,0.0
139.0,0.0,100.0,0.0
139.0,0.0,100.0,0.0
136.0,0.0,99.0,0.0
136.0,0.0,98.0,0.0
137.0,0.0,98.0,0.0
138.0,0.0,97.0,0.0
137.0,0.0,100.0,0.0
143.0,0.0,100.0,0.0
141.0,0.0,100.0,0.0
135.0,0.0,99.0,0.0
130.0,0.0,100.0,0.0
125.0,0.0,99.0,0.0
121.0,0.0,100.0,0.0
120.0,0.0,100.0,0.0
120.0,0.0,100.0,0.0
119.0,0.0,100.0,0.0
117.0,0.0,99.0,0.0
109.0,0.0,100.0,0.0
114.0,0.0,100.0,0.0
113.0,0.0,100.0,0.0
118.0,0.0,100.0,0.0
120.0,0.0,99.0,0.0
123.0,0.0,97.0,0.0
123.0,0.0,98.0,0.0
128.0,0.0,97.0,0.0
128.0,0.0,96.0,0.0
129.0,0.0,96.0,0.0
124.0,0.0,100.0,0.0
123.0,0.0,97.0,0.0
124.0,0.0,96.0,0.0
121.0,0.0,97.0,0.0
121.0,0.0,97.0,0.0
118.0,0.0,97.0,0.0
120.0,0.0,95.0,0.0
115.0,0.0,95.0,0.0
113.0,0.0,97.0,0.0
115.0,0.0,97.0,0.0
127.0,0.0,91.0,0.0
122.0,0.0,92.0,0.0
128.0,0.0,87.0,0.0
127.0,0.0,93.0,0.0
127.0,0.0,95.0,0.0
128.0,0.0,96.0,0.0
123.0,0.0,98.0,0.0
124.0,0.0,99.0,0.0
127.0,0.0,99.0,0.0
127.0,0.0,96.0,0.0
121.0,0.0,99.0,0.0
129.0,0.0,99.0,0.0
128.0,0.0,97.0,0.0
125.0,0.0,96.0,0.0
129.0,0.0,96.0,0.0
130.0,0.0,97.0,0.0
136.0,0.0,97.0,0.0
137.0,0.0,96.0,0.0
134.0,0.0,93.0,0.0
136.0,0.0,94.0,0.0
138.0,0.0,94.0,0.0
134.0,0.0,96.0,0.0
144.0,0.0,95.0,0.0
141.0,0.0,94.0,0.0
143.0,0.0,94.0,0.0
139.0,0.0,94.0,0.0
134.0,0.0,94.0,0.0
137.0,0.0,94.0,0.0
137.0,0.0,93.0,0.0
139.0,0.0,94.0,0.0
138.0,0.0,94.0,0.0
137.0,0.0,93.0,0.0
137.0,0.0,93.0,0.0
134.0,0.0,93.0,0.0
129.0,0.0,96.0,0.0
130.0,0.0,98.0,0.0
121.0,0.0,96.0,0.0
120.0,0.0,97.0,0.0
118.0,0.0,96.0,0.0
115.0,0.0,97.0,0.0
113.0,0.0,96.0,0.0
107.0,0.0,99.0,0.0
105.0,0.0,100.0,0.0
111.0,0.0,99.0,0.0
107.0,0.0,99.0,0.0
105.0,0.0,99.0,0.0
114.0,0.0,98.0,0.0
104.0,0.0,100.0,0.0
103.0,0.0,100.0,0.0
101.0,0.0,100.0,0.0
104.0,0.0,100.0,0.0
103.0,0.0,99.0,0.0
103.0,0.0,99.0,0.0
96.0,0.0,100.0,0.0
100.0,0.0,98.0,0.0
106.0,0.0,100.0,0.0
107.0,0.0,100.0,0.0
110.0,0.0,100.0,0.0
103.0,0.0,100.0,0.0
107.0,0.0,100.0,0.0
100.0,0.0,100.0,0.0
108.0,0.0,100.0,0.0
102.0,0.0,100.0,0.0
108.0,0.0,100.0,0.0
97.0,0.0,100.0,0.0
89.0,0.0,100.0,0.0
106.0,0.0,100.0,0.0
108.0,0.0,100.0,0.0
109.0,0.0,100.0,0.0
102.0,0.0,100.0,0.0
108.0,0.0,99.0,0.0
98.0,0.0,99.0,0.0
88.0,0.0,100.0,0.0
92.0,0.0,100.0,0.0
108.0,0.0,100.0,0.0
104.0,0.0,99.0,0.0
99.0,0.0,99.0,0.0
98.0,0.0,100.0,0.0
110.0,0.0,100.0,0.0
100.0,0.0,99.0,0.0
104.0,0.0,99.0,0.0
97.0,0.0,100.0,0.0
101.0,0.0,99.0,0.0
98.0,0.0,99.0,0.0
89.0,0.0,100.0,0.0
89.0,0.0,100.0,0.0
103.0,0.0,100.0,0.0
120.0,0.0,99.0,0.0
94.0,0.0,100.0,0.0
80.0,0.0,100.0,0.0
94.0,0.0,100.0,0.0
93.0,0.0,99.0,0.0
97.0,0.0,98.0,0.0
104.0,0.0,100.0,0.0
103.0,0.0,98.0,0.0
99.0,0.0,98.0,0.0
91.0,0.0,99.0,0.0
92.0,0.0,99.0,0.0
87.0,0.0,98.0,0.0
100.0,0.0,98.0,0.0
104.0,0.0,99.0,0.0
96.0,0.0,100.0,0.0
95.0,0.0,99.0,0.0
92.0,0.0,99.0,0.0
100.0,0.0,98.0,0.0
99.0,0.0,99.0,0.0
102.0,0.0,98.0,0.0
89.0,0.0,100.0,0.0
86.0,0.0,99.0,0.0
85.0,0.0,99.0,0.0
101.0,0.0,99.0,0.0
83.0,0.0,98.0,0.0
95.0,0.0,99.0,0.0
88.0,0.0,100.0,0.0
92.0,0.0,99.0,0.0
92.0,0.0,100.0,0.0
88.0,0.0,100.0,0.0
92.0,0.0,99.0,0.0
91.0,0.0,99.0,0.0
81.0,0.0,99.0,0.0
94.0,0.0,100.0,0.0
91.0,0.0,99.0,0.0
97.0,0.0,99.0,0.0
94.0,0.0,99.0,0.0
91.0,0.0,97.0,0.0
95.0,0.0,100.0,0.0
106.0,0.0,100.0,0.0
103.0,0.0,98.0,0.0
100.0,0.0,100.0,0.0
106.0,0.0,98.0,0.0
86.0,0.0,100.0,0.0
105.0,0.0,100.0,0.0
86.0,0.0,95.0,0.0
96.0,0.0,100.0,0.0
91.0,0.0,100.0,0.0
93.0,0.0,99.0,0.0
99.0,0.0,98.0,0.0
98.0,0.0,99.0,0.0
103.0,0.0,100.0,0.0
96.0,0.0,100.0,0.0
88.0,0.0,99.0,0.0
98.0,0.0,99.0,0.0
103.0,0.0,97.0,0.0
111.0,0.0,95.0,0.0
83.0,0.0,96.0,0.0
84.0,0.0,96.0,0.0
87.0,0.0,97.0,0.0
86.0,0.0,98.0,0.0
88.0,0.0,95.0,0.0
88.0,0.0,95.0,0.0
87.0,0.0,95.0,0.0
106.0,0.0,94.0,0.0
88.0,0.0,95.0,0.0
86.0,0.0,97.0,0.0
85.0,0.0,99.0,0.0
83.0,0.0,99.0,0.0
94.0,0.0,99.0,0.0
88.0,0.0,98.0,0.0
87.0,0.0,98.0,0.0
83.0,0.0,98.0,0.0
82.0,0.0,98.0,0.0
87.0,0.0,98.0,0.0
82.0,0.0,100.0,0.0
83.0,0.0,96.0,0.0
86.0,0.0,98.0,0.0
83.0,0.0,100.0,0.0
81.0,0.0,97.0,0.0
77.0,0.0,100.0,0.0
83.0,0.0,100.0,0.0
76.0,0.0,100.0,0.0
78.0,0.0,100.0,0.0
73.0,0.0,97.0,0.0
75.0,0.0,95.0,0.0
74.0,0.0,97.0,0.0
70.0,0.0,97.0,0.0
81.0,0.0,98.0,0.0
78.0,0.0,97.0,0.0
77.0,0.0,97.0,0.0
86.0,0.0,99.0,0.0
73.0,0.0,95.0,0.0
71.0,0.0,99.0,0.0
74.0,0.0,99.0,0.0
75.0,0.0,99.0,0.0
73.0,0.0,99.0,0.0
63.0,0.0,99.0,0.0
72.0,0.0,98.0,0.0
72.0,0.0,100.0,0.0
69.0,0.0,98.0,0.0
80.0,0.0,96.0,0.0
78.0,0.0,97.0,0.0
74.0,0.0,97.0,0.0
75.0,0.0,98.0,0.0
69.0,0.0,100.0,0.0
70.0,0.0,98.0,0.0
66.0,0.0,98.0,0.0
63.0,0.0,100.0,0.0
74.0,0.0,93.0,0.0
70.0,0.0,99.0,0.0
65.0,0.0,99.0,0.0
66.0,0.0,100.0,0.0
63.0,0.0,100.0,0.0
67.0,0.0,99.0,0.0
68.0,0.0,100.0,0.0
66.0,0.0,100.0,0.0
62.0,0.0,99.0,0.0
68.0,0.0,99.0,0.0
66.0,0.0,100.0,0.0
69.0,0.0,100.0,0.0
64.0,0.0,100.0,0.0
69.0,0.0,99.0,0.0
68.0,0.0,99.0,0.0
75.0,0.0,98.0,0.0
74.0,0.0,100.0,0.0
78.0,0.0,97.0,0.0
78.0,0.0,93.0,0.0
78.0,0.0,97.0,0.0
75.0,0.0,97.0,0.0
78.0,0.0,97.0,0.0
80.0,0.0,95.0,0.0
81.0,0.0,96.0,0.0
83.0,0.0,96.0,0.0
77.0,0.0,97.0,0.0
84.0,0.0,96.0,0.0
87.0,0.0,95.0,0.0
91.0,0.0,94.0,0.0
94.0,0.0,100.0,0.0
88.0,0.0,97.0,0.0
86.0,0.0,98.0,0.0
87.0,0.0,97.0,0.0
80.0,0.0,98.0,0.0
85.0,0.0,98.0,0.0
85.0,0.0,97.0,0.0
81.0,0.0,97.0,0.0
79.0,0.0,97.0,0.0
79.0,0.0,98.0,0.0
76.0,0.0,98.0,0.0
81.0,0.0,99.0,0.0
76.0,0.0,100.0,0.0
84.0,0.0,100.0,0.0
73.0,0.0,100.0,0.0
77.0,0.0,100.0,0.0
79.0,0.0,98.0,0.0
104.0,0.0,100.0,0.0
72.0,0.0,98.0,0.0
79.0,0.0,98.0,0.0
74.0,0.0,97.0,0.0
84.0,0.0,96.0,0.0
79.0,0.0,97.0,0.0
79.0,0.0,97.0,0.0
75.0,0.0,97.0,0.0
70.0,0.0,98.0,0.0
86.0,0.0,96.0,0.0
76.0,0.0,96.0,0.0
77.0,0.0,96.0,0.0
86.0,0.0,97.0,0.0
87.0,0.0,97.0,0.0
77.0,0.0,97.0,0.0
85.0,0.0,98.0,0.0
76.0,0.0,99.0,0.0
88.0,0.0,98.0,0.0
92.0,0.0,95.0,0.0
84.0,0.0,99.0,0.0
83.0,0.0,99.0,0.0
83.0,0.0,100.0,0.0
82.0,0.0,99.0,0.0
87.0,0.0,99.0,0.0
80.0,0.0,100.0,0.0
82.0,0.0,100.0,0.0
80.0,0.0,100.0,0.0
112.0,0.0,96.0,0.0
99.0,0.0,100.0,0.0
101.0,0.0,100.0,0.0
100.0,0.0,100.0,0.0
97.0,0.0,100.0,0.0
90.0,0.0,98.0,0.0
84.0,0.0,97.0,0.0
83.0,0.0,98.0,0.0
85.0,0.0,100.0,0.0
86.0,0.0,99.0,0.0
84.0,0.0,99.0,0.0
77.0,0.0,98.0,0.0
80.0,0.0,100.0,0.0
81.0,0.0,99.0,0.0
80.0,0.0,99.0,0.0
75.0,0.0,98.0,0.0
81.0,0.0,98.0,0.0
76.0,0.0,99.0,0.0
75.0,0.0,100.0,0.0
108.0,0.0,100.0,0.0
79.0,0.0,100.0,0.0
84.0,0.0,100.0,0.0
78.0,0.0,100.0,0.0
95.0,0.0,100.0,0.0
87.0,0.0,100.0,0.0
80.0,0.0,100.0,0.0
78.0,0.0,100.0,0.0
75.0,0.0,100.0,0.0
82.0,0.0,100.0,0.0
82.0,0.0,100.0,0.0
78.0,0.0,100.0,0.0
82.0,0.0,100.0,0.0
75.0,0.0,100.0,0.0
80.0,0.0,100.0,0.0
77.0,0.0,100.0,0.0
84.0,0.0,98.0,0.0
82.0,0.0,99.0,0.0
80.0,0.0,100.0,0.0
85.0,0.0,100.0,0.0
85.0,0.0,98.0,0.0
83.0,0.0,98.0,0.0
82.0,0.0,98.0,0.0
83.0,0.0,98.0,0.0
85.0,0.0,97.0,0.0
84.0,0.0,100.0,0.0
89.0,0.0,100.0,0.0
90.0,0.0,100.0,0.0
90.0,0.0,100.0,0.0
88.0,0.0,99.0,0.0
87.0,0.0,98.0,0.0
82.0,0.0,99.0,0.0
75.0,0.0,100.0,0.0
79.0,0.0,100.0,0.0
84.0,0.0,100.0,0.0
78.0,0.0,100.0,0.0
80.0,0.0,100.0,0.0
91.0,0.0,100.0,0.0
82.0,0.0,94.0,0.0
82.0,0.0,95.0,0.0
78.0,0.0,93.0,0.0
80.0,0.0,98.0,0.0
82.0,0.0,97.0,0.0
83.0,0.0,97.0,0.0
83.0,0.0,97.0,0.0
87.0,0.0,97.0,0.0
91.0,0.0,97.0,0.0
85.0,0.0,97.0,0.0
94.0,0.0,98.0,0.0
88.0,0.0,97.0,0.0
86.0,0.0,97.0,0.0
89.0,0.0,97.0,0.0
87.0,0.0,97.0,0.0
87.0,0.0,95.0,0.0
90.0,0.0,96.0,0.0
88.0,0.0,94.0,0.0
88.0,0.0,95.0,0.0
87.0,0.0,97.0,0.0
98.0,0.0,100.0,0.0
88.0,0.0,99.0,0.0
91.0,0.0,94.0,0.0
95.0,0.0,94.0,0.0
93.0,0.0,93.0,0.0
96.0,0.0,94.0,0.0
87.0,0.0,94.0,0.0
94.0,0.0,95.0,0.0
92.0,0.0,96.0,0.0
92.0,0.0,97.0,0.0
89.0,0.0,98.0,0.0
96.0,0.0,97.0,0.0
100.0,0.0,96.0,0.0
87.0,0.0,99.0,0.0
88.0,0.0,97.0,0.0
88.0,0.0,97.0,0.0
88.0,0.0,97.0,0.0
88.0,0.0,97.0,0.0
90.0,0.0,97.0,0.0
90.0,0.0,97.0,0.0
93.0,0.0,97.0,0.0
90.0,0.0,96.0,0.0
88.0,0.0,97.0,0.0
84.0,0.0,98.0,0.0
84.0,0.0,98.0,0.0
82.0,0.0,97.0,0.0
87.0,0.0,97.0,0.0
87.0,0.0,94.0,0.0
82.0,0.0,96.0,0.0
81.0,0.0,98.0,0.0
80.0,0.0,99.0,0.0
78.0,0.0,99.0,0.0
81.0,0.0,99.0,0.0
81.0,0.0,98.0,0.0
76.0,0.0,98.0,0.0
75.0,0.0,98.0,0.0
77.0,0.0,100.0,0.0
74.0,0.0,98.0,0.0
82.0,0.0,98.0,0.0
87.0,0.0,98.0,0.0
89.0,0.0,97.0,0.0
91.0,0.0,97.0,0.0
102.0,0.0,96.0,0.0
94.0,0.0,97.0,0.0
90.0,0.0,98.0,0.0
88.0,0.0,98.0,0.0
88.0,0.0,98.0,0.0
85.0,0.0,98.0,0.0
87.0,0.0,98.0,0.0
86.0,0.0,98.0,0.0
84.0,0.0,98.0,0.0
83.0,0.0,98.0,0.0
85.0,0.0,98.0,0.0
84.0,0.0,98.0,0.0
88.0,0.0,98.0,0.0
84.0,0.0,97.0,0.0
88.0,0.0,98.0,0.0
84.0,0.0,98.0,0.0
85.0,0.0,98.0,0.0
83.0,0.0,98.0,0.0
85.0,0.0,98.0,0.0
82.0,0.0,94.0,0.0
78.0,0.0,98.0,0.0
82.0,0.0,100.0,0.0
82.0,0.0,100.0,0.0
81.0,0.0,100.0,0.0
86.0,0.0,99.0,0.0
88.0,0.0,100.0,0.0
90.0,0.0,98.0,0.0
93.0,0.0,99.0,0.0
91.0,0.0,100.0,0.0
93.0,0.0,97.0,0.0
92.0,0.0,98.0,0.0
94.0,0.0,97.0,0.0
91.0,0.0,100.0,0.0
92.0,0.0,99.0,0.0
86.0,0.0,96.0,0.0
86.0,0.0,96.0,0.0
85.0,0.0,96.0,0.0
86.0,0.0,97.0,0.0
87.0,0.0,95.0,0.0
86.0,0.0,100.0,0.0
86.0,0.0,99.0,0.0
89.0,0.0,98.0,0.0
88.0,0.0,99.0,0.0
83.0,0.0,99.0,0.0
82.0,0.0,99.0,0.0
82.0,0.0,99.0,0.0
81.0,0.0,99.0,0.0
80.0,0.0,99.0,0.0
80.0,0.0,99.0,0.0
80.0,0.0,99.0,0.0
79.0,0.0,99.0,0.0
80.0,0.0,99.0,0.0
79.0,0.0,99.0,0.0
78.0,0.0,99.0,0.0
77.0,0.0,99.0,0.0
75.0,0.0,99.0,0.0
75.0,0.0,99.0,0.0
74.0,0.0,100.0,0.0
73.0,0.0,100.0,0.0
73.0,0.0,99.0,0.0
74.0,0.0,99.0,0.0
77.0,0.0,98.0,0.0
77.0,0.0,100.0,0.0
82.0,0.0,99.0,0.0
88.0,0.0,99.0,0.0
93.0,0.0,99.0,0.0
92.0,0.0,100.0,0.0
91.0,0.0,99.0,0.0
88.0,0.0,98.0,0.0
80.0,0.0,97.0,0.0
68.0,0.0,93.0,0.0
69.0,0.0,92.0,0.0
62.0,0.0,95.0,0.0
35.0,0.0,97.0,0.0
94.0,0.0,93.0,0.0
81.0,0.0,100.0,0.0
81.0,0.0,100.0,0.0
81.0,0.0,100.0,0.0
72.0,0.0,100.0,0.0
80.0,0.0,100.0,0.0
105.0,0.0,99.0,0.0
87.0,0.0,99.0,0.0
72.0,0.0,98.0,0.0
85.0,0.0,98.0,0.0
73.0,0.0,100.0,0.0
75.0,0.0,96.0,0.0
81.0,0.0,100.0,0.0
68.0,0.0,100.0,0.0
89.0,0.0,100.0,0.0
67.0,0.0,100.0,0.0
87.0,0.0,100.0,0.0
78.0,0.0,100.0,0.0
80.0,0.0,100.0,0.0
85.0,0.0,100.0,0.0
77.0,0.0,100.0,0.0
98.0,0.0,96.0,0.0
101.0,0.0,97.0,0.0
107.0,0.0,98.0,0.0
100.0,0.0,96.0,0.0
99.0,0.0,97.0,0.0
106.0,0.0,97.0,0.0
104.0,0.0,97.0,0.0
111.0,0.0,97.0,0.0
103.0,0.0,97.0,0.0
105.0,0.0,97.0,0.0
107.0,0.0,97.0,0.0
86.0,0.0,96.0,0.0
105.0,0.0,97.0,0.0
95.0,0.0,96.0,0.0
92.0,0.0,97.0,0.0
107.0,0.0,96.0,0.0
84.0,0.0,97.0,0.0
84.0,0.0,95.0,0.0
90.0,0.0,97.0,0.0
92.0,0.0,96.0,0.0
93.0,0.0,99.0,0.0
89.0,0.0,99.0,0.0
97.0,0.0,98.0,0.0
81.0,0.0,96.0,0.0
77.0,0.0,97.0,0.0
80.0,0.0,96.0,0.0
98.0,0.0,99.0,0.0
90.0,0.0,96.0,0.0
83.0,0.0,96.0,0.0
91.0,0.0,98.0,0.0
102.0,0.0,97.0,0.0
100.0,0.0,98.0,0.0
104.0,0.0,97.0,0.0
107.0,0.0,96.0,0.0
87.0,0.0,95.0,0.0
88.0,0.0,97.0,0.0
85.0,0.0,96.0,0.0
90.0,0.0,95.0,0.0
83.0,0.0,95.0,0.0
89.0,0.0,96.0,0.0
77.0,0.0,99.0,0.0
79.0,0.0,98.0,0.0
81.0,0.0,95.0,0.0
83.0,0.0,97.0,0.0
77.0,0.0,97.0,0.0
73.0,0.0,95.0,0.0
81.0,0.0,96.0,0.0
79.0,0.0,96.0,0.0
75.0,0.0,96.0,0.0
88.0,0.0,96.0,0.0
87.0,0.0,98.0,0.0
75.0,0.0,97.0,0.0
96.0,0.0,98.0,0.0
94.0,0.0,97.0,0.0
94.0,0.0,99.0,0.0
86.0,0.0,97.0,0.0
97.0,0.0,97.0,0.0
80.0,0.0,97.0,0.0
82.0,0.0,96.0,0.0
86.0,0.0,95.0,0.0
96.0,0.0,97.0,0.0
80.0,0.0,97.0,0.0
92.0,0.0,97.0,0.0
86.0,0.0,95.0,0.0
97.0,0.0,96.0,0.0
84.0,0.0,96.0,0.0
98.0,0.0,96.0,0.0
89.0,0.0,95.0,0.0
84.0,0.0,97.0,0.0
91.0,0.0,98.0,0.0
85.0,0.0,97.0,0.0
86.0,0.0,97.0,0.0
91.0,0.0,96.0,0.0
86.0,0.0,95.0,0.0
92.0,0.0,98.0,0.0
104.0,0.0,96.0,0.0
104.0,0.0,97.0,0.0
95.0,0.0,97.0,0.0
110.0,0.0,96.0,0.0
115.0,0.0,96.0,0.0
101.0,0.0,97.0,0.0
87.0,0.0,96.0,0.0
98.0,0.0,98.0,0.0
103.0,0.0,98.0,0.0
103.0,0.0,97.0,0.0
96.0,0.0,96.0,0.0
95.0,0.0,96.0,0.0
102.0,0.0,93.0,0.0
92.0,0.0,98.0,0.0
105.0,0.0,97.0,0.0
107.0,0.0,97.0,0.0
113.0,0.0,96.0,0.0
97.0,0.0,95.0,0.0
112.0,0.0,97.0,0.0
94.0,0.0,95.0,0.0
95.0,0.0,94.0,0.0
86.0,0.0,97.0,0.0
90.0,0.0,95.0,0.0
99.0,0.0,97.0,0.0
111.0,0.0,96.0,0.0
98.0,0.0,95.0,0.0
111.0,0.0,96.0,0.0
119.0,0.0,97.0,0.0
89.0,0.0,97.0,0.0
103.0,0.0,98.0,0.0
100.0,0.0,96.0,0.0
84.0,0.0,97.0,0.0
71.0,0.0,98.0,0.0
74.0,0.0,94.0,0.0
73.0,0.0,95.0,0.0
93.0,0.0,97.0,0.0
92.0,0.0,99.0,0.0
98.0,0.0,97.0,0.0
95.0,0.0,97.0,0.0
101.0,0.0,96.0,0.0
99.0,0.0,97.0,0.0
94.0,0.0,96.0,0.0
99.0,0.0,96.0,0.0
99.0,0.0,98.0,0.0
99.0,0.0,95.0,0.0
97.0,0.0,99.0,0.0
97.0,0.0,99.0,0.0
96.0,0.0,96.0,0.0
96.0,0.0,99.0,0.0
99.0,0.0,99.0,0.0
71.0,0.0,94.0,0.0
71.0,0.0,93.0,0.0
70.0,0.0,94.0,0.0
75.0,0.0,89.0,0.0
71.0,0.0,95.0,0.0
79.0,0.0,88.0,0.0
75.0,0.0,93.0,0.0
72.0,0.0,94.0,0.0
70.0,0.0,95.0,0.0
70.0,0.0,93.0,0.0
79.0,0.0,92.0,0.0
70.0,0.0,97.0,0.0
71.0,0.0,94.0,0.0
74.0,0.0,93.0,0.0
73.0,0.0,96.0,0.0
72.0,0.0,95.0,0.0
71.0,0.0,95.0,0.0
85.0,0.0,100.0,0.0
92.0,0.0,100.0,0.0
97.0,0.0,98.0,0.0
100.0,0.0,100.0,0.0
94.0,0.0,100.0,0.0
91.0,0.0,98.0,0.0
105.0,0.0,100.0,0.0
95.0,0.0,99.0,0.0
97.0,0.0,99.0,0.0
94.0,0.0,99.0,0.0
97.0,0.0,99.0,0.0
91.0,0.0,98.0,0.0
92.0,0.0,97.0,0.0
103.0,0.0,97.0,0.0
93.0,0.0,99.0,0.0
93.0,0.0,100.0,0.0
104.0,0.0,99.0,0.0
93.0,0.0,98.0,0.0
92.0,0.0,97.0,0.0
92.0,0.0,97.0,0.0
91.0,0.0,96.0,0.0
104.0,0.0,94.0,0.0
105.0,0.0,97.0,0.0
113.0,0.0,95.0,0.0
114.0,0.0,95.0,0.0
96.0,0.0,92.0,0.0
98.0,0.0,92.0,0.0
100.0,0.0,93.0,0.0
113.0,0.0,95.0,0.0
101.0,0.0,94.0,0.0
97.0,0.0,95.0,0.0
95.0,0.0,96.0,0.0
101.0,0.0,95.0,0.0
76.0,0.0,93.0,0.0
98.0,0.0,95.0,0.0
100.0,0.0,95.0,0.0
109.0,0.0,95.0,0.0
95.0,0.0,92.0,0.0
98.0,0.0,95.0,0.0
105.0,0.0,95.0,0.0
100.0,0.0,92.0,0.0
100.0,0.0,96.0,0.0
100.0,0.0,95.0,0.0
107.0,0.0,96.0,0.0
99.0,0.0,94.0,0.0
104.0,0.0,96.0,0.0
95.0,0.0,96.0,0.0
97.0,0.0,96.0,0.0
92.0,0.0,96.0,0.0
94.0,0.0,97.0,0.0
89.0,0.0,98.0,0.0
107.0,0.0,95.0,0.0
93.0,0.0,98.0,0.0
91.0,0.0,97.0,0.0
103.0,0.0,95.0,0.0
96.0,0.0,98.0,0.0
86.0,0.0,97.0,0.0
89.0,0.0,98.0,0.0
91.0,0.0,97.0,0.0
84.0,0.0,97.0,0.0
83.0,0.0,97.0,0.0
81.0,0.0,97.0,0.0
95.0,0.0,98.0,0.0
89.0,0.0,98.0,0.0
90.0,0.0,98.0,0.0
75.0,0.0,97.0,0.0
84.0,0.0,98.0,0.0
83.0,0.0,95.0,0.0
86.0,0.0,98.0,0.0
88.0,0.0,99.0,0.0
90.0,0.0,98.0,0.0
77.0,0.0,98.0,0.0
78.0,0.0,97.0,0.0
80.0,0.0,94.0,0.0
80.0,0.0,93.0,0.0
91.0,0.0,93.0,0.0
83.0,0.0,93.0,0.0
80.0,0.0,94.0,0.0
84.0,0.0,94.0,0.0
70.0,0.0,97.0,0.0
91.0,0.0,95.0,0.0
75.0,0.0,95.0,0.0
71.0,0.0,97.0,0.0
88.0,0.0,95.0,0.0
69.0,0.0,91.0,0.0
77.0,0.0,99.0,0.0
94.0,0.0,99.0,0.0
91.0,0.0,96.0,0.0
70.0,0.0,100.0,0.0
76.0,0.0,98.0,0.0
82.0,0.0,98.0,0.0
99.0,0.0,100.0,0.0
97.0,0.0,100.0,0.0
104.0,0.0,100.0,0.0
99.0,0.0,100.0,0.0
110.0,0.0,100.0,0.0
90.0,0.0,100.0,0.0
98.0,0.0,100.0,0.0
96.0,0.0,100.0,0.0
104.0,0.0,100.0,0.0
105.0,0.0,99.0,0.0
97.0,0.0,100.0,0.0
97.0,0.0,100.0,0.0
101.0,0.0,100.0,0.0
98.0,0.0,99.0,0.0
88.0,0.0,100.0,0.0
92.0,0.0,100.0,0.0
96.0,0.0,100.0,0.0
93.0,0.0,100.0,0.0
90.0,0.0,100.0,0.0
89.0,0.0,97.0,0.0
91.0,0.0,100.0,0.0
95.0,0.0,100.0,0.0
84.0,0.0,100.0,0.0
99.0,0.0,100.0,0.0
92.0,0.0,100.0,0.0
84.0,0.0,100.0,0.0
87.0,0.0,100.0,0.0
88.0,0.0,100.0,0.0
84.0,0.0,99.0,0.0
82.0,0.0,100.0,0.0
88.0,0.0,100.0,0.0
97.0,0.0,100.0,0.0
101.0,0.0,100.0,0.0
104.0,0.0,100.0,0.0
101.0,0.0,100.0,0.0
105.0,0.0,100.0,0.0
95.0,0.0,100.0,0.0
103.0,0.0,100.0,0.0
111.0,0.0,100.0,0.0
105.0,0.0,100.0,0.0
107.0,0.0,100.0,0.0
102.0,0.0,99.0,0.0
107.0,0.0,100.0,0.0
101.0,0.0,100.0,0.0
90.0,0.0,100.0,0.0
87.0,0.0,97.0,0.0
83.0,0.0,98.0,0.0
84.0,0.0,98.0,0.0
97.0,0.0,98.0,0.0
84.0,0.0,98.0,0.0
92.0,0.0,98.0,0.0
101.0,0.0,97.0,0.0
108.0,0.0,98.0,0.0
103.0,0.0,100.0,0.0
111.0,0.0,98.0,0.0
109.0,0.0,99.0,0.0
110.0,0.0,99.0,0.0
103.0,0.0,97.0,0.0
103.0,0.0,98.0,0.0
110.0,0.0,98.0,0.0
104.0,0.0,96.0,0.0
96.0,0.0,99.0,0.0
99.0,0.0,97.0,0.0
109.0,0.0,98.0,0.0
102.0,0.0,98.0,0.0
101.0,0.0,98.0,0.0
98.0,0.0,98.0,0.0
110.0,0.0,98.0,0.0
101.0,0.0,97.0,0.0
106.0,0.0,96.0,0.0
93.0,0.0,98.0,0.0
98.0,0.0,97.0,0.0
98.0,0.0,96.0,0.0
96.0,0.0,98.0,0.0
98.0,0.0,98.0,0.0
97.0,0.0,98.0,0.0
100.0,0.0,98.0,0.0
95.0,0.0,96.0,0.0
96.0,0.0,96.0,0.0
98.0,0.0,99.0,0.0
93.0,0.0,98.0,0.0
91.0,0.0,90.0,0.0
93.0,0.0,97.0,0.0
91.0,0.0,97.0,0.0
93.0,0.0,98.0,0.0
90.0,0.0,98.0,0.0
92.0,0.0,99.0,0.0
90.0,0.0,99.0,0.0
93.0,0.0,99.0,0.0
103.0,0.0,97.0,0.0
106.0,0.0,99.0,0.0
105.0,0.0,99.0,0.0
95.0,0.0,95.0,0.0
91.0,0.0,97.0,0.0
99.0,0.0,100.0,0.0
95.0,0.0,97.0,0.0
103.0,0.0,99.0,0.0
89.0,0.0,97.0,0.0
84.0,0.0,99.0,0.0
95.0,0.0,100.0,0.0
87.0,0.0,97.0,0.0
94.0,0.0,99.0,0.0
84.0,0.0,98.0,0.0
90.0,0.0,98.0,0.0
91.0,0.0,99.0,0.0
92.0,0.0,98.0,0.0
93.0,0.0,99.0,0.0
108.0,0.0,98.0,0.0
105.0,0.0,96.0,0.0
89.0,0.0,96.0,0.0
91.0,0.0,96.0,0.0
103.0,0.0,97.0,0.0
93.0,0.0,97.0,0.0
96.0,0.0,99.0,0.0
93.0,0.0,99.0,0.0
93.0,0.0,99.0,0.0
100.0,0.0,99.0,0.0
96.0,0.0,100.0,0.0
103.0,0.0,99.0,0.0
95.0,0.0,99.0,0.0
98.0,0.0,95.0,0.0
107.0,0.0,100.0,0.0
94.0,0.0,81.0,0.0
96.0,0.0,100.0,0.0
109.0,0.0,100.0,0.0
106.0,0.0,100.0,0.0
110.0,0.0,89.0,0.0
93.0,0.0,100.0,0.0
85.0,0.0,100.0,0.0
88.0,0.0,98.0,0.0
88.0,0.0,99.0,0.0
94.0,0.0,99.0,0.0
90.0,0.0,98.0,0.0
92.0,0.0,98.0,0.0
91.0,0.0,97.0,0.0
90.0,0.0,98.0,0.0
82.0,0.0,96.0,0.0
85.0,0.0,97.0,0.0
84.0,0.0,96.0,0.0
88.0,0.0,98.0,0.0
90.0,0.0,98.0,0.0
81.0,0.0,98.0,0.0
85.0,0.0,99.0,0.0
87.0,0.0,97.0,0.0
87.0,0.0,97.0,0.0
86.0,0.0,99.0,0.0
87.0,0.0,97.0,0.0
91.0,0.0,98.0,0.0
87.0,0.0,97.0,0.0
83.0,0.0,97.0,0.0
97.0,0.0,99.0,0.0
103.0,0.0,99.0,0.0
82.0,0.0,96.0,0.0
84.0,0.0,95.0,0.0
96.0,0.0,95.0,0.0
83.0,0.0,96.0,0.0
82.0,0.0,96.0,0.0
80.0,0.0,96.0,0.0
79.0,0.0,97.0,0.0
79.0,0.0,95.0,0.0
84.0,0.0,97.0,0.0
86.0,0.0,97.0,0.0
83.0,0.0,97.0,0.0
85.0,0.0,97.0,0.0
86.0,0.0,100.0,0.0
77.0,0.0,100.0,0.0
79.0,0.0,97.0,0.0
80.0,0.0,95.0,0.0
76.0,0.0,100.0,0.0
76.0,0.0,100.0,0.0
75.0,0.0,91.0,0.0
75.0,0.0,90.0,0.0
75.0,0.0,97.0,0.0
77.0,0.0,95.0,0.0
76.0,0.0,97.0,0.0
89.0,0.0,99.0,0.0
99.0,0.0,97.0,0.0
97.0,0.0,98.0,0.0
87.0,0.0,99.0,0.0
93.0,0.0,97.0,0.0
88.0,0.0,90.0,0.0
93.0,0.0,96.0,0.0
90.0,0.0,95.0,0.0
90.0,0.0,97.0,0.0
85.0,0.0,95.0,0.0
85.0,0.0,94.0,0.0
82.0,0.0,96.0,0.0
85.0,0.0,97.0,0.0
79.0,0.0,91.0,0.0
75.0,0.0,96.0,0.0
78.0,0.0,98.0,0.0
76.0,0.0,97.0,0.0
90.0,0.0,96.0,0.0
81.0,0.0,97.0,0.0
93.0,0.0,97.0,0.0
79.0,0.0,97.0,0.0
78.0,0.0,94.0,0.0
81.0,0.0,99.0,0.0
72.0,0.0,97.0,0.0
65.0,0.0,96.0,0.0
86.0,0.0,94.0,0.0
88.0,0.0,96.0,0.0
83.0,0.0,96.0,0.0
83.0,0.0,96.0,0.0
78.0,0.0,96.0,0.0
71.0,0.0,94.0,0.0
78.0,0.0,96.0,0.0
77.0,0.0,98.0,0.0
67.0,0.0,97.0,0.0
64.0,0.0,99.0,0.0
64.0,0.0,96.0,0.0
69.0,0.0,99.0,0.0
77.0,0.0,93.0,0.0
72.0,0.0,93.0,0.0
77.0,0.0,94.0,0.0
73.0,0.0,97.0,0.0
84.0,0.0,97.0,0.0
75.0,0.0,97.0,0.0
69.0,0.0,95.0,0.0
71.0,0.0,94.0,0.0
71.0,0.0,94.0,0.0
71.0,0.0,95.0,0.0
76.0,0.0,96.0,0.0
83.0,0.0,96.0,0.0
86.0,0.0,95.0,0.0
87.0,0.0,95.0,0.0
94.0,0.0,96.0,0.0
85.0,0.0,95.0,0.0
77.0,0.0,95.0,0.0
78.0,0.0,94.0,0.0
79.0,0.0,94.0,0.0
79.0,0.0,94.0,0.0
77.0,0.0,92.0,0.0
81.0,0.0,93.0,0.0
78.0,0.0,95.0,0.0
77.0,0.0,94.0,0.0
78.0,0.0,94.0,0.0
82.0,0.0,94.0,0.0
79.0,0.0,95.0,0.0
84.0,0.0,94.0,0.0
71.0,0.0,95.0,0.0
72.0,0.0,94.0,0.0
75.0,0.0,95.0,0.0
82.0,0.0,96.0,0.0
73.0,0.0,94.0,0.0
76.0,0.0,95.0,0.0
84.0,0.0,94.0,0.0
88.0,0.0,94.0,0.0
82.0,0.0,94.0,0.0
90.0,0.0,94.0,0.0
86.0,0.0,94.0,0.0
89.0,0.0,95.0,0.0
82.0,0.0,94.0,0.0
82.0,0.0,93.0,0.0
81.0,0.0,94.0,0.0
71.0,0.0,94.0,0.0
71.0,0.0,94.0,0.0
75.0,0.0,94.0,0.0
83.0,0.0,95.0,0.0
82.0,0.0,95.0,0.0
87.0,0.0,95.0,0.0
86.0,0.0,96.0,0.0
79.0,0.0,96.0,0.0
78.0,0.0,95.0,0.0
82.0,0.0,96.0,0.0
82.0,0.0,95.0,0.0
74.0,0.0,96.0,0.0
83.0,0.0,95.0,0.0
83.0,0.0,95.0,0.0
85.0,0.0,96.0,0.0
83.0,0.0,95.0,0.0
93.0,0.0,94.0,0.0
80.0,0.0,94.0,0.0
81.0,0.0,94.0,0.0
78.0,0.0,94.0,0.0
84.0,0.0,95.0,0.0
78.0,0.0,95.0,0.0
89.0,0.0,96.0,0.0
98.0,0.0,95.0,0.0
92.0,0.0,96.0,0.0
101.0,0.0,96.0,0.0
107.0,0.0,96.0,0.0
103.0,0.0,97.0,0.0
109.0,0.0,100.0,0.0
112.0,0.0,100.0,0.0
110.0,0.0,100.0,0.0
134.0,0.0,100.0,0.0
118.0,0.0,100.0,0.0
111.0,0.0,100.0,0.0
116.0,0.0,100.0,0.0
115.0,0.0,100.0,0.0
120.0,0.0,100.0,0.0
108.0,0.0,100.0,0.0
106.0,0.0,100.0,0.0
100.0,0.0,100.0,0.0
96.0,0.0,100.0,0.0
114.0,0.0,100.0,0.0
115.0,0.0,100.0,0.0
110.0,0.0,100.0,0.0
104.0,0.0,100.0,0.0
94.0,0.0,100.0,0.0
89.0,0.0,100.0,0.0
96.0,0.0,100.0,0.0
96.0,0.0,100.0,0.0
101.0,0.0,100.0,0.0
100.0,0.0,100.0,0.0
98.0,0.0,100.0,0.0
107.0,0.0,100.0,0.0
108.0,0.0,100.0,0.0
127.0,0.0,100.0,0.0
116.0,0.0,100.0,0.0
134.0,0.0,100.0,0.0
128.0,0.0,100.0,0.0
115.0,0.0,100.0,0.0
116.0,0.0,100.0,0.0
115.0,0.0,100.0,0.0
113.0,0.0,100.0,0.0
121.0,0.0,91.0,0.0
127.0,0.0,86.0,0.0
126.0,0.0,89.0,0.0
125.0,0.0,92.0,0.0
99.0,0.0,98.0,0.0
95.0,0.0,96.0,0.0
93.0,0.0,97.0,0.0
89.0,0.0,96.0,0.0
84.0,0.0,91.0,0.0
83.0,0.0,96.0,0.0
81.0,0.0,96.0,0.0
81.0,0.0,96.0,0.0
87.0,0.0,96.0,0.0
85.0,0.0,96.0,0.0
85.0,0.0,95.0,0.0
85.0,0.0,95.0,0.0
85.0,0.0,96.0,0.0
85.0,0.0,96.0,0.0
83.0,0.0,95.0,0.0
84.0,0.0,96.0,0.0
84.0,0.0,96.0,0.0
83.0,0.0,96.0,0.0
82.0,0.0,95.0,0.0
82.0,0.0,95.0,0.0
82.0,0.0,95.0,0.0
83.0,0.0,95.0,0.0
81.0,0.0,95.0,0.0
82.0,0.0,94.0,0.0
82.0,0.0,94.0,0.0
83.0,0.0,94.0,0.0
82.0,0.0,94.0,0.0
82.0,0.0,95.0,0.0
82.0,0.0,95.0,0.0
82.0,0.0,93.0,0.0
80.0,0.0,86.0,0.0
84.0,0.0,93.0,0.0
87.0,0.0,92.0,0.0
87.0,0.0,92.0,0.0
90.0,0.0,90.0,0.0
98.0,0.0,91.0,0.0
96.0,0.0,93.0,0.0
96.0,0.0,93.0,0.0
95.0,0.0,87.0,0.0
94.0,0.0,92.0,0.0
92.0,0.0,91.0,0.0
91.0,0.0,89.0,0.0
102.0,0.0,91.0,0.0
103.0,0.0,90.0,0.0
92.0,0.0,92.0,0.0
103.0,0.0,93.0,0.0
107.0,0.0,81.0,0.0
100.0,0.0,72.0,0.0
120.0,0.0,88.0,0.0
92.0,0.0,99.0,0.0
89.0,0.0,98.0,0.0
92.0,0.0,98.0,0.0
93.0,0.0,97.0,0.0
87.0,0.0,96.0,0.0
77.0,0.0,97.0,0.0
80.0,0.0,97.0,0.0
80.0,0.0,97.0,0.0
82.0,0.0,99.0,0.0
81.0,0.0,97.0,0.0
84.0,0.0,94.0,0.0
80.0,0.0,97.0,0.0
88.0,0.0,100.0,0.0
79.0,0.0,98.0,0.0
84.0,0.0,96.0,0.0
87.0,0.0,95.0,0.0
87.0,0.0,97.0,0.0
83.0,0.0,98.0,0.0
84.0,0.0,98.0,0.0
81.0,0.0,99.0,0.0
84.0,0.0,98.0,0.0
71.0,0.0,100.0,0.0
69.0,0.0,100.0,0.0
68.0,0.0,99.0,0.0
76.0,0.0,97.0,0.0
81.0,0.0,98.0,0.0
71.0,0.0,100.0,0.0
88.0,0.0,97.0,0.0
82.0,0.0,97.0,0.0
85.0,0.0,98.0,0.0
90.0,0.0,92.0,0.0
68.0,0.0,95.0,0.0
73.0,0.0,98.0,0.0
73.0,0.0,95.0,0.0
77.0,0.0,97.0,0.0
84.0,0.0,95.0,0.0
88.0,0.0,81.0,0.0
99.0,0.0,95.0,0.0
97.0,0.0,95.0,0.0
90.0,0.0,95.0,0.0
88.0,0.0,95.0,0.0
71.0,0.0,95.0,0.0
70.0,0.0,95.0,0.0
79.0,0.0,95.0,0.0
76.0,0.0,99.0,0.0
77.0,0.0,96.0,0.0
72.0,0.0,100.0,0.0
71.0,0.0,98.0,0.0
72.0,0.0,100.0,0.0
71.0,0.0,96.0,0.0
60.0,0.0,98.0,0.0
57.0,0.0,99.0,0.0
70.0,0.0,100.0,0.0
66.0,0.0,100.0,0.0
66.0,0.0,97.0,0.0
69.0,0.0,94.0,0.0
72.0,0.0,98.0,0.0
68.0,0.0,100.0,0.0
67.0,0.0,100.0,0.0
67.0,0.0,100.0,0.0
69.0,0.0,100.0,0.0
80.0,0.0,99.0,0.0
79.0,0.0,99.0,0.0
75.0,0.0,100.0,0.0
80.0,0.0,98.0,0.0
75.0,0.0,98.0,0.0
71.0,0.0,99.0,0.0
71.0,0.0,96.0,0.0
64.0,0.0,100.0,0.0
65.0,0.0,100.0,0.0
62.0,0.0,100.0,0.0
59.0,0.0,100.0,0.0
60.0,0.0,100.0,0.0
62.0,0.0,99.0,0.0
70.0,0.0,89.0,0.0
66.0,0.0,97.0,0.0
68.0,0.0,100.0,0.0
72.0,0.0,100.0,0.0
67.0,0.0,100.0,0.0
71.0,0.0,99.0,0.0
72.0,0.0,96.0,0.0
68.0,0.0,100.0,0.0
71.0,0.0,99.0,0.0
66.0,0.0,100.0,0.0
60.0,0.0,100.0,0.0
58.0,0.0,96.0,0.0
58.0,0.0,100.0,0.0
88.0,0.0,99.0,0.0
87.0,0.0,100.0,0.0
110.0,0.0,98.0,0.0
84.0,0.0,94.0,0.0
74.0,0.0,96.0,0.0
91.0,0.0,97.0,0.0
65.0,0.0,98.0,0.0
105.0,0.0,95.0,0.0
103.0,0.0,94.0,0.0
97.0,0.0,95.0,0.0
81.0,0.0,94.0,0.0
90.0,0.0,97.0,0.0
117.0,0.0,99.0,0.0
114.0,0.0,98.0,0.0
103.0,0.0,100.0,0.0
108.0,0.0,97.0,0.0
112.5,3.5355339059327378,99.0,0.0
119.0,0.0,95.0,0.0
96.0,0.0,95.0,0.0
105.0,0.0,99.0,0.0
116.0,0.0,97.0,0.0
111.0,0.0,99.0,0.0
106.0,0.0,93.0,0.0
113.0,0.0,99.0,0.0
89.0,0.0,99.0,0.0
103.0,0.0,100.0,0.0
95.0,0.0,94.0,0.0
103.0,0.0,100.0,0.0
99.0,0.0,100.0,0.0
113.0,0.0,99.0,0.0
87.0,0.0,91.0,0.0
91.0,0.0,88.0,0.0
91.0,0.0,98.0,0.0
84.0,0.0,100.0,0.0
82.0,0.0,100.0,0.0
92.0,8.48528137423857,99.0,0.0
84.0,0.0,100.0,0.0
83.0,0.0,100.0,0.0
85.0,0.0,99.0,0.0
88.0,0.0,98.0,0.0
91.0,0.0,98.0,0.0
85.0,0.0,98.0,0.0
83.0,0.0,99.0,0.0
90.0,0.0,96.0,0.0
85.0,0.0,97.0,0.0
84.0,0.0,98.0,0.0
74.0,0.0,98.0,0.0
85.0,0.0,99.0,0.0
82.0,0.0,96.0,0.0
69.0,0.0,100.0,0.0
80.0,0.0,84.0,0.0
91.0,0.0,82.0,0.0
95.0,0.0,86.0,0.0
104.0,0.0,81.0,0.0
94.0,0.0,77.0,0.0
100.0,0.0,77.0,0.0
111.0,0.0,77.0,0.0
99.66666666666667,0.5773502691896247,100.0,0.0
100.0,0.0,100.0,0.0
97.0,0.0,100.0,0.0
97.0,0.0,100.0,0.0
97.0,0.0,100.0,0.0
96.0,0.0,100.0,0.0
97.0,0.0,100.0,0.0
95.0,0.0,100.0,0.0
90.0,0.0,100.0,0.0
85.0,0.0,100.0,0.0
91.0,0.0,100.0,0.0
87.0,0.0,100.0,0.0
83.0,0.0,100.0,0.0
92.0,0.0,100.0,0.0
95.0,0.0,100.0,0.0
78.0,0.0,100.0,0.0
90.0,0.0,100.0,0.0
96.0,0.0,100.0,0.0
97.0,0.0,100.0,0.0
100.0,0.0,100.0,0.0
96.0,0.0,99.0,0.0
99.0,0.0,100.0,0.0
96.0,0.0,100.0,0.0
95.0,0.0,99.0,0.0
98.0,0.0,99.0,0.0
100.0,0.0,99.0,0.0
85.0,0.0,99.0,0.0
88.0,0.0,100.0,0.0
89.0,0.0,99.0,0.0
85.0,0.0,99.0,0.0
86.0,0.0,99.0,0.0
97.0,0.0,100.0,0.0
89.0,0.0,100.0,0.0
95.0,0.0,100.0,0.0
74.0,0.0,100.0,0.0
74.0,0.0,100.0,0.0
74.0,0.0,100.0,0.0
79.0,0.0,100.0,0.0
84.0,0.0,100.0,0.0
81.0,0.0,100.0,0.0
80.0,0.0,100.0,0.0
76.0,0.0,100.0,0.0
79.0,0.0,100.0,0.0
100.0,0.0,100.0,0.0
100.0,0.0,100.0,0.0
83.0,0.0,100.0,0.0
88.0,0.0,100.0,0.0
97.0,0.0,100.0,0.0
88.0,0.0,100.0,0.0
96.0,0.0,100.0,0.0
98.0,0.0,100.0,0.0
85.0,0.0,100.0,0.0
89.0,0.0,100.0,0.0
92.0,0.0,100.0,0.0
96.0,0.0,98.0,0.0
87.0,0.0,99.0,0.0
94.0,0.0,99.0,0.0
90.0,0.0,100.0,0.0
98.0,0.0,99.0,0.0
91.0,0.0,100.0,0.0
96.0,0.0,100.0,0.0
101.0,0.0,100.0,0.0
93.0,0.0,100.0,0.0
92.0,0.0,100.0,0.0
98.0,0.0,100.0,0.0
97.0,0.0,100.0,0.0
100.0,0.0,100.0,0.0
92.0,0.0,100.0,0.0
98.0,0.0,100.0,0.0
103.0,0.0,99.0,0.0
84.0,0.0,100.0,0.0
92.0,0.0,100.0,0.0
102.0,0.0,100.0,0.0
98.0,0.0,100.0,0.0
96.0,0.0,100.0,0.0
90.0,0.0,100.0,0.0
87.0,0.0,100.0,0.0
94.0,0.0,100.0,0.0
97.0,0.0,100.0,0.0
85.0,0.0,100.0,0.0
91.0,0.0,100.0,0.0
95.0,0.0,100.0,0.0
97.0,0.0,100.0,0.0
88.0,0.0,100.0,0.0
89.0,0.0,100.0,0.0
88.0,0.0,100.0,0.0
92.0,0.0,100.0,0.0
85.0,0.0,100.0,0.0
91.0,0.0,100.0,0.0
93.0,0.0,100.0,0.0
102.0,0.0,100.0,0.0
88.0,0.0,100.0,0.0
87.0,0.0,100.0,0.0
90.0,0.0,100.0,0.0
97.0,0.0,100.0,0.0
93.0,0.0,100.0,0.0
91.0,0.0,100.0,0.0
96.0,0.0,100.0,0.0
93.0,0.0,100.0,0.0
94.0,0.0,100.0,0.0
93.0,0.0,100.0,0.0
95.0,0.0,100.0,0.0
98.0,0.0,100.0,0.0
101.0,0.0,100.0,0.0
94.0,0.0,100.0,0.0
88.0,0.0,100.0,0.0
93.0,0.0,99.0,0.0
92.0,0.0,100.0,0.0
98.0,0.0,99.0,0.0
92.0,0.0,99.0,0.0
87.0,0.0,99.0,0.0
96.0,0.0,99.0,0.0
97.0,0.0,99.0,0.0
97.0,0.0,99.0,0.0
106.0,0.0,98.0,0.0
110.0,0.0,99.0,0.0
107.0,0.0,100.0,0.0
95.0,0.0,99.0,0.0
98.0,0.0,100.0,0.0
102.0,0.0,98.0,0.0
101.0,0.0,99.0,0.0
98.0,0.0,99.0,0.0
107.0,0.0,98.0,0.0
91.0,0.0,100.0,0.0
95.0,0.0,99.0,0.0
97.0,0.0,99.0,0.0
96.0,0.0,100.0,0.0
98.0,0.0,100.0,0.0
101.0,0.0,100.0,0.0
101.0,0.0,100.0,0.0
86.0,0.0,100.0,0.0
91.0,0.0,100.0,0.0
92.0,0.0,100.0,0.0
92.0,0.0,99.0,0.0
90.0,0.0,100.0,0.0
90.0,0.0,100.0,0.0
93.0,0.0,100.0,0.0
89.0,0.0,100.0,0.0
92.0,0.0,100.0,0.0
92.0,0.0,100.0,0.0
94.0,0.0,100.0,0.0
93.0,0.0,99.0,0.0
92.0,0.0,100.0,0.0
89.0,0.0,100.0,0.0
91.0,0.0,100.0,0.0
87.0,0.0,100.0,0.0
94.0,0.0,100.0,0.0
88.0,0.0,99.0,0.0
99.0,0.0,100.0,0.0
86.0,0.0,100.0,0.0
93.0,0.0,100.0,0.0
99.0,0.0,99.0,0.0
107.0,0.0,100.0,0.0
89.0,0.0,99.0,0.0
101.0,0.0,100.0,0.0
99.0,0.0,100.0,0.0
105.0,0.0,99.0,0.0
112.0,0.0,100.0,0.0
113.0,0.0,100.0,0.0
113.0,0.0,100.0,0.0
113.0,0.0,100.0,0.0
108.0,0.0,100.0,0.0
116.0,0.0,100.0,0.0
120.0,0.0,99.0,0.0
102.0,0.0,100.0,0.0
103.0,0.0,100.0,0.0
103.0,0.0,100.0,0.0
100.0,0.0,100.0,0.0
103.0,0.0,100.0,0.0
104.0,0.0,100.0,0.0
101.0,0.0,100.0,0.0
104.0,0.0,100.0,0.0
109.0,0.0,99.0,0.0
109.0,0.0,100.0,0.0
108.0,0.0,100.0,0.0
110.0,0.0,99.0,0.0
97.0,0.0,100.0,0.0
100.0,0.0,99.0,0.0
100.0,0.0,100.0,0.0
97.0,0.0,100.0,0.0
92.0,0.0,100.0,0.0
100.5,0.7071067811865476,100.0,0.0
97.0,0.0,100.0,0.0
97.0,0.0,100.0,0.0
115.0,0.0,100.0,0.0
118.0,0.0,100.0,0.0
108.0,0.0,100.0,0.0
105.0,0.0,99.0,0.0
105.0,0.0,99.0,0.0
108.0,0.0,100.0,0.0
106.0,0.0,98.0,0.0
107.0,0.0,99.0,0.0
108.0,0.0,99.0,0.0
106.0,0.0,99.0,0.0
99.0,0.0,99.0,0.0
104.0,0.0,99.0,0.0
89.0,0.0,99.0,0.0
91.0,0.0,100.0,0.0
92.0,0.0,100.0,0.0
95.0,0.0,99.0,0.0
95.0,0.0,99.0,0.0
95.0,0.0,100.0,0.0
91.0,0.0,100.0,0.0
89.0,0.0,100.0,0.0
81.0,0.0,100.0,0.0
81.0,0.0,99.0,0.0
90.0,0.0,100.0,0.0
84.0,0.0,100.0,0.0
85.0,0.0,100.0,0.0
84.0,0.0,100.0,0.0
83.0,0.0,100.0,0.0
84.0,0.0,100.0,0.0
77.0,0.0,100.0,0.0
80.0,0.0,100.0,0.0
84.0,0.0,100.0,0.0
89.0,0.0,100.0,0.0
87.0,0.0,99.0,0.0
92.0,0.0,99.0,0.0
89.0,0.0,100.0,0.0
84.0,0.0,99.0,0.0
81.0,0.0,99.0,0.0
81.0,0.0,100.0,0.0
85.0,0.0,100.0,0.0
86.0,0.0,100.0,0.0
88.0,0.0,99.0,0.0
91.0,0.0,98.0,0.0
90.0,0.0,98.0,0.0
88.0,0.0,99.0,0.0
80.0,0.0,100.0,0.0
86.0,0.0,99.0,0.0
86.0,0.0,100.0,0.0
92.0,0.0,99.0,0.0
84.0,0.0,98.0,0.0
84.0,0.0,98.0,0.0
89.0,0.0,99.0,0.0
94.0,0.0,99.0,0.0
82.0,0.0,99.0,0.0
85.0,0.0,99.0,0.0
87.0,0.0,100.0,0.0
86.0,0.0,99.0,0.0
87.0,0.0,100.0,0.0
92.0,0.0,99.0,0.0
96.0,0.0,97.0,0.0
92.0,0.0,98.0,0.0
83.0,0.0,99.0,0.0
84.0,0.0,99.0,0.0
83.0,0.0,99.0,0.0
89.0,0.0,99.0,0.0
83.0,0.0,100.0,0.0
84.0,0.0,99.0,0.0
98.0,0.0,99.0,0.0
91.0,0.0,100.0,0.0
81.0,0.0,100.0,0.0
79.0,0.0,100.0,0.0
83.0,0.0,100.0,0.0
87.0,0.0,99.0,0.0
83.0,0.0,99.0,0.0
82.0,0.0,99.0,0.0
89.0,0.0,98.0,0.0
87.0,0.0,98.0,0.0
79.0,0.0,100.0,0.0
80.0,0.0,99.0,0.0
81.0,0.0,99.0,0.0
86.0,1.4142135623730951,98.5,0.7071067811865476
84.0,0.0,98.0,0.0
81.0,0.0,99.0,0.0
79.0,0.0,99.0,0.0
82.0,0.0,100.0,0.0
88.0,0.0,100.0,0.0
92.0,0.0,100.0,0.0
96.0,0.0,99.0,0.0
98.0,0.0,98.0,0.0
140.0,0.0,98.0,0.0
100.0,0.0,98.0,0.0
101.0,0.0,98.0,0.0
104.0,0.0,98.0,0.0
88.0,0.0,100.0,0.0
87.0,0.0,100.0,0.0
90.0,0.0,99.0,0.0
91.0,0.0,97.0,0.0
90.0,0.0,99.0,0.0
112.0,0.0,100.0,0.0
116.0,0.0,99.0,0.0
97.0,0.0,100.0,0.0
110.0,0.0,99.0,0.0
100.0,0.0,99.0,0.0
102.0,0.0,99.0,0.0
113.0,0.0,100.0,0.0
115.0,0.0,99.0,0.0
117.0,0.0,99.0,0.0
107.0,0.0,99.0,0.0
102.0,0.0,97.0,0.0
101.0,0.0,97.0,0.0
110.0,0.0,97.0,0.0
107.0,0.0,96.0,0.0
106.0,0.0,96.0,0.0
106.0,0.0,96.0,0.0
103.0,0.0,99.0,0.0
90.0,0.0,99.0,0.0
94.0,0.0,99.0,0.0
93.0,0.0,98.0,0.0
89.0,0.0,96.0,0.0
85.0,0.0,97.0,0.0
82.0,0.0,98.0,0.0
100.0,0.0,100.0,0.0
86.0,0.0,100.0,0.0
91.0,0.0,100.0,0.0
97.0,0.0,100.0,0.0
89.0,0.0,100.0,0.0
101.0,0.0,100.0,0.0
94.0,0.0,100.0,0.0
98.0,0.0,99.0,0.0
100.0,0.0,100.0,0.0
99.0,0.0,99.0,0.0
85.0,0.0,98.0,0.0
85.0,0.0,98.0,0.0
82.0,0.0,97.0,0.0
85.0,0.0,98.0,0.0
83.0,0.0,99.0,0.0
91.0,0.0,98.0,0.0
84.0,0.0,96.0,0.0
83.0,0.0,97.0,0.0
84.0,0.0,97.0,0.0
83.0,0.0,100.0,0.0
85.0,0.0,100.0,0.0
90.0,0.0,99.0,0.0
86.0,0.0,100.0,0.0
80.0,0.0,99.0,0.0
78.0,0.0,99.0,0.0
77.0,0.0,99.0,0.0
79.0,0.0,100.0,0.0
82.0,0.0,100.0,0.0
81.0,0.0,100.0,0.0
84.0,0.0,99.0,0.0
88.0,0.0,99.0,0.0
95.0,0.0,98.0,0.0
86.0,0.0,99.0,0.0
95.0,0.0,99.0,0.0
89.0,0.0,99.0,0.0
89.0,0.0,99.0,0.0
86.0,0.0,98.0,0.0
88.0,0.0,98.0,0.0
89.0,0.0,98.0,0.0
87.0,0.0,98.0,0.0
95.0,0.0,97.0,0.0
88.0,0.0,98.0,0.0
85.0,0.0,98.0,0.0
88.0,0.0,98.0,0.0
85.0,0.0,99.0,0.0
88.0,0.0,98.0,0.0
86.0,0.0,100.0,0.0
86.0,0.0,100.0,0.0
84.0,0.0,97.0,0.0
80.0,0.0,97.0,0.0
83.0,0.0,98.0,0.0
88.0,0.0,98.0,0.0
82.0,0.0,99.0,0.0
77.0,0.0,98.0,0.0
83.0,0.0,98.0,0.0
80.0,0.0,99.0,0.0
82.0,0.0,98.0,0.0
81.0,0.0,98.0,0.0
78.0,0.0,96.0,0.0
80.0,0.0,97.0,0.0
82.0,0.0,100.0,0.0
81.0,0.0,100.0,0.0
73.0,0.0,99.0,0.0
80.0,0.0,99.0,0.0
75.0,0.0,95.0,0.0
82.0,0.0,100.0,0.0
78.0,0.0,99.0,0.0
81.0,0.0,98.0,0.0
79.0,0.0,99.0,0.0
79.0,0.0,99.0,0.0
81.0,0.0,98.0,0.0
79.0,0.0,99.0,0.0
81.0,0.0,99.0,0.0
79.0,0.0,99.0,0.0
80.0,0.0,99.0,0.0
79.0,0.0,100.0,0.0
80.0,0.0,100.0,0.0
80.0,0.0,100.0,0.0
76.0,0.0,99.0,0.0
78.0,0.0,100.0,0.0
80.0,0.0,100.0,0.0
82.0,0.0,100.0,0.0
78.0,0.0,100.0,0.0
79.0,0.0,99.0,0.0
80.0,0.0,100.0,0.0
82.0,0.0,100.0,0.0
83.0,0.0,99.0,0.0
83.0,0.0,100.0,0.0
79.0,0.0,100.0,0.0
76.0,0.0,100.0,0.0
79.0,0.0,100.0,0.0
73.0,0.0,100.0,0.0
75.0,0.0,100.0,0.0
76.0,0.0,96.0,0.0
75.0,0.0,99.0,0.0
81.0,0.0,100.0,0.0
74.0,0.0,100.0,0.0
77.0,0.0,98.0,0.0
76.0,0.0,100.0,0.0
83.0,0.0,100.0,0.0
85.0,0.0,100.0,0.0
87.0,0.0,99.0,0.0
88.0,0.0,99.0,0.0
85.0,0.0,100.0,0.0
91.0,0.0,100.0,0.0
95.0,0.0,100.0,0.0
79.0,0.0,100.0,0.0
78.0,0.0,100.0,0.0
83.0,0.0,98.0,0.0
83.0,0.0,100.0,0.0
80.0,0.0,100.0,0.0
81.0,0.0,100.0,0.0
88.0,0.0,100.0,0.0
91.0,0.0,99.0,0.0
82.0,0.0,98.0,0.0
82.0,0.0,97.0,0.0
80.0,0.0,97.0,0.0
92.0,0.0,97.0,0.0
89.0,0.0,98.0,0.0
85.0,0.0,100.0,0.0
83.0,0.0,100.0,0.0
77.0,0.0,100.0,0.0
76.0,0.0,100.0,0.0
71.0,0.0,100.0,0.0
71.0,0.0,100.0,0.0
75.0,0.0,100.0,0.0
78.0,0.0,100.0,0.0
74.0,0.0,100.0,0.0
75.0,0.0,100.0,0.0
73.0,0.0,100.0,0.0
81.0,0.0,100.0,0.0
79.0,0.0,100.0,0.0
78.0,0.0,100.0,0.0
74.0,0.0,100.0,0.0
74.0,0.0,98.0,0.0
76.0,0.0,99.0,0.0
77.0,0.0,99.0,0.0
77.0,0.0,98.0,0.0
76.0,0.0,99.0,0.0
78.0,0.0,100.0,0.0
81.0,0.0,100.0,0.0
78.0,0.0,100.0,0.0
76.0,0.0,100.0,0.0
86.0,0.0,100.0,0.0
77.0,0.0,100.0,0.0
77.0,0.0,100.0,0.0
71.0,0.0,100.0,0.0
74.0,0.0,100.0,0.0
74.0,0.0,100.0,0.0
74.0,0.0,100.0,0.0
73.0,0.0,100.0,0.0
73.0,0.0,100.0,0.0
76.5,0.7071067811865476,100.0,0.0
72.0,0.0,100.0,0.0
78.0,0.0,100.0,0.0
73.0,0.0,100.0,0.0
76.0,0.0,100.0,0.0
81.0,0.0,99.0,0.0
89.0,0.0,99.0,0.0
88.0,0.0,99.0,0.0
84.0,0.0,99.0,0.0
90.0,0.0,99.0,0.0
85.0,0.0,100.0,0.0
86.0,0.0,100.0,0.0
79.0,0.0,100.0,0.0
81.0,0.0,100.0,0.0
81.0,0.0,100.0,0.0
81.0,0.0,100.0,0.0
82.0,0.0,100.0,0.0
78.0,0.0,100.0,0.0
82.0,0.0,99.0,0.0
75.0,0.0,100.0,0.0
74.0,0.0,100.0,0.0
75.0,0.0,100.0,0.0
82.0,0.0,100.0,0.0
73.0,0.0,100.0,0.0
78.0,0.0,100.0,0.0
78.0,0.0,100.0,0.0
81.0,0.0,100.0,0.0
78.0,0.0,100.0,0.0
78.0,0.0,100.0,0.0
86.0,0.0,100.0,0.0
92.0,0.0,99.0,0.0
91.0,0.0,100.0,0.0
83.0,0.0,100.0,0.0
90.0,0.0,99.0,0.0
84.0,0.0,100.0,0.0
84.0,0.0,99.0,0.0
86.0,0.0,100.0,0.0
89.0,0.0,100.0,0.0
92.0,0.0,100.0,0.0
80.0,0.0,100.0,0.0
78.0,0.0,100.0,0.0
80.0,0.0,100.0,0.0
81.0,0.0,100.0,0.0
82.0,0.0,100.0,0.0
83.0,0.0,100.0,0.0
85.0,0.0,100.0,0.0
83.0,0.0,100.0,0.0
81.0,0.0,100.0,0.0
84.0,0.0,100.0,0.0
89.0,0.0,100.0,0.0
95.0,0.0,97.0,0.0
88.0,0.0,100.0,0.0
86.0,0.0,100.0,0.0
85.0,0.0,100.0,0.0
85.0,0.0,100.0,0.0
78.0,0.0,100.0,0.0
76.0,0.0,100.0,0.0
78.0,0.0,100.0,0.0
78.0,0.0,100.0,0.0
83.0,0.0,100.0,0.0
85.0,0.0,99.0,0.0
84.0,0.0,98.0,0.0
82.0,0.0,99.0,0.0
69.0,0.0,99.0,0.0
73.0,0.0,100.0,0.0
75.0,0.0,100.0,0.0
78.0,0.0,100.0,0.0
80.0,0.0,100.0,0.0
84.0,0.0,100.0,0.0
80.0,0.0,99.0,0.0
87.0,0.0,100.0,0.0
81.0,0.0,97.0,0.0
77.0,0.0,99.0,0.0
82.0,0.0,99.0,0.0
85.0,0.0,99.0,0.0
85.0,0.0,99.0,0.0
86.0,0.0,99.0,0.0
92.0,0.0,99.0,0.0
91.0,0.0,99.0,0.0
76.0,0.0,99.0,0.0
77.0,0.0,100.0,0.0
79.0,0.0,99.0,0.0
82.0,0.0,99.0,0.0
82.0,0.0,98.0,0.0
86.0,0.0,96.0,0.0
88.0,0.0,98.0,0.0
91.0,0.0,98.0,0.0
86.0,0.0,97.0,0.0
80.0,0.0,97.0,0.0
80.0,0.0,97.0,0.0
78.0,0.0,97.0,0.0
82.0,0.0,99.0,0.0
83.0,0.0,97.0,0.0
95.0,0.0,99.0,0.0
88.0,0.0,99.0,0.0
75.0,0.0,97.0,0.0
79.0,0.0,98.0,0.0
73.0,0.0,100.0,0.0
76.0,0.0,97.0,0.0
74.0,0.0,98.0,0.0
84.0,0.0,98.0,0.0
83.0,0.0,98.0,0.0
84.0,0.0,95.0,0.0
75.0,0.0,97.0,0.0
82.0,0.0,97.0,0.0
77.0,0.0,98.0,0.0
82.0,0.0,97.0,0.0
86.0,0.0,97.0,0.0
88.0,0.0,96.0,0.0
90.0,0.0,95.0,0.0
84.0,0.0,99.0,0.0
70.0,0.0,100.0,0.0
76.0,0.0,99.0,0.0
74.0,0.0,99.0,0.0
80.0,0.0,97.0,0.0
82.0,0.0,96.0,0.0
85.0,0.0,96.0,0.0
88.0,0.0,99.0,0.0
92.0,0.0,97.0,0.0
94.0,0.0,97.0,0.0
74.0,0.0,98.0,0.0
76.0,0.0,99.0,0.0
80.0,0.0,100.0,0.0
79.0,0.0,100.0,0.0
80.0,0.0,100.0,0.0
83.0,0.0,98.0,0.0
89.0,0.0,99.0,0.0
80.0,0.0,98.0,0.0
76.0,0.0,96.0,0.0
81.0,0.0,98.0,0.0
79.0,0.0,99.0,0.0
84.0,0.0,97.0,0.0
87.0,0.0,98.0,0.0
88.0,0.0,100.0,0.0
90.0,0.0,99.0,0.0
77.0,0.0,98.0,0.0
72.0,0.0,99.0,0.0
74.0,0.0,96.0,0.0
74.0,0.0,100.0,0.0
78.0,0.0,100.0,0.0
81.0,0.0,100.0,0.0
83.0,0.0,100.0,0.0
85.0,0.0,100.0,0.0
85.0,0.0,97.0,0.0
74.0,0.0,98.0,0.0
74.0,0.0,97.0,0.0
76.0,0.0,100.0,0.0
80.0,0.0,100.0,0.0
75.0,0.0,99.0,0.0
83.0,0.0,100.0,0.0
75.0,0.0,99.0,0.0
75.0,0.0,100.0,0.0
72.0,0.0,100.0,0.0
73.0,0.0,100.0,0.0
73.0,0.0,99.0,0.0
76.0,0.0,99.0,0.0
78.0,0.0,99.0,0.0
66.0,0.0,99.0,0.0
69.0,0.0,100.0,0.0
70.0,0.0,100.0,0.0
77.0,0.0,100.0,0.0
79.0,0.0,100.0,0.0
82.0,0.0,99.0,0.0
73.0,0.0,99.0,0.0
73.0,0.0,100.0,0.0
75.0,0.0,100.0,0.0
71.0,0.0,99.0,0.0
77.0,0.0,98.0,0.0
75.0,0.0,100.0,0.0
78.0,0.0,100.0,0.0
81.0,0.0,95.0,0.0
88.0,0.0,97.0,0.0
91.0,0.0,98.0,0.0
90.0,0.0,100.0,0.0
74.0,0.0,99.0,0.0
69.0,0.0,99.0,0.0
76.0,0.0,96.0,0.0
79.0,0.0,100.0,0.0
84.0,0.0,100.0,0.0
84.0,0.0,99.0,0.0
88.0,0.0,99.0,0.0
84.0,0.0,100.0,0.0
81.0,0.0,100.0,0.0
82.0,0.0,100.0,0.0
85.0,0.0,100.0,0.0
84.0,0.0,100.0,0.0
92.0,0.0,100.0,0.0
95.0,0.0,99.0,0.0
95.0,0.0,100.0,0.0
95.0,0.0,100.0,0.0
78.0,0.0,97.0,0.0
77.0,0.0,98.0,0.0
79.0,0.0,99.0,0.0
79.0,0.0,100.0,0.0
83.0,0.0,99.0,0.0
84.0,0.0,99.0,0.0
81.0,0.0,98.0,0.0
83.0,0.0,99.0,0.0
84.0,0.0,100.0,0.0
85.0,0.0,99.0,0.0
86.0,0.0,99.0,0.0
79.0,0.0,98.0,0.0
84.0,0.0,100.0,0.0
85.0,0.0,100.0,0.0
84.0,0.0,100.0,0.0
83.0,0.0,100.0,0.0
79.0,0.0,100.0,0.0
75.0,0.0,100.0,0.0
79.0,0.0,100.0,0.0
78.0,0.0,100.0,0.0
76.0,0.0,100.0,0.0
75.0,0.0,100.0,0.0
73.0,0.0,100.0,0.0
70.0,0.0,100.0,0.0
71.0,0.0,98.0,0.0
71.0,0.0,100.0,0.0
78.0,0.0,92.0,0.0
75.0,0.0,100.0,0.0
75.0,0.0,100.0,0.0
78.0,0.0,99.0,0.0
77.0,0.0,99.0,0.0
75.0,0.0,94.0,0.0
75.0,0.0,95.0,0.0
76.0,0.0,94.0,0.0
77.0,0.0,94.0,0.0
78.0,0.0,94.0,0.0
77.0,0.0,94.0,0.0
77.0,0.0,95.0,0.0
78.0,0.0,95.0,0.0
79.0,0.0,94.0,0.0
79.0,0.0,94.0,0.0
78.0,0.0,94.0,0.0
79.0,0.0,94.0,0.0
80.0,0.0,94.0,0.0
81.0,0.0,93.0,0.0
82.0,0.0,93.0,0.0
83.0,0.0,94.0,0.0
83.0,0.0,92.0,0.0
104.0,0.0,91.0,0.0
103.0,0.0,91.0,0.0
105.0,0.0,91.0,0.0
108.0,0.0,92.0,0.0
64.0,0.0,99.0,0.0
62.0,0.0,94.0,0.0
64.0,0.0,100.0,0.0
64.0,0.0,97.0,0.0
63.0,0.0,97.0,0.0
83.0,0.0,100.0,0.0
81.0,0.0,96.0,0.0
83.0,0.0,98.0,0.0
71.0,0.0,93.0,0.0
71.0,0.0,96.0,0.0
83.0,0.0,96.0,0.0
80.0,0.0,95.0,0.0
74.0,0.0,96.0,0.0
66.0,0.0,97.0,0.0
69.0,0.0,96.0,0.0
94.0,0.0,99.0,0.0
76.0,0.0,91.0,0.0
78.0,0.0,99.0,0.0
63.0,0.0,100.0,0.0
71.0,0.0,100.0,0.0
65.0,0.0,92.0,0.0
61.0,0.0,99.0,0.0
64.0,0.0,99.0,0.0
66.0,0.0,93.0,0.0
81.0,0.0,98.0,0.0
76.0,0.0,100.0,0.0
81.0,0.0,98.0,0.0
82.0,0.0,94.0,0.0
77.0,0.0,96.0,0.0
75.0,0.0,96.0,0.0
79.0,0.0,95.0,0.0
95.0,0.0,97.0,0.0
74.0,0.0,96.0,0.0
92.0,0.0,98.0,0.0
91.0,0.0,96.0,0.0
85.0,0.0,98.0,0.0
69.0,0.0,97.0,0.0
64.0,0.0,94.0,0.0
66.0,0.0,83.0,0.0
71.0,0.0,95.0,0.0
68.0,0.0,99.0,0.0
67.0,0.0,98.0,0.0
74.0,0.0,96.0,0.0
74.0,0.0,95.0,0.0
73.0,0.0,100.0,0.0
74.0,0.0,94.0,0.0
75.0,0.0,98.0,0.0
73.0,0.0,100.0,0.0
75.0,0.0,100.0,0.0
71.0,0.0,95.0,0.0
73.0,0.0,99.0,0.0
69.0,0.0,98.0,0.0
72.0,0.0,99.0,0.0
69.0,0.0,100.0,0.0
70.0,0.0,98.0,0.0
75.0,0.0,99.0,0.0
74.0,0.0,99.0,0.0
81.0,0.0,97.0,0.0
79.0,0.0,95.0,0.0
79.0,0.0,95.0,0.0
78.0,0.0,96.0,0.0
78.0,0.0,97.0,0.0
85.0,0.0,97.0,0.0
77.0,0.0,99.0,0.0
85.0,0.0,96.0,0.0
85.0,0.0,97.0,0.0
88.0,0.0,97.0,0.0
84.0,0.0,99.0,0.0
79.0,0.0,96.0,0.0
79.0,0.0,96.0,0.0
81.0,0.0,97.0,0.0
78.0,0.0,99.0,0.0
82.0,0.0,99.0,0.0
85.0,0.0,100.0,0.0
78.0,0.0,100.0,0.0
83.0,0.0,97.0,0.0
89.0,0.0,100.0,0.0
81.0,0.0,100.0,0.0
77.0,0.0,100.0,0.0
80.0,0.0,100.0,0.0
86.0,0.0,100.0,0.0
81.0,0.0,100.0,0.0
80.0,0.0,100.0,0.0
86.0,0.0,97.0,0.0
85.0,0.0,96.0,0.0
85.0,0.0,94.0,0.0
87.0,0.0,83.0,0.0
89.0,0.0,84.0,0.0
90.0,0.0,82.0,0.0
89.0,0.0,84.0,0.0
92.0,0.0,86.0,0.0
88.0,0.0,87.0,0.0
88.0,0.0,84.0,0.0
88.0,0.0,87.0,0.0
85.0,0.0,88.0,0.0
89.0,0.0,88.0,0.0
85.0,0.0,85.0,0.0
84.0,0.0,87.0,0.0
88.0,0.0,87.0,0.0
88.0,0.0,85.0,0.0
92.0,0.0,86.0,0.0
86.0,0.0,88.0,0.0
90.0,0.0,87.0,0.0
88.0,0.0,85.0,0.0
85.0,0.0,87.0,0.0
88.0,0.0,83.0,0.0
90.0,0.0,84.0,0.0
86.0,0.0,84.0,0.0
93.0,0.0,86.0,0.0
74.0,0.0,98.0,0.0
71.0,0.0,97.0,0.0
72.0,0.0,96.0,0.0
71.0,0.0,97.0,0.0
81.0,0.0,98.0,0.0
86.0,0.0,97.0,0.0
86.0,0.0,98.0,0.0
102.0,0.0,96.0,0.0
102.0,0.0,97.0,0.0
102.0,0.0,98.0,0.0
99.0,0.0,96.0,0.0
99.0,0.0,95.0,0.0
104.0,0.0,93.0,0.0
102.0,0.0,96.0,0.0
97.0,0.0,95.0,0.0
92.0,0.0,96.0,0.0
78.0,0.0,92.0,0.0
71.0,0.0,96.0,0.0
75.0,0.0,94.0,0.0
81.0,0.0,97.0,0.0
71.0,0.0,96.0,0.0
77.0,0.0,95.0,0.0
80.0,0.0,97.0,0.0
90.0,0.0,94.0,0.0
83.0,0.0,97.0,0.0
84.0,0.0,98.0,0.0
87.0,0.0,97.0,0.0
90.0,0.0,94.0,0.0
90.0,0.0,96.0,0.0
87.0,0.0,97.0,0.0
88.0,0.0,96.0,0.0
88.0,0.0,94.0,0.0
92.0,0.0,92.0,0.0
94.0,0.0,94.0,0.0
90.0,0.0,99.0,0.0
89.0,0.0,98.0,0.0
91.0,0.0,97.0,0.0
89.0,0.0,96.0,0.0
91.0,0.0,97.0,0.0
95.0,0.0,96.0,0.0
93.0,0.0,97.0,0.0
99.0,0.0,96.0,0.0
95.0,0.0,92.0,0.0
99.0,0.0,94.0,0.0
96.0,0.0,97.0,0.0
97.0,0.0,93.0,0.0
109.5,0.7071067811865476,93.0,0.0
113.0,0.0,95.0,0.0
109.0,0.0,94.0,0.0
110.0,0.0,96.0,0.0
99.0,0.0,91.0,0.0
106.0,0.0,94.0,0.0
108.0,0.0,96.0,0.0
102.0,0.0,97.0,0.0
103.0,0.0,96.0,0.0
105.0,0.0,95.0,0.0
108.0,0.0,96.0,0.0
105.0,0.0,96.0,0.0
107.0,0.0,94.0,0.0
102.0,0.0,93.0,0.0
101.0,0.0,95.0,0.0
103.0,0.0,95.0,0.0
102.0,0.0,97.0,0.0
101.0,0.0,97.0,0.0
98.0,0.0,98.0,0.0
103.0,0.0,97.0,0.0
101.0,0.0,98.0,0.0
94.0,0.0,96.0,0.0
94.0,0.0,98.0,0.0
102.0,0.0,92.0,0.0
108.0,0.0,94.0,0.0
111.0,0.0,89.0,0.0
104.0,0.0,92.0,0.0
100.0,0.0,92.0,0.0
99.0,0.0,99.0,0.0
48.0,0.0,98.0,0.0
124.0,0.0,83.0,0.0
133.0,0.0,86.0,0.0
109.0,0.0,88.0,0.0
108.0,0.0,85.0,0.0
102.0,0.0,100.0,0.0
106.0,0.0,91.0,0.0
99.0,0.0,95.0,0.0
98.0,0.0,99.0,0.0
89.5,9.192388155425117,93.0,0.0
93.0,0.0,95.0,0.0
92.0,0.0,95.0,0.0
93.0,0.0,91.0,0.0
96.0,0.0,97.0,0.0
89.0,0.0,98.0,0.0
85.0,0.0,95.0,0.0
87.0,0.0,98.0,0.0
89.0,0.0,100.0,0.0
89.0,0.0,100.0,0.0
83.0,0.0,100.0,0.0
84.0,0.0,72.0,0.0
77.0,0.0,83.0,0.0
62.0,0.0,82.0,0.0
100.0,0.0,97.0,0.0
103.0,0.0,96.0,0.0
112.0,0.0,96.0,0.0
104.0,0.0,96.0,0.0
105.0,0.0,97.0,0.0
103.0,0.0,96.0,0.0
105.0,0.0,91.0,0.0
100.0,0.0,96.0,0.0
104.0,0.0,93.0,0.0
97.0,0.0,92.0,0.0
98.0,0.0,93.0,0.0
99.0,0.0,93.0,0.0
104.0,0.0,91.0,0.0
98.0,0.0,91.0,0.0
95.0,0.0,93.0,0.0
102.0,0.0,94.0,0.0
97.0,0.0,94.0,0.0
103.0,0.0,94.0,0.0
97.0,0.0,94.0,0.0
100.0,0.0,93.0,0.0
100.0,0.0,94.0,0.0
100.0,0.0,95.0,0.0
99.0,0.0,91.0,0.0
101.0,0.0,95.0,0.0
103.0,0.0,96.0,0.0
102.0,0.0,91.0,0.0
98.0,0.0,93.0,0.0
107.0,0.0,93.0,0.0
102.0,0.0,94.0,0.0
102.0,0.0,93.0,0.0
99.0,0.0,92.0,0.0
98.0,0.0,92.0,0.0
98.0,0.0,93.0,0.0
97.0,0.0,93.0,0.0
101.0,0.0,94.0,0.0
102.0,0.0,93.0,0.0
103.0,0.0,92.0,0.0
111.0,0.0,94.0,0.0
104.0,0.0,93.0,0.0
111.0,0.0,93.0,0.0
105.0,0.0,93.0,0.0
104.0,0.0,94.0,0.0
105.0,0.0,95.0,0.0
107.0,0.0,94.0,0.0
104.0,0.0,95.0,0.0
107.0,0.0,96.0,0.0
115.0,0.0,97.0,0.0
98.0,0.0,97.0,0.0
84.0,0.0,97.0,0.0
79.0,0.0,94.0,0.0
86.0,0.0,96.0,0.0
89.0,0.0,95.0,0.0
85.0,0.0,98.0,0.0
82.0,0.0,98.0,0.0
84.0,0.0,97.0,0.0
83.0,0.0,98.0,0.0
90.0,0.0,98.0,0.0
84.0,0.0,99.0,0.0
95.0,0.0,98.0,0.0
97.0,0.0,97.0,0.0
86.0,0.0,97.0,0.0
83.0,0.0,98.0,0.0
84.0,0.0,94.0,0.0
85.0,0.0,98.0,0.0
81.0,0.0,98.0,0.0
87.0,0.0,98.0,0.0
81.0,0.0,98.0,0.0
81.0,0.0,99.0,0.0
77.0,0.0,99.0,0.0
93.0,0.0,98.0,0.0
82.0,0.0,95.0,0.0
91.0,0.0,97.0,0.0
95.0,0.0,98.0,0.0
100.0,0.0,96.0,0.0
100.0,0.0,93.0,0.0
106.0,0.0,93.0,0.0
105.0,0.0,91.0,0.0
106.0,0.0,93.0,0.0
106.0,0.0,91.0,0.0
100.0,0.0,92.0,0.0
100.0,0.0,92.0,0.0
102.0,0.0,93.0,0.0
99.0,0.0,93.0,0.0
106.0,0.0,91.0,0.0
104.0,0.0,92.0,0.0
109.0,0.0,92.0,0.0
113.0,0.0,93.0,0.0
117.0,0.0,93.0,0.0
119.0,0.0,94.0,0.0
115.0,0.0,93.0,0.0
47.0,0.0,97.0,0.0
48.0,0.0,98.0,0.0
49.0,0.0,95.0,0.0
47.0,0.0,93.0,0.0
46.0,0.0,92.0,0.0
47.0,0.0,98.0,0.0
44.0,0.0,93.0,0.0
46.0,0.0,100.0,0.0
47.0,0.0,96.0,0.0
46.0,0.0,95.0,0.0
47.0,0.0,96.0,0.0
49.0,0.0,96.0,0.0
47.0,0.0,93.0,0.0
47.0,0.0,93.0,0.0
48.0,0.0,97.0,0.0
48.0,0.0,96.0,0.0
52.0,0.0,100.0,0.0
51.0,0.0,93.0,0.0
57.0,0.0,81.0,0.0
56.0,0.0,97.0,0.0
54.0,0.0,89.0,0.0
56.0,0.0,92.0,0.0
55.0,0.0,92.0,0.0
56.0,0.0,100.0,0.0
56.0,0.0,90.0,0.0
55.0,0.0,92.0,0.0
54.0,0.0,93.0,0.0
55.0,0.0,91.0,0.0
57.0,0.0,92.0,0.0
58.0,0.0,91.0,0.0
58.0,0.0,99.0,0.0
56.0,0.0,94.0,0.0
59.0,0.0,98.0,0.0
57.0,0.0,93.0,0.0
59.0,0.0,98.0,0.0
56.0,0.0,96.0,0.0
56.0,0.0,97.0,0.0
54.0,0.0,92.0,0.0
59.0,0.0,94.0,0.0
85.0,0.0,91.0,0.0
89.0,0.0,92.0,0.0
81.0,0.0,94.0,0.0
66.0,0.0,95.0,0.0
65.0,0.0,96.0,0.0
62.0,0.0,96.0,0.0
62.0,0.0,96.0,0.0
67.0,0.0,96.0,0.0
58.0,0.0,97.0,0.0
58.0,0.0,96.0,0.0
59.0,0.0,96.0,0.0
61.0,0.0,96.0,0.0
59.0,0.0,98.0,0.0
62.0,0.0,97.0,0.0
59.0,0.0,97.0,0.0
59.0,0.0,96.0,0.0
60.0,0.0,96.0,0.0
58.0,0.0,95.0,0.0
58.0,0.0,97.0,0.0
59.0,0.0,97.0,0.0
57.0,0.0,97.0,0.0
56.0,0.0,97.0,0.0
59.0,0.0,98.0,0.0
62.0,0.0,95.0,0.0
61.0,0.0,100.0,0.0
61.0,0.0,99.0,0.0
62.0,0.0,98.0,0.0
63.0,0.0,95.0,0.0
63.0,0.0,97.0,0.0
67.0,0.0,95.0,0.0
66.0,0.0,95.0,0.0
69.0,0.0,95.0,0.0
70.0,0.0,95.0,0.0
69.0,0.0,96.0,0.0
69.0,0.0,94.0,0.0
72.0,0.0,95.0,0.0
65.0,0.0,91.0,0.0
67.0,0.0,93.0,0.0
69.0,0.0,97.0,0.0
69.0,0.0,95.0,0.0
72.0,0.0,96.0,0.0
68.0,0.0,93.0,0.0
64.0,0.0,99.0,0.0
62.0,0.0,97.0,0.0
62.0,0.0,81.0,0.0
63.0,0.0,89.0,0.0
65.0,0.0,90.0,0.0
63.0,0.0,91.0,0.0
61.0,0.0,94.0,0.0
62.0,0.0,96.0,0.0
63.0,0.0,96.0,0.0
63.0,0.0,97.0,0.0
62.0,0.0,89.0,0.0
62.0,0.0,98.0,0.0
61.0,0.0,96.0,0.0
62.0,0.0,96.0,0.0
61.0,0.0,96.0,0.0
60.0,0.0,93.0,0.0
69.0,0.0,97.0,0.0
75.0,0.0,96.0,0.0
76.0,0.0,96.0,0.0
70.0,0.0,91.0,0.0
71.0,0.0,97.0,0.0
73.0,0.0,96.0,0.0
73.0,0.0,96.0,0.0
70.0,0.0,95.0,0.0
72.0,0.0,98.0,0.0
70.0,0.0,99.0,0.0
72.0,0.0,97.0,0.0
73.0,0.0,93.0,0.0
71.0,0.0,94.0,0.0
74.0,0.0,95.0,0.0
75.0,0.0,99.0,0.0
75.0,0.0,99.0,0.0
77.0,0.0,95.0,0.0
77.0,0.0,96.0,0.0
77.0,0.0,94.0,0.0
84.0,0.0,93.0,0.0
85.0,0.0,94.0,0.0
84.0,0.0,95.0,0.0
84.0,0.0,93.0,0.0
82.0,0.0,95.0,0.0
84.0,0.0,92.0,0.0
80.0,0.0,95.0,0.0
78.0,0.0,95.0,0.0
77.0,0.0,94.0,0.0
78.0,0.0,96.0,0.0
80.0,0.0,96.0,0.0
83.0,0.0,96.0,0.0
83.0,0.0,97.0,0.0
82.0,0.0,97.0,0.0
83.0,0.0,96.0,0.0
84.0,0.0,96.0,0.0
87.0,0.0,97.0,0.0
86.0,0.0,99.0,0.0
75.0,0.0,99.0,0.0
75.0,0.0,97.0,0.0
74.0,0.0,99.0,0.0
77.0,0.0,98.0,0.0
77.0,0.0,98.0,0.0
78.0,0.0,97.0,0.0
80.0,0.0,99.0,0.0
79.0,0.0,98.0,0.0
81.0,0.0,98.0,0.0
82.0,0.0,96.0,0.0
82.0,0.0,98.0,0.0
83.0,0.0,97.0,0.0
81.0,0.0,96.0,0.0
81.0,0.0,96.0,0.0
77.0,0.0,97.0,0.0
76.0,0.0,98.0,0.0
78.0,0.0,97.0,0.0
81.0,0.0,99.0,0.0
85.0,0.0,96.0,0.0
82.0,0.0,93.0,0.0
77.0,0.0,98.0,0.0
77.0,0.0,96.0,0.0
85.0,0.0,97.0,0.0
84.0,0.0,96.0,0.0
82.0,0.0,97.0,0.0
87.0,0.0,99.0,0.0
85.0,0.0,98.0,0.0
82.0,0.0,98.0,0.0
85.0,0.0,98.0,0.0
90.0,0.0,98.0,0.0
89.0,0.0,98.0,0.0
84.0,0.0,99.0,0.0
86.0,0.0,97.0,0.0
131.0,0.0,95.0,0.0
120.0,0.0,98.0,0.0
125.0,0.0,98.0,0.0
128.0,0.0,99.0,0.0
126.0,0.0,99.0,0.0
127.0,0.0,98.0,0.0
128.0,0.0,98.0,0.0
129.0,0.0,97.0,0.0
129.0,0.0,95.0,0.0
129.0,0.0,99.0,0.0
134.0,0.0,96.0,0.0
130.0,0.0,97.0,0.0
133.0,0.0,96.0,0.0
128.0,0.0,98.0,0.0
130.0,0.0,95.0,0.0
142.0,0.0,99.0,0.0
124.0,0.0,99.0,0.0
126.0,0.0,96.0,0.0
122.0,0.0,98.0,0.0
122.0,0.0,98.0,0.0
123.0,0.0,99.0,0.0
120.0,0.0,100.0,0.0
116.0,0.0,95.0,0.0
102.0,0.0,94.0,0.0
77.0,0.0,96.0,0.0
67.0,0.0,96.0,0.0
70.0,0.0,96.0,0.0
70.0,0.0,95.0,0.0
68.0,0.0,96.0,0.0
75.0,0.0,96.0,0.0
66.0,0.0,95.0,0.0
72.0,0.0,98.0,0.0
69.0,0.0,96.0,0.0
65.0,0.0,96.0,0.0
75.0,0.0,99.0,0.0
73.0,0.0,98.0,0.0
71.0,0.0,95.0,0.0
81.0,0.0,97.0,0.0
81.0,0.0,97.0,0.0
83.0,0.0,94.0,0.0
78.0,0.0,97.0,0.0
82.0,0.0,99.0,0.0
83.0,0.0,97.0,0.0
88.0,0.0,97.0,0.0
88.0,0.0,96.0,0.0
93.0,0.0,96.0,0.0
85.0,0.0,94.0,0.0
87.0,0.0,94.0,0.0
97.0,0.0,95.0,0.0
102.0,0.0,96.0,0.0
96.0,0.0,96.0,0.0
91.0,0.0,97.0,0.0
92.0,0.0,97.0,0.0
146.0,0.0,94.0,0.0
138.0,0.0,96.0,0.0
136.0,0.0,96.0,0.0
130.0,0.0,93.0,0.0
118.0,0.0,96.0,0.0
127.0,0.0,96.0,0.0
77.0,0.0,99.0,0.0
75.0,0.0,100.0,0.0
73.0,0.0,100.0,0.0
72.0,0.0,100.0,0.0
69.0,0.0,100.0,0.0
70.0,0.0,100.0,0.0
74.0,0.0,97.0,0.0
65.0,0.0,100.0,0.0
63.0,0.0,100.0,0.0
64.0,0.0,100.0,0.0
66.0,0.0,100.0,0.0
61.0,0.0,98.0,0.0
61.0,0.0,98.0,0.0
64.0,0.0,99.0,0.0
64.0,0.0,98.0,0.0
64.0,0.0,98.0,0.0
64.0,0.0,94.0,0.0
68.0,0.0,91.0,0.0
79.0,0.0,98.0,0.0
80.0,0.0,100.0,0.0
78.0,0.0,99.0,0.0
84.0,0.0,100.0,0.0
79.0,0.0,96.0,0.0
83.0,0.0,95.0,0.0
134.0,0.0,95.0,0.0
82.0,0.0,99.0,0.0
76.0,0.0,98.0,0.0
81.0,0.0,98.0,0.0
83.0,0.0,94.0,0.0
78.0,0.0,98.0,0.0
82.0,0.0,95.0,0.0
91.0,0.0,99.0,0.0
85.0,0.0,98.0,0.0
85.0,0.0,97.0,0.0
78.0,0.0,96.0,0.0
83.0,0.0,95.0,0.0
83.0,0.0,96.0,0.0
86.0,0.0,97.0,0.0
144.0,0.0,95.0,0.0
86.0,0.0,97.0,0.0
87.0,0.0,97.0,0.0
85.0,0.0,95.0,0.0
85.0,0.0,92.0,0.0
79.0,0.0,96.0,0.0
85.0,0.0,96.0,0.0
88.0,0.0,93.0,0.0
86.0,0.0,98.0,0.0
87.0,0.0,98.0,0.0
92.0,0.0,98.0,0.0
91.0,0.0,93.0,0.0
109.5,10.606601717798213,95.5,0.7071067811865476
109.0,0.0,97.0,0.0
90.0,0.0,98.0,0.0
107.0,0.0,97.0,0.0
79.0,0.0,99.0,0.0
82.0,0.0,98.0,0.0
86.0,0.0,99.0,0.0
63.0,0.0,98.0,0.0
113.0,0.0,97.0,0.0
81.0,0.0,98.0,0.0
79.0,0.0,98.0,0.0
74.0,0.0,98.0,0.0
85.0,0.0,96.0,0.0
75.0,0.0,99.0,0.0
83.0,0.0,99.0,0.0
82.0,0.0,98.0,0.0
70.0,0.0,100.0,0.0
79.0,0.0,99.0,0.0
73.0,0.0,98.0,0.0
68.0,0.0,98.0,0.0
72.0,0.0,99.0,0.0
76.0,0.0,97.0,0.0
67.0,0.0,98.0,0.0
80.0,0.0,97.0,0.0
75.0,0.0,97.0,0.0
73.0,0.0,97.0,0.0
81.0,0.0,97.0,0.0
73.0,0.0,96.0,0.0
76.0,0.0,97.0,0.0
84.0,0.0,96.0,0.0
73.0,0.0,97.0,0.0
67.0,0.0,96.0,0.0
64.0,0.0,97.0,0.0
64.0,0.0,98.0,0.0
71.0,0.0,98.0,0.0
69.0,0.0,99.0,0.0
66.0,0.0,97.0,0.0
69.0,0.0,97.0,0.0
73.0,0.0,100.0,0.0
79.0,0.0,94.0,0.0
76.0,0.0,97.0,0.0
71.0,0.0,97.0,0.0
71.0,0.0,98.0,0.0
75.0,0.0,96.0,0.0
82.0,0.0,96.0,0.0
75.0,0.0,96.0,0.0
74.0,0.0,95.0,0.0
73.0,0.0,96.0,0.0
86.0,0.0,93.0,0.0
77.0,0.0,98.0,0.0
75.0,0.0,97.0,0.0
74.0,0.0,98.0,0.0
71.0,0.0,99.0,0.0
73.0,0.0,97.0,0.0
67.0,0.0,98.0,0.0
75.0,0.0,99.0,0.0
82.0,0.0,95.0,0.0
82.0,0.0,96.0,0.0
82.0,0.0,97.0,0.0
79.0,0.0,94.0,0.0
76.0,0.0,99.0,0.0
79.0,0.0,98.0,0.0
73.0,0.0,97.0,0.0
72.0,0.0,94.0,0.0
84.0,0.0,90.0,0.0
78.0,0.0,94.0,0.0
83.0,0.0,95.0,0.0
84.0,0.0,97.0,0.0
79.0,0.0,96.0,0.0
82.0,0.0,97.0,0.0
85.0,0.0,96.0,0.0
80.0,0.0,96.0,0.0
86.0,0.0,100.0,0.0
76.0,0.0,98.0,0.0
73.0,0.0,100.0,0.0
78.0,0.0,98.0,0.0
79.0,0.0,99.0,0.0
86.0,0.0,98.0,0.0
85.0,0.0,99.0,0.0
84.0,0.0,97.0,0.0
85.0,0.0,89.0,0.0
74.0,0.0,97.0,0.0
87.0,0.0,95.0,0.0
87.0,0.0,96.0,0.0
87.0,0.0,92.0,0.0
80.0,0.0,96.0,0.0
73.0,0.0,99.0,0.0
83.0,0.0,100.0,0.0
83.0,0.0,96.0,0.0
84.0,0.0,94.0,0.0
83.0,0.0,95.0,0.0
76.0,0.0,95.0,0.0
68.0,0.0,93.0,0.0
71.0,0.0,99.0,0.0
69.0,0.0,98.0,0.0
63.0,0.0,98.0,0.0
67.0,0.0,97.0,0.0
72.0,0.0,98.0,0.0
65.0,0.0,100.0,0.0
65.0,0.0,99.0,0.0
68.0,0.0,100.0,0.0
58.0,0.0,97.0,0.0
58.0,0.0,100.0,0.0
55.0,0.0,100.0,0.0
56.0,0.0,100.0,0.0
58.0,0.0,99.0,0.0
68.0,0.0,97.0,0.0
67.0,0.0,97.0,0.0
63.0,0.0,99.0,0.0
73.0,0.0,75.0,0.0
66.0,0.0,99.0,0.0
66.0,0.0,100.0,0.0
73.0,0.0,100.0,0.0
75.0,0.0,99.0,0.0
70.0,0.0,100.0,0.0
65.0,0.0,100.0,0.0
66.0,0.0,100.0,0.0
63.0,0.0,99.0,0.0
65.0,0.0,100.0,0.0
70.0,0.0,100.0,0.0
66.0,0.0,99.0,0.0
78.0,0.0,95.0,0.0
77.0,0.0,96.0,0.0
71.0,0.0,95.0,0.0
72.0,0.0,90.0,0.0
83.0,0.0,80.0,0.0
92.0,0.0,45.0,0.0
51.0,0.0,81.0,0.0
102.0,1.4142135623730951,96.0,0.0
101.0,0.0,96.0,0.0
93.0,0.0,99.0,0.0
95.0,0.0,99.0,0.0
96.0,0.0,97.0,0.0
89.0,0.0,98.0,0.0
101.0,0.0,97.0,0.0
75.0,0.0,93.0,0.0
81.0,0.0,96.0,0.0
92.0,0.0,96.0,0.0
93.0,0.0,97.0,0.0
90.0,0.0,97.0,0.0
96.0,0.0,97.0,0.0
89.0,0.0,96.0,0.0
85.0,0.0,96.0,0.0
88.0,0.0,97.0,0.0
98.0,0.0,96.0,0.0
97.0,0.0,96.0,0.0
91.0,0.0,96.0,0.0
79.0,0.0,94.0,0.0
89.0,0.0,96.0,0.0
91.0,0.0,96.0,0.0
92.0,0.0,97.0,0.0
97.0,0.0,97.0,0.0
112.0,0.0,80.0,0.0
110.0,0.0,96.0,0.0
116.0,0.0,97.0,0.0
106.0,0.0,98.0,0.0
114.0,0.0,96.0,0.0
120.0,0.0,99.0,0.0
113.0,0.0,97.0,0.0
113.0,0.0,98.0,0.0
120.0,0.0,97.0,0.0
136.0,0.0,98.0,0.0
118.0,0.0,94.0,0.0
116.0,0.0,95.0,0.0
113.0,0.0,95.0,0.0
116.0,0.0,93.0,0.0
108.0,0.0,95.0,0.0
109.0,0.0,92.0,0.0
109.0,0.0,94.0,0.0
110.0,0.0,93.0,0.0
103.0,0.0,93.0,0.0
100.0,0.0,95.0,0.0
102.0,0.0,97.0,0.0
106.0,0.0,94.0,0.0
112.0,0.0,97.0,0.0
106.0,0.0,96.0,0.0
97.0,0.0,95.0,0.0
90.0,0.0,94.0,0.0
94.0,0.0,95.0,0.0
89.0,0.0,98.0,0.0
85.0,0.0,96.0,0.0
87.0,0.0,90.0,0.0
89.0,0.0,98.0,0.0
93.0,0.0,95.0,0.0
92.0,0.0,93.0,0.0
96.0,0.0,93.0,0.0
95.0,0.0,99.0,0.0
96.0,0.0,95.0,0.0
103.5,0.7071067811865476,97.0,0.0
107.0,0.0,96.0,0.0
108.0,0.0,97.0,0.0
111.8,5.357238094391549,95.0,1.224744871391589
106.8,2.280350850198276,96.6,1.1401754250991387
113.0,5.477225575051662,93.8,2.167948338867881
126.25,6.7515430335097015,96.25,1.2583057392117902
119.0,0.0,97.0,0.0
113.0,0.0,96.0,0.0
104.0,0.0,99.0,0.0
106.0,0.0,100.0,0.0
107.0,0.0,99.0,0.0
102.0,0.0,98.0,0.0
104.0,0.0,98.0,0.0
93.0,0.0,99.0,0.0
95.0,0.0,97.0,0.0
89.0,0.0,94.0,0.0
90.0,0.0,97.0,0.0
98.0,0.0,98.0,0.0
96.0,0.0,98.0,0.0
95.0,0.0,96.0,0.0
94.0,0.0,97.0,0.0
98.0,0.0,95.0,0.0
99.0,0.0,97.0,0.0
95.0,0.0,95.0,0.0
102.0,0.0,98.0,0.0
96.0,0.0,98.0,0.0
106.0,0.0,97.0,0.0
103.0,0.0,97.0,0.0
101.0,0.0,97.0,0.0
99.0,0.0,95.0,0.0
96.0,0.0,96.0,0.0
96.0,0.0,100.0,0.0
97.0,0.0,97.0,0.0
0.0,0.0,0.0,0.0
88.0,0.0,100.0,0.0
88.0,0.0,100.0,0.0
88.0,0.0,100.0,0.0
80.0,0.0,100.0,0.0
80.0,0.0,100.0,0.0
80.0,0.0,100.0,0.0
73.0,0.0,100.0,0.0
68.0,0.0,100.0,0.0
75.0,0.0,100.0,0.0
75.0,0.0,100.0,0.0
74.0,0.0,100.0,0.0
68.0,0.0,100.0,0.0
69.0,0.0,100.0,0.0
64.0,0.0,99.0,0.0
64.0,0.0,100.0,0.0
63.0,0.0,99.0,0.0
72.0,0.0,97.0,0.0
69.0,0.0,97.0,0.0
77.0,0.0,99.0,0.0
79.0,0.0,100.0,0.0
75.0,0.0,96.0,0.0
80.0,0.0,97.0,0.0
86.0,0.0,98.0,0.0
78.0,0.0,96.0,0.0
87.0,0.0,98.0,0.0
85.0,0.0,99.0,0.0
77.0,0.0,95.0,0.0
85.0,0.0,95.0,0.0
86.0,0.0,96.0,0.0
71.0,0.0,99.0,0.0
86.0,0.0,96.0,0.0
85.0,0.0,99.0,0.0
80.0,0.0,96.0,0.0
70.0,0.0,98.0,0.0
71.0,0.0,99.0,0.0
77.0,0.0,100.0,0.0
77.0,0.0,98.0,0.0
76.0,0.0,99.0,0.0
71.0,0.0,100.0,0.0
74.0,0.0,96.0,0.0
73.0,0.0,99.0,0.0
75.0,0.0,98.0,0.0
76.0,0.0,100.0,0.0
79.0,0.0,99.0,0.0
82.0,0.0,100.0,0.0
85.0,0.0,100.0,0.0
87.0,0.0,100.0,0.0
91.0,0.0,99.0,0.0
93.0,0.0,100.0,0.0
89.0,0.0,100.0,0.0
87.0,0.0,99.0,0.0
90.0,0.0,99.0,0.0
85.0,0.0,99.0,0.0
87.0,0.0,100.0,0.0
82.0,0.0,100.0,0.0
81.0,0.0,100.0,0.0
82.0,0.0,98.0,0.0
81.0,0.0,99.0,0.0
81.0,0.0,99.0,0.0
86.0,0.0,100.0,0.0
90.0,0.0,98.0,0.0
88.0,0.0,98.0,0.0
95.0,0.0,95.0,0.0
92.0,0.0,97.0,0.0
92.0,0.0,99.0,0.0
90.0,0.0,99.0,0.0
95.0,0.0,100.0,0.0
89.0,0.0,96.0,0.0
77.0,0.0,100.0,0.0
82.0,0.0,99.0,0.0
87.0,0.0,100.0,0.0
90.0,0.0,98.0,0.0
93.0,0.0,99.0,0.0
89.0,0.0,98.0,0.0
87.0,0.0,98.0,0.0
90.0,0.0,97.0,0.0
86.0,0.0,95.0,0.0
88.0,0.0,95.0,0.0
87.0,0.0,100.0,0.0
88.0,0.0,95.0,0.0
86.0,0.0,96.0,0.0
88.0,0.0,97.0,0.0
88.0,0.0,96.0,0.0
85.0,0.0,98.0,0.0
86.0,0.0,99.0,0.0
84.0,0.0,97.0,0.0
86.0,0.0,95.0,0.0
86.0,0.0,95.0,0.0
89.0,0.0,96.0,0.0
92.0,0.0,98.0,0.0
92.0,0.0,97.0,0.0
85.0,0.0,100.0,0.0
96.5,0.7071067811865476,96.0,0.0
100.0,0.0,97.0,0.0
101.0,0.0,99.0,0.0
86.0,0.0,97.0,0.0
89.0,0.0,98.0,0.0
83.0,0.0,97.0,0.0
76.0,0.0,97.0,0.0
85.0,0.0,97.0,0.0
76.0,0.0,96.0,0.0
83.0,0.0,95.0,0.0
79.0,0.0,95.0,0.0
76.0,0.0,98.0,0.0
76.0,0.0,98.0,0.0
75.0,0.0,96.0,0.0
72.0,0.0,96.0,0.0
76.0,0.0,96.0,0.0
82.0,0.0,97.0,0.0
75.0,0.0,96.0,0.0
91.0,0.0,92.0,0.0
77.0,0.0,96.0,0.0
82.0,0.0,97.0,0.0
73.0,0.0,99.0,0.0
77.0,0.0,97.0,0.0
72.0,0.0,95.0,0.0
72.0,0.0,96.0,0.0
71.0,0.0,99.0,0.0
72.0,0.0,97.0,0.0
72.0,0.0,96.0,0.0
83.0,0.0,99.0,0.0
75.0,0.0,100.0,0.0
72.0,0.0,99.0,0.0
74.0,0.0,97.0,0.0
72.0,0.0,93.0,0.0
70.0,0.0,98.0,0.0
81.0,0.0,96.0,0.0
87.0,0.0,93.0,0.0
82.0,0.0,100.0,0.0
83.0,0.0,96.0,0.0
80.0,0.0,99.0,0.0
83.0,0.0,99.0,0.0
111.0,0.0,98.0,0.0
107.0,0.0,99.0,0.0
108.0,0.0,99.0,0.0
109.0,0.0,97.0,0.0
114.0,0.0,96.0,0.0
120.0,0.0,96.0,0.0
119.0,0.0,96.0,0.0
118.0,0.0,95.0,0.0
118.0,0.0,98.0,0.0
118.0,0.0,98.0,0.0
110.0,0.0,98.0,0.0
105.0,0.0,97.0,0.0
111.0,0.0,96.0,0.0
104.0,0.0,97.0,0.0
105.0,0.0,96.0,0.0
99.0,0.0,97.0,0.0
100.0,0.0,98.0,0.0
109.0,0.0,97.0,0.0
107.0,0.0,98.0,0.0
105.0,0.0,97.0,0.0
105.0,0.0,97.0,0.0
92.0,0.0,98.0,0.0
108.0,0.0,97.0,0.0
100.0,0.0,98.0,0.0
109.0,0.0,96.0,0.0
110.0,0.0,96.0,0.0
113.0,0.0,100.0,0.0
114.0,0.0,100.0,0.0
109.0,0.0,100.0,0.0
109.0,0.0,100.0,0.0
110.0,0.0,100.0,0.0
109.0,0.0,100.0,0.0
112.0,0.0,98.0,0.0
104.0,0.0,100.0,0.0
107.0,0.0,99.0,0.0
105.0,0.0,98.0,0.0
98.0,0.0,99.0,0.0
100.0,0.0,99.0,0.0
92.0,0.0,100.0,0.0
88.0,0.0,100.0,0.0
91.0,0.0,100.0,0.0
91.0,0.0,100.0,0.0
96.0,0.0,99.0,0.0
90.0,0.0,100.0,0.0
91.0,0.0,99.0,0.0
90.0,0.0,98.0,0.0
92.0,0.0,93.0,0.0
97.0,0.0,96.0,0.0
91.0,0.0,100.0,0.0
97.0,0.0,100.0,0.0
94.5,0.7071067811865476,98.0,0.0
85.0,0.0,98.0,0.0
87.0,0.0,99.0,0.0
91.0,0.0,98.0,0.0
83.0,0.0,98.0,0.0
90.0,0.0,98.0,0.0
90.0,0.0,96.0,0.0
90.0,0.0,95.0,0.0
84.0,0.0,96.0,0.0
86.0,0.0,97.0,0.0
84.0,0.0,96.0,0.0
81.0,0.0,96.0,0.0
90.0,0.0,97.0,0.0
87.0,0.0,96.0,0.0
83.0,0.0,96.0,0.0
104.0,0.0,100.0,0.0
93.0,0.0,100.0,0.0
82.0,0.0,97.0,0.0
89.0,0.0,98.0,0.0
99.0,0.0,98.0,0.0
87.0,0.0,99.0,0.0
91.0,0.0,98.0,0.0
93.0,0.0,98.0,0.0
75.0,0.0,86.0,0.0
106.0,0.0,91.0,0.0
106.0,0.0,82.0,0.0
83.0,0.0,87.0,0.0
80.0,0.0,90.0,0.0
80.0,0.0,87.0,0.0
72.0,0.0,89.0,0.0
72.0,0.0,85.0,0.0
69.0,0.0,91.0,0.0
71.0,0.0,94.0,0.0
74.0,0.0,86.0,0.0
69.0,0.0,96.0,0.0
71.0,0.0,92.0,0.0
69.0,0.0,91.0,0.0
70.0,0.0,89.0,0.0
74.0,0.0,89.0,0.0
70.0,0.0,86.0,0.0
72.0,0.0,86.0,0.0
69.0,0.0,79.0,0.0
65.0,0.0,81.0,0.0
61.0,0.0,77.0,0.0
78.0,0.0,96.0,0.0
67.0,0.0,83.0,0.0
77.0,0.0,82.0,0.0
71.0,0.0,83.0,0.0
72.0,0.0,84.0,0.0
73.0,0.0,84.0,0.0
72.0,0.0,84.0,0.0
78.0,0.0,66.0,0.0
100.0,0.0,100.0,0.0
100.0,0.0,100.0,0.0
105.0,0.0,100.0,0.0
113.0,0.0,95.0,0.0
118.0,0.0,94.0,0.0
118.0,0.0,99.0,0.0
109.0,0.0,100.0,0.0
114.0,0.0,97.0,0.0
114.0,0.0,97.0,0.0
111.0,0.0,100.0,0.0
113.0,0.0,100.0,0.0
117.0,0.0,100.0,0.0
111.0,0.0,100.0,0.0
110.0,0.0,100.0,0.0
104.0,0.0,100.0,0.0
101.0,0.0,100.0,0.0
95.0,0.0,100.0,0.0
102.0,0.0,99.0,0.0
103.0,0.0,96.0,0.0
92.0,0.0,100.0,0.0
83.0,0.0,100.0,0.0
84.0,0.0,100.0,0.0
85.0,0.0,92.0,0.0
78.0,0.0,95.0,0.0
82.5,2.1213203435596424,94.5,2.1213203435596424
79.0,0.0,94.0,0.0
78.0,0.0,96.0,0.0
86.0,0.0,94.0,0.0
80.0,0.0,92.0,0.0
82.0,0.0,91.0,0.0
81.0,0.0,94.0,0.0
78.0,0.0,94.0,0.0
78.0,0.0,95.0,0.0
90.0,0.0,88.0,0.0
76.0,0.0,94.0,0.0
80.0,0.0,96.0,0.0
81.0,0.0,98.0,0.0
88.0,0.0,98.0,0.0
85.0,0.0,96.0,0.0
86.0,0.0,96.0,0.0
92.0,0.0,89.0,0.0
89.0,0.0,91.0,0.0
94.0,0.0,93.0,0.0
94.0,0.0,94.0,0.0
89.0,0.0,95.0,0.0
88.0,0.0,93.0,0.0
89.0,0.0,97.0,0.0
85.0,0.0,95.0,0.0
80.0,0.0,95.0,0.0
82.0,0.0,96.0,0.0
82.0,0.0,97.0,0.0
82.0,0.0,96.0,0.0
78.0,0.0,97.0,0.0
77.0,0.0,97.0,0.0
83.0,0.0,98.0,0.0
83.0,0.0,94.0,0.0
86.0,0.0,97.0,0.0
87.0,0.0,94.0,0.0
87.0,0.0,96.0,0.0
89.0,0.0,98.0,0.0
88.0,0.0,99.0,0.0
88.0,0.0,99.0,0.0
87.0,0.0,99.0,0.0
85.0,0.0,98.0,0.0
86.0,0.0,98.0,0.0
87.0,0.0,96.0,0.0
90.0,0.0,97.0,0.0
92.0,0.0,97.0,0.0
90.0,0.0,94.0,0.0
91.0,0.0,98.0,0.0
97.0,0.0,92.0,0.0
92.0,0.0,97.0,0.0
90.0,0.0,94.0,0.0
91.0,0.0,95.0,0.0
91.0,0.0,95.0,0.0
90.0,0.0,97.0,0.0
86.0,0.0,97.0,0.0
85.0,0.0,95.0,0.0
76.0,0.0,97.0,0.0
77.0,0.0,97.0,0.0
79.0,0.0,97.0,0.0
72.0,0.0,97.0,0.0
71.0,0.0,98.0,0.0
69.0,0.0,97.0,0.0
63.0,0.0,97.0,0.0
65.0,0.0,97.0,0.0
69.0,0.0,97.0,0.0
86.0,0.0,99.0,0.0
61.0,0.0,97.0,0.0
82.0,0.0,96.0,0.0
67.0,0.0,95.0,0.0
66.0,0.0,96.0,0.0
87.0,0.0,93.0,0.0
79.0,0.0,94.0,0.0
80.0,0.0,96.0,0.0
73.0,0.0,97.0,0.0
83.0,0.0,94.0,0.0
82.0,0.0,94.0,0.0
81.0,0.0,94.0,0.0
96.0,0.0,91.0,0.0
93.0,0.0,92.0,0.0
87.0,0.0,94.0,0.0
88.0,0.0,94.0,0.0
92.0,0.0,93.0,0.0
84.0,0.0,96.0,0.0
85.0,0.0,95.0,0.0
89.0,0.0,96.0,0.0
84.0,0.0,96.0,0.0
88.0,0.0,96.0,0.0
87.0,0.0,96.0,0.0
93.0,0.0,96.0,0.0
90.0,0.0,95.0,0.0
97.0,0.0,94.0,0.0
89.0,0.0,94.0,0.0
87.0,0.0,96.0,0.0
92.0,0.0,94.0,0.0
91.0,0.0,94.0,0.0
93.0,0.0,95.0,0.0
97.0,0.0,93.0,0.0
94.0,0.0,96.0,0.0
88.0,0.0,96.0,0.0
88.0,0.0,96.0,0.0
90.0,0.0,95.0,0.0
90.0,0.0,97.0,0.0
88.0,0.0,97.0,0.0
86.0,0.0,96.0,0.0
88.0,0.0,95.0,0.0
93.0,0.0,95.0,0.0
96.0,0.0,96.0,0.0
93.0,0.0,97.0,0.0
84.0,0.0,99.0,0.0
85.0,0.0,100.0,0.0
88.0,0.0,100.0,0.0
87.0,0.0,100.0,0.0
87.0,0.0,100.0,0.0
86.0,0.0,100.0,0.0
85.0,0.0,100.0,0.0
85.0,0.0,100.0,0.0
86.0,0.0,100.0,0.0
86.0,0.0,100.0,0.0
84.0,0.0,97.0,0.0
93.0,0.0,99.0,0.0
96.0,0.0,99.0,0.0
96.0,0.0,99.0,0.0
96.0,0.0,100.0,0.0
97.0,0.0,100.0,0.0
96.0,0.0,100.0,0.0
95.0,0.0,100.0,0.0
92.0,0.0,100.0,0.0
94.0,0.0,100.0,0.0
92.0,0.0,100.0,0.0
92.0,0.0,100.0,0.0
93.0,0.0,100.0,0.0
94.0,0.0,100.0,0.0
95.0,0.0,100.0,0.0
93.0,0.0,100.0,0.0
93.0,0.0,100.0,0.0
92.0,0.0,100.0,0.0
90.0,0.0,100.0,0.0
89.0,0.0,100.0,0.0
96.0,0.0,100.0,0.0
90.0,0.0,100.0,0.0
91.0,0.0,100.0,0.0
94.0,0.0,100.0,0.0
94.0,0.0,100.0,0.0
93.0,0.0,100.0,0.0
91.0,0.0,100.0,0.0
90.0,0.0,100.0,0.0
102.0,0.0,100.0,0.0
99.0,0.0,100.0,0.0
105.0,0.0,100.0,0.0
106.0,0.0,100.0,0.0
105.0,0.0,100.0,0.0
105.0,0.0,100.0,0.0
104.0,0.0,100.0,0.0
104.0,0.0,100.0,0.0
106.0,0.0,100.0,0.0
107.0,0.0,100.0,0.0
101.0,0.0,100.0,0.0
98.0,0.0,100.0,0.0
100.0,0.0,100.0,0.0
99.0,0.0,100.0,0.0
97.0,0.0,100.0,0.0
99.0,0.0,98.0,0.0
97.0,0.0,100.0,0.0
98.0,0.0,99.0,0.0
101.0,0.0,97.0,0.0
97.0,0.0,100.0,0.0
95.0,0.0,100.0,0.0
104.0,0.0,100.0,0.0
96.0,0.0,100.0,0.0
97.0,0.0,100.0,0.0
95.0,0.0,100.0,0.0
87.0,0.0,100.0,0.0
88.0,0.0,100.0,0.0
105.0,0.0,99.0,0.0
93.0,0.0,100.0,0.0
93.0,0.0,100.0,0.0
91.0,0.0,100.0,0.0
91.0,0.0,100.0,0.0
90.0,0.0,100.0,0.0
90.0,0.0,100.0,0.0
91.0,0.0,100.0,0.0
93.0,0.0,100.0,0.0
88.0,0.0,100.0,0.0
94.0,0.0,100.0,0.0
94.0,0.0,100.0,0.0
91.0,0.0,100.0,0.0
83.0,0.0,100.0,0.0
87.0,0.0,100.0,0.0
90.0,0.0,100.0,0.0
92.0,0.0,100.0,0.0
92.0,0.0,100.0,0.0
89.0,0.0,100.0,0.0
91.0,0.0,100.0,0.0
92.0,0.0,100.0,0.0
92.0,0.0,100.0,0.0
100.0,0.0,100.0,0.0
107.0,0.0,100.0,0.0
110.0,0.0,100.0,0.0
110.0,0.0,100.0,0.0
113.0,0.0,100.0,0.0
106.0,0.0,100.0,0.0
108.0,0.0,100.0,0.0
106.0,0.0,100.0,0.0
104.0,0.0,100.0,0.0
106.0,0.0,100.0,0.0
105.0,0.0,100.0,0.0
105.0,0.0,100.0,0.0
99.0,0.0,100.0,0.0
100.0,0.0,100.0,0.0
108.0,0.0,100.0,0.0
106.0,0.0,100.0,0.0
104.0,0.0,100.0,0.0
105.0,0.0,100.0,0.0
102.0,0.0,100.0,0.0
103.0,0.0,100.0,0.0
102.0,0.0,100.0,0.0
102.0,0.0,100.0,0.0
100.0,0.0,100.0,0.0
101.0,0.0,100.0,0.0
100.0,0.0,100.0,0.0
98.0,0.0,100.0,0.0
101.0,0.0,100.0,0.0
96.0,0.0,100.0,0.0
90.0,0.0,100.0,0.0
96.0,0.0,99.0,0.0
104.0,0.0,98.0,0.0
98.0,0.0,99.0,0.0
101.0,0.0,98.0,0.0
99.0,0.0,100.0,0.0
98.0,0.0,99.0,0.0
90.0,0.0,99.0,0.0
90.0,0.0,100.0,0.0
89.0,0.0,100.0,0.0
84.0,0.0,94.0,0.0
86.0,0.0,100.0,0.0
88.0,0.0,100.0,0.0
91.0,0.0,100.0,0.0
89.0,0.0,100.0,0.0
97.0,0.0,100.0,0.0
93.0,0.0,100.0,0.0
90.0,0.0,100.0,0.0
92.0,0.0,100.0,0.0
94.0,0.0,100.0,0.0
92.0,0.0,100.0,0.0
100.0,0.0,99.0,0.0
107.0,0.0,98.0,0.0
101.0,0.0,97.0,0.0
100.0,0.0,97.0,0.0
100.0,0.0,98.0,0.0
99.0,0.0,97.0,0.0
100.0,0.0,95.0,0.0
101.0,0.0,97.0,0.0
102.0,0.0,96.0,0.0
100.0,0.0,97.0,0.0
100.0,0.0,97.0,0.0
99.0,0.0,96.0,0.0
103.0,0.0,95.0,0.0
105.0,0.0,96.0,0.0
107.0,0.0,97.0,0.0
104.0,0.0,98.0,0.0
102.0,0.0,97.0,0.0
100.0,0.0,99.0,0.0
101.0,0.0,98.0,0.0
98.0,0.0,96.0,0.0
99.0,0.0,98.0,0.0
100.0,0.0,99.0,0.0
99.0,0.0,99.0,0.0
98.0,0.0,98.0,0.0
98.0,0.0,99.0,0.0
97.0,0.0,99.0,0.0
98.0,0.0,100.0,0.0
103.0,0.0,100.0,0.0
96.0,0.0,100.0,0.0
94.0,0.0,100.0,0.0
97.0,0.0,100.0,0.0
100.0,0.0,99.0,0.0
99.0,0.0,99.0,0.0
99.0,0.0,99.0,0.0
102.0,0.0,99.0,0.0
105.0,0.0,98.0,0.0
110.0,0.0,98.0,0.0
112.0,0.0,97.0,0.0
116.0,0.0,98.0,0.0
118.0,0.0,95.0,0.0
117.0,0.0,97.0,0.0
112.0,0.0,96.0,0.0
116.0,0.0,94.0,0.0
116.0,0.0,97.0,0.0
120.0,0.0,98.0,0.0
117.0,0.0,99.0,0.0
120.0,0.0,99.0,0.0
119.0,0.0,99.0,0.0
117.0,0.0,94.0,0.0
111.0,0.0,97.0,0.0
116.0,0.0,96.0,0.0
117.0,0.0,97.0,0.0
113.0,0.0,98.0,0.0
119.0,0.0,99.0,0.0
115.0,0.0,98.0,0.0
112.0,0.0,99.0,0.0
111.0,0.0,99.0,0.0
109.0,0.0,99.0,0.0
106.0,0.0,100.0,0.0
99.0,0.0,100.0,0.0
97.0,0.0,100.0,0.0
96.0,0.0,100.0,0.0
93.0,0.0,99.0,0.0
92.0,0.0,100.0,0.0
91.0,0.0,100.0,0.0
95.0,0.0,99.0,0.0
95.0,0.0,100.0,0.0
84.0,0.0,99.0,0.0
91.0,0.0,98.0,0.0
88.0,0.0,99.0,0.0
90.0,0.0,98.0,0.0
101.0,0.0,100.0,0.0
107.0,0.0,96.0,0.0
114.0,0.0,95.0,0.0
104.0,0.0,96.0,0.0
96.0,0.0,96.0,0.0
100.0,0.0,94.0,0.0
101.0,0.0,97.0,0.0
107.0,0.0,95.0,0.0
118.0,0.0,94.0,0.0
113.0,0.0,96.0,0.0
108.0,0.0,96.0,0.0
100.0,0.0,99.0,0.0
99.0,0.0,98.0,0.0
94.0,0.0,100.0,0.0
96.0,0.0,100.0,0.0
97.0,0.0,100.0,0.0
95.0,0.0,100.0,0.0
93.0,0.0,99.0,0.0
92.0,0.0,99.0,0.0
98.0,0.0,98.0,0.0
103.0,0.0,100.0,0.0
107.0,0.0,100.0,0.0
111.0,0.0,98.0,0.0
110.0,0.0,98.0,0.0
89.0,0.0,100.0,0.0
87.0,0.0,100.0,0.0
102.0,0.0,99.0,0.0
104.0,0.0,100.0,0.0
104.0,0.0,100.0,0.0
102.0,0.0,100.0,0.0
99.0,0.0,100.0,0.0
93.0,0.0,100.0,0.0
85.0,0.0,100.0,0.0
82.0,0.0,100.0,0.0
86.0,0.0,100.0,0.0
90.0,0.0,98.0,0.0
94.0,0.0,98.0,0.0
102.0,0.0,98.0,0.0
104.0,0.0,98.0,0.0
104.0,0.0,97.0,0.0
105.0,0.0,97.0,0.0
101.0,0.0,98.0,0.0
99.0,0.0,100.0,0.0
109.0,0.0,100.0,0.0
102.0,0.0,100.0,0.0
99.0,0.0,100.0,0.0
100.0,0.0,100.0,0.0
97.0,0.0,100.0,0.0
89.0,0.0,99.0,0.0
90.0,0.0,100.0,0.0
90.0,0.0,100.0,0.0
88.0,0.0,100.0,0.0
94.0,0.0,100.0,0.0
90.0,0.0,100.0,0.0
87.0,0.0,100.0,0.0
87.0,0.0,100.0,0.0
87.0,0.0,100.0,0.0
91.0,0.0,100.0,0.0
91.0,0.0,100.0,0.0
91.0,0.0,100.0,0.0
87.0,0.0,100.0,0.0
89.0,0.0,100.0,0.0
91.0,0.0,100.0,0.0
88.0,0.0,100.0,0.0
88.0,0.0,100.0,0.0
87.0,0.0,100.0,0.0
87.0,0.0,100.0,0.0
91.0,0.0,100.0,0.0
89.0,0.0,99.0,0.0
86.0,0.0,100.0,0.0
82.0,0.0,100.0,0.0
87.0,0.0,100.0,0.0
86.0,0.0,100.0,0.0
87.0,0.0,100.0,0.0
88.0,0.0,100.0,0.0
90.0,0.0,100.0,0.0
103.0,0.0,98.0,0.0
104.0,0.0,99.0,0.0
107.0,0.0,100.0,0.0
97.0,0.0,96.0,0.0
95.0,0.0,100.0,0.0
89.0,0.0,100.0,0.0
85.0,0.0,100.0,0.0
96.0,0.0,98.0,0.0
76.0,0.0,99.0,0.0
89.0,0.0,99.0,0.0
79.0,0.0,100.0,0.0
76.0,0.0,99.0,0.0
77.0,0.0,98.0,0.0
81.0,0.0,99.0,0.0
89.0,0.0,100.0,0.0
83.0,0.0,98.0,0.0
77.0,0.0,97.0,0.0
80.0,0.0,98.0,0.0
100.0,0.0,97.0,0.0
90.0,0.0,98.0,0.0
87.0,0.0,100.0,0.0
87.0,0.0,100.0,0.0
89.0,0.0,99.0,0.0
81.0,0.0,100.0,0.0
84.0,0.0,100.0,0.0
80.0,0.0,100.0,0.0
73.0,0.0,100.0,0.0
82.0,0.0,100.0,0.0
80.0,0.0,100.0,0.0
81.0,0.0,100.0,0.0
76.0,0.0,100.0,0.0
79.0,0.0,100.0,0.0
81.0,0.0,100.0,0.0
84.0,0.0,100.0,0.0
82.0,0.0,100.0,0.0
84.0,0.0,100.0,0.0
82.0,0.0,99.0,0.0
81.0,0.0,99.0,0.0
84.0,0.0,100.0,0.0
87.0,0.0,100.0,0.0
88.0,0.0,99.0,0.0
90.0,0.0,100.0,0.0
95.0,0.0,100.0,0.0
94.0,0.0,100.0,0.0
91.0,0.0,99.0,0.0
95.0,0.0,100.0,0.0
100.0,0.0,100.0,0.0
97.0,0.0,100.0,0.0
99.0,0.0,98.0,0.0
99.0,0.0,99.0,0.0
103.0,0.0,100.0,0.0
102.0,0.0,100.0,0.0
102.0,0.0,100.0,0.0
99.0,0.0,98.0,0.0
100.0,0.0,98.0,0.0
103.0,0.0,100.0,0.0
99.0,0.0,97.0,0.0
97.0,0.0,97.0,0.0
94.0,0.0,97.0,0.0
96.0,0.0,99.0,0.0
94.0,0.0,97.0,0.0
93.0,0.0,100.0,0.0
96.0,0.0,100.0,0.0
95.0,0.0,100.0,0.0
100.0,0.0,100.0,0.0
91.0,0.0,98.0,0.0
95.0,0.0,100.0,0.0
93.0,0.0,99.0,0.0
96.0,0.0,100.0,0.0
98.0,0.0,100.0,0.0
91.0,0.0,98.0,0.0
92.0,0.0,100.0,0.0
93.0,0.0,100.0,0.0
95.0,0.0,100.0,0.0
95.0,0.0,100.0,0.0
94.0,0.0,100.0,0.0
92.0,0.0,100.0,0.0
92.0,0.0,100.0,0.0
93.0,0.0,100.0,0.0
95.0,0.0,100.0,0.0
98.0,0.0,100.0,0.0
93.0,0.0,100.0,0.0
98.0,0.0,100.0,0.0
91.0,0.0,100.0,0.0
95.0,0.0,100.0,0.0
98.0,0.0,98.0,0.0
94.0,0.0,100.0,0.0
91.0,0.0,100.0,0.0
91.0,0.0,100.0,0.0
93.0,0.0,100.0,0.0
88.0,0.0,99.0,0.0
87.0,0.0,99.0,0.0
89.0,0.0,100.0,0.0
88.0,0.0,100.0,0.0
88.0,0.0,100.0,0.0
92.0,0.0,100.0,0.0
93.0,0.0,100.0,0.0
93.0,0.0,99.0,0.0
92.0,0.0,99.0,0.0
94.0,0.0,100.0,0.0
92.0,0.0,100.0,0.0
88.0,0.0,99.0,0.0
96.0,0.0,98.0,0.0
98.0,0.0,100.0,0.0
95.0,0.0,100.0,0.0
94.0,0.0,100.0,0.0
98.0,0.0,97.0,0.0
98.0,0.0,99.0,0.0
98.0,0.0,100.0,0.0
99.0,0.0,99.0,0.0
100.0,0.0,100.0,0.0
101.0,0.0,99.0,0.0
99.0,0.0,100.0,0.0
102.0,0.0,93.0,0.0
97.0,0.0,100.0,0.0
94.0,0.0,100.0,0.0
92.0,0.0,100.0,0.0
91.0,0.0,100.0,0.0
92.0,0.0,100.0,0.0
89.0,0.0,100.0,0.0
88.0,0.0,100.0,0.0
93.0,0.0,100.0,0.0
95.0,0.0,100.0,0.0
98.0,0.0,100.0,0.0
99.0,0.0,100.0,0.0
96.0,0.0,100.0,0.0
94.0,0.0,100.0,0.0
91.0,0.0,100.0,0.0
93.0,0.0,100.0,0.0
93.0,0.0,100.0,0.0
88.0,0.0,100.0,0.0
84.0,0.0,98.0,0.0
91.0,0.0,100.0,0.0
89.0,0.0,99.0,0.0
90.0,0.0,100.0,0.0
88.0,0.0,100.0,0.0
94.0,0.0,100.0,0.0
97.0,0.0,100.0,0.0
95.0,0.0,100.0,0.0
97.0,0.0,98.0,0.0
94.0,0.0,100.0,0.0
96.0,0.0,99.0,0.0
95.0,0.0,100.0,0.0
97.0,0.0,99.0,0.0
96.0,0.0,99.0,0.0
100.0,0.0,99.0,0.0
102.0,0.0,100.0,0.0
99.0,0.0,100.0,0.0
98.0,0.0,100.0,0.0
100.0,0.0,100.0,0.0
97.0,0.0,96.0,0.0
94.0,0.0,97.0,0.0
96.0,0.0,100.0,0.0
92.0,0.0,100.0,0.0
95.0,0.0,99.0,0.0
93.0,0.0,99.0,0.0
98.0,0.0,100.0,0.0
100.0,0.0,99.0,0.0
99.0,0.0,99.0,0.0
97.0,0.0,100.0,0.0
99.0,0.0,97.0,0.0
95.0,0.0,100.0,0.0
93.0,0.0,100.0,0.0
92.0,0.0,99.0,0.0
93.0,0.0,98.0,0.0
97.0,0.0,98.0,0.0
93.0,0.0,99.0,0.0
94.0,0.0,99.0,0.0
89.0,0.0,98.0,0.0
92.0,0.0,98.0,0.0
96.0,0.0,97.0,0.0
92.0,0.0,97.0,0.0
97.0,0.0,95.0,0.0
90.0,0.0,95.0,0.0
102.0,0.0,97.0,0.0
101.0,0.0,97.0,0.0
102.0,0.0,98.0,0.0
112.0,0.0,98.0,0.0
103.0,0.0,98.0,0.0
94.0,0.0,99.0,0.0
92.0,0.0,99.0,0.0
89.0,0.0,100.0,0.0
92.0,0.0,98.0,0.0
89.0,0.0,96.0,0.0
94.0,0.0,96.0,0.0
93.0,0.0,97.0,0.0
87.0,0.0,100.0,0.0
97.0,0.0,98.0,0.0
98.0,0.0,100.0,0.0
96.0,0.0,100.0,0.0
98.0,0.0,100.0,0.0
96.0,0.0,100.0,0.0
87.0,0.0,100.0,0.0
96.0,0.0,100.0,0.0
99.0,0.0,100.0,0.0
93.0,0.0,100.0,0.0
95.0,0.0,100.0,0.0
98.0,0.0,100.0,0.0
100.0,0.0,100.0,0.0
92.0,0.0,100.0,0.0
89.0,0.0,100.0,0.0
90.0,0.0,100.0,0.0
97.0,0.0,97.0,0.0
91.0,0.0,100.0,0.0
95.0,0.0,100.0,0.0
95.0,0.0,100.0,0.0
98.0,0.0,100.0,0.0
87.0,0.0,100.0,0.0
98.0,0.0,100.0,0.0
94.0,0.0,100.0,0.0
90.0,0.0,99.0,0.0
94.0,0.0,100.0,0.0
98.0,0.0,100.0,0.0
100.0,0.0,100.0,0.0
107.0,0.0,100.0,0.0
100.0,0.0,100.0,0.0
97.0,0.0,100.0,0.0
100.0,0.0,100.0,0.0
100.0,0.0,100.0,0.0
96.0,0.0,100.0,0.0
97.0,0.0,100.0,0.0
98.0,0.0,100.0,0.0
101.0,0.0,100.0,0.0
85.0,0.0,100.0,0.0
99.0,0.0,100.0,0.0
101.0,0.0,100.0,0.0
100.0,0.0,100.0,0.0
90.0,0.0,99.0,0.0
88.0,0.0,100.0,0.0
89.0,0.0,99.0,0.0
98.0,0.0,100.0,0.0
100.0,0.0,99.0,0.0
101.0,0.0,100.0,0.0
99.0,0.0,100.0,0.0
96.0,0.0,100.0,0.0
92.0,0.0,100.0,0.0
91.0,0.0,99.0,0.0
95.0,0.0,100.0,0.0
93.0,0.0,100.0,0.0
88.0,0.0,100.0,0.0
88.0,0.0,100.0,0.0
87.0,0.0,100.0,0.0
85.0,0.0,96.0,0.0
93.0,0.0,100.0,0.0
80.0,0.0,99.0,0.0
84.0,0.0,99.0,0.0
87.0,0.0,100.0,0.0
84.0,0.0,100.0,0.0
89.0,0.0,100.0,0.0
93.0,0.0,100.0,0.0
98.0,0.0,99.0,0.0
98.0,0.0,100.0,0.0
92.0,0.0,100.0,0.0
99.0,0.0,100.0,0.0
101.0,0.0,100.0,0.0
101.0,0.0,99.0,0.0
103.0,0.0,98.0,0.0
107.0,0.0,99.0,0.0
108.0,0.0,99.0,0.0
95.0,0.0,97.0,0.0
98.0,0.0,97.0,0.0
116.0,0.0,98.0,0.0
110.0,0.0,97.0,0.0
102.0,0.0,97.0,0.0
107.0,0.0,99.0,0.0
107.0,0.0,99.0,0.0
110.0,0.0,99.0,0.0
107.0,0.0,98.0,0.0
100.0,0.0,99.0,0.0
89.0,0.0,98.0,0.0
89.0,0.0,100.0,0.0
86.0,0.0,99.0,0.0
85.0,0.0,99.0,0.0
94.0,0.0,99.0,0.0
92.0,0.0,98.0,0.0
98.0,0.0,98.0,0.0
95.0,0.0,99.0,0.0
95.0,0.0,98.0,0.0
92.0,0.0,99.0,0.0
94.0,0.0,99.0,0.0
93.0,0.0,99.0,0.0
92.0,0.0,99.0,0.0
87.0,0.0,100.0,0.0
100.0,0.0,99.0,0.0
97.0,0.0,100.0,0.0
104.0,0.0,100.0,0.0
97.0,0.0,100.0,0.0
95.0,0.0,100.0,0.0
95.0,0.0,100.0,0.0
105.0,0.0,99.0,0.0
102.0,0.0,100.0,0.0
99.0,0.0,100.0,0.0
104.0,0.0,99.0,0.0
100.0,0.0,99.0,0.0
103.0,0.0,100.0,0.0
101.0,0.0,99.0,0.0
96.0,0.0,100.0,0.0
96.0,0.0,100.0,0.0
101.0,0.0,100.0,0.0
104.0,0.0,99.0,0.0
102.0,0.0,100.0,0.0
102.0,0.0,100.0,0.0
101.0,0.0,100.0,0.0
95.0,0.0,99.0,0.0
94.0,0.0,99.0,0.0
94.0,0.0,100.0,0.0
95.0,0.0,99.0,0.0
95.0,0.0,99.0,0.0
93.0,0.0,100.0,0.0
98.0,0.0,100.0,0.0
100.0,0.0,97.0,0.0
101.0,0.0,99.0,0.0
100.0,0.0,99.0,0.0
101.0,0.0,100.0,0.0
96.0,0.0,99.0,0.0
98.0,0.0,100.0,0.0
102.0,0.0,100.0,0.0
98.0,0.0,98.0,0.0
93.0,0.0,98.0,0.0
96.0,0.0,100.0,0.0
97.0,0.0,99.0,0.0
92.0,0.0,100.0,0.0
84.0,0.0,100.0,0.0
91.0,0.0,100.0,0.0
89.0,0.0,100.0,0.0
83.0,0.0,98.0,0.0
90.0,0.0,100.0,0.0
89.0,0.0,99.0,0.0
92.0,0.0,100.0,0.0
84.0,0.0,100.0,0.0
89.0,0.0,100.0,0.0
88.0,0.0,100.0,0.0
91.0,0.0,100.0,0.0
91.0,0.0,100.0,0.0
89.0,0.0,99.0,0.0
89.0,0.0,100.0,0.0
90.0,0.0,100.0,0.0
93.0,0.0,100.0,0.0
90.0,0.0,100.0,0.0
91.0,0.0,100.0,0.0
91.0,0.0,100.0,0.0
91.0,0.0,100.0,0.0
97.0,0.0,100.0,0.0
95.0,0.0,96.0,0.0
93.0,0.0,97.0,0.0
104.0,0.0,98.0,0.0
95.0,0.0,97.0,0.0
90.0,0.0,98.0,0.0
92.0,0.0,96.0,0.0
32.0,0.0,98.0,0.0
31.0,0.0,95.0,0.0
32.0,0.0,94.0,0.0
31.0,0.0,96.0,0.0
54.0,0.0,95.0,0.0
54.0,0.0,100.0,0.0
55.0,0.0,96.0,0.0
57.0,0.0,98.0,0.0
65.0,0.0,99.0,0.0
63.0,0.0,99.0,0.0
62.0,0.0,100.0,0.0
66.0,0.0,99.0,0.0
69.0,0.0,100.0,0.0
63.0,0.0,95.0,0.0
56.0,0.0,99.0,0.0
74.0,0.0,98.0,0.0
149.0,0.0,94.0,0.0
134.0,0.0,88.0,0.0
132.0,0.0,96.0,0.0
130.0,0.0,96.0,0.0
130.0,0.0,98.0,0.0
128.0,0.0,98.0,0.0
122.0,0.0,99.0,0.0
113.0,0.0,95.0,0.0
118.0,0.0,97.0,0.0
116.0,0.0,97.0,0.0
157.0,0.0,96.0,0.0
153.0,0.0,98.0,0.0
133.0,0.0,97.0,0.0
127.0,0.0,98.0,0.0
113.0,0.0,99.0,0.0
115.0,0.0,98.0,0.0
121.0,0.0,96.0,0.0
107.0,0.0,99.0,0.0
100.0,0.0,98.0,0.0
100.0,0.0,99.0,0.0
95.0,0.0,99.0,0.0
95.0,0.0,96.0,0.0
94.0,0.0,98.0,0.0
95.0,0.0,97.0,0.0
88.0,0.0,99.0,0.0
92.0,0.0,98.0,0.0
86.0,0.0,97.0,0.0
85.0,0.0,98.0,0.0
88.0,0.0,97.0,0.0
88.0,0.0,98.0,0.0
89.0,0.0,94.0,0.0
88.0,0.0,95.0,0.0
90.0,0.0,94.0,0.0
90.0,0.0,94.0,0.0
97.0,0.0,98.0,0.0
104.0,0.0,98.0,0.0
98.0,0.0,99.0,0.0
99.0,0.0,97.0,0.0
98.0,0.0,96.0,0.0
97.0,0.0,96.0,0.0
100.0,0.0,94.0,0.0
96.0,0.0,97.0,0.0
101.0,0.0,96.0,0.0
102.0,0.0,99.0,0.0
102.0,0.0,96.0,0.0
99.0,0.0,100.0,0.0
100.0,0.0,99.0,0.0
110.0,0.0,92.0,0.0
104.0,0.0,95.0,0.0
103.0,0.0,96.0,0.0
102.0,0.0,97.0,0.0
100.0,0.0,99.0,0.0
94.0,0.0,100.0,0.0
102.0,0.0,97.0,0.0
97.0,0.0,97.0,0.0
92.0,0.0,96.0,0.0
132.0,0.0,90.0,0.0
105.0,0.0,90.0,0.0
96.0,0.0,98.0,0.0
87.0,0.0,98.0,0.0
85.0,0.0,97.0,0.0
88.0,0.0,100.0,0.0
88.0,0.0,97.0,0.0
85.0,0.0,98.0,0.0
83.0,0.0,98.0,0.0
95.0,0.0,96.0,0.0
83.0,0.0,97.0,0.0
92.0,0.0,96.0,0.0
87.0,0.0,96.0,0.0
87.0,0.0,97.0,0.0
86.0,0.0,97.0,0.0
91.0,0.0,96.0,0.0
88.0,0.0,98.0,0.0
87.0,0.0,96.0,0.0
91.0,0.0,93.0,0.0
88.0,0.0,96.0,0.0
79.0,0.0,99.0,0.0
82.0,0.0,98.0,0.0
88.0,0.0,96.0,0.0
78.0,0.0,99.0,0.0
80.0,0.0,98.0,0.0
92.0,0.0,97.0,0.0
81.0,0.0,97.0,0.0
77.0,0.0,96.0,0.0
87.0,0.0,98.0,0.0
94.0,0.0,96.0,0.0
92.0,0.0,94.0,0.0
105.0,0.0,98.0,0.0
91.0,0.0,100.0,0.0
99.0,0.0,98.0,0.0
104.0,0.0,95.0,0.0
97.0,0.0,98.0,0.0
94.0,0.0,100.0,0.0
92.0,0.0,97.0,0.0
90.0,0.0,97.0,0.0
85.0,0.0,98.0,0.0
79.0,0.0,98.0,0.0
73.0,0.0,98.0,0.0
95.0,0.0,96.0,0.0
76.0,0.0,96.0,0.0
73.0,0.0,95.0,0.0
70.0,0.0,94.0,0.0
85.0,0.0,95.0,0.0
79.0,0.0,94.0,0.0
96.0,0.0,94.0,0.0
70.0,0.0,97.0,0.0
94.0,0.0,95.0,0.0
92.0,0.0,97.0,0.0
82.0,0.0,100.0,0.0
85.0,0.0,97.0,0.0
92.0,0.0,96.0,0.0
83.0,0.0,96.0,0.0
81.0,0.0,96.0,0.0
73.0,0.0,98.0,0.0
77.0,0.0,98.0,0.0
77.0,0.0,99.0,0.0
